ts,id,rssi
2023-08-04 09:46:42,2,0
2023-08-04 09:46:48,1,-57
2023-08-04 09:46:48,2,-61
2023-08-04 09:48:12,2,-68
2023-08-04 09:48:18,2,-61
2023-08-04 09:48:42,1,-49
2023-08-04 09:48:48,2,-71
2023-08-04 09:48:54,1,-50
2023-08-04 09:49:00,2,-61
2023-08-04 09:49:12,1,-71
2023-08-04 09:49:18,1,-54
2023-08-04 09:49:36,1,-45
2023-08-04 09:49:42,1,-52
2023-08-04 09:49:42,2,-69
2023-08-04 09:49:54,2,-61
2023-08-04 09:50:18,1,-58
2023-08-04 09:50:24,1,-52
2023-08-04 09:50:48,1,-68
2023-08-04 09:50:54,1,-49
2023-08-04 09:51:24,2,-72
2023-08-04 09:51:36,2,-61
2023-08-04 09:51:48,2,-73
2023-08-04 09:51:54,1,-55
2023-08-04 09:52:06,2,-62
2023-08-04 09:52:24,2,-69
2023-08-04 09:52:30,2,-62
2023-08-04 09:52:36,1,-49
2023-08-04 09:52:42,1,-66
2023-08-04 09:52:48,1,-50
2023-08-04 09:53:30,2,-71
2023-08-04 09:53:36,1,-56
2023-08-04 09:53:36,2,-63
2023-08-04 09:53:42,1,-50
2023-08-04 09:53:48,1,-60
2023-08-04 09:53:54,1,-48
2023-08-04 09:54:06,2,-69
2023-08-04 09:54:12,1,-57
2023-08-04 09:54:36,1,-47
2023-08-04 09:54:36,2,-62
2023-08-04 09:54:48,1,-61
2023-08-04 09:54:48,2,-70
2023-08-04 09:54:54,1,-48
2023-08-04 09:55:12,2,-60
2023-08-04 09:55:18,2,-68
2023-08-04 09:55:24,2,-59
2023-08-04 09:55:30,1,-56
2023-08-04 09:55:30,2,-70
2023-08-04 09:55:36,2,-60
2023-08-04 09:55:48,2,-68
2023-08-04 09:55:54,2,-62
2023-08-04 09:56:06,1,-48
2023-08-04 09:56:18,1,-59
2023-08-04 09:56:18,2,-68
2023-08-04 09:56:24,2,-60
2023-08-04 09:56:30,1,-65
2023-08-04 09:56:36,1,-58
2023-08-04 09:56:43,1,-52
2023-08-04 09:57:01,1,-60
2023-08-04 09:57:25,2,-69
2023-08-04 09:57:37,2,-61
2023-08-04 09:57:43,1,-53
2023-08-04 09:57:55,2,-71
2023-08-04 09:58:13,2,-60
2023-08-04 09:58:25,2,-71
2023-08-04 09:58:43,1,-46
2023-08-04 09:58:43,2,-61
2023-08-04 09:58:49,1,-54
2023-08-04 09:59:01,1,-47
2023-08-04 09:59:01,2,-69
2023-08-04 09:59:07,1,-53
2023-08-04 09:59:07,2,-61
2023-08-04 09:59:13,2,-68
2023-08-04 09:59:25,2,-60
2023-08-04 10:00:01,2,-69
2023-08-04 10:00:19,1,-62
2023-08-04 10:00:19,2,-60
2023-08-04 10:00:25,1,-53
2023-08-04 10:00:31,1,-72
2023-08-04 10:00:37,1,-50
2023-08-04 10:02:07,1,-62
2023-08-04 10:02:13,1,-50
2023-08-04 10:02:31,2,-67
2023-08-04 10:02:37,2,-59
2023-08-04 10:02:43,2,-66
2023-08-04 10:02:49,1,-60
2023-08-04 10:02:55,1,-52
2023-08-04 10:03:19,2,-58
2023-08-04 10:03:55,1,-66
2023-08-04 10:04:01,1,-60
2023-08-04 10:04:07,1,-50
2023-08-04 10:04:13,1,-65
2023-08-04 10:04:13,2,-68
2023-08-04 10:04:19,1,-50
2023-08-04 10:04:31,2,-59
2023-08-04 10:04:43,2,-69
2023-08-04 10:04:55,1,-56
2023-08-04 10:04:55,2,-60
2023-08-04 10:05:07,1,-50
2023-08-04 10:05:37,1,-56
2023-08-04 10:05:44,1,-47
2023-08-04 10:05:56,1,-60
2023-08-04 10:05:56,2,-72
2023-08-04 10:06:02,2,-61
2023-08-04 10:06:08,1,-49
2023-08-04 10:06:26,1,-55
2023-08-04 10:06:44,2,-69
2023-08-04 10:06:50,2,-59
2023-08-04 10:07:14,2,-71
2023-08-04 10:07:20,2,-63
2023-08-04 10:07:38,1,-56
2023-08-04 10:07:44,1,-49
2023-08-04 10:07:50,1,-55
2023-08-04 10:07:50,2,-69
2023-08-04 10:08:14,2,-59
2023-08-04 10:08:20,2,-70
2023-08-04 10:08:38,1,-49
2023-08-04 10:08:44,2,-61
2023-08-04 10:08:50,1,-49
2023-08-04 10:09:02,1,-56
2023-08-04 10:09:14,2,-69
2023-08-04 10:09:20,2,-59
2023-08-04 10:09:26,1,-49
2023-08-04 10:09:32,2,-68
2023-08-04 10:09:38,2,-61
2023-08-04 10:11:02,1,-57
2023-08-04 10:11:14,1,-49
2023-08-04 10:11:38,2,-68
2023-08-04 10:11:44,2,-62
2023-08-04 10:11:50,2,-68
2023-08-04 10:12:14,2,0
2023-08-04 10:12:20,1,-57
2023-08-04 10:12:20,2,-69
2023-08-04 10:12:32,1,-49
2023-08-04 10:12:32,2,-62
2023-08-04 10:12:50,2,-69
2023-08-04 10:12:56,2,-60
2023-08-04 10:13:02,2,-68
2023-08-04 10:13:08,1,-56
2023-08-04 10:13:08,2,-61
2023-08-04 10:13:20,2,-67
2023-08-04 10:13:26,2,-60
2023-08-04 10:13:50,2,-69
2023-08-04 10:13:56,2,-61
2023-08-04 10:14:26,2,-70
2023-08-04 10:14:32,2,-64
2023-08-04 10:15:26,2,-70
2023-08-04 10:15:32,1,-48
2023-08-04 10:15:32,2,-61
2023-08-04 10:15:44,1,-56
2023-08-04 10:15:50,1,-48
2023-08-04 10:16:02,2,-70
2023-08-04 10:16:08,2,-60
2023-08-04 10:16:14,1,-56
2023-08-04 10:16:20,1,-49
2023-08-04 10:16:20,2,-70
2023-08-04 10:16:26,2,-60
2023-08-04 10:16:56,2,-70
2023-08-04 10:17:26,2,-62
2023-08-04 10:17:32,2,-70
2023-08-04 10:17:44,1,-56
2023-08-04 10:17:45,2,-60
2023-08-04 10:17:57,1,-48
2023-08-04 10:18:09,1,-56
2023-08-04 10:18:09,2,-71
2023-08-04 10:18:15,2,-61
2023-08-04 10:18:21,1,-49
2023-08-04 10:18:33,1,-56
2023-08-04 10:18:39,1,-48
2023-08-04 10:19:09,1,-58
2023-08-04 10:19:15,1,-49
2023-08-04 10:19:15,2,-70
2023-08-04 10:19:33,2,-61
2023-08-04 10:19:39,1,-57
2023-08-04 10:19:45,1,-48
2023-08-04 10:20:03,1,-56
2023-08-04 10:20:15,1,-48
2023-08-04 10:21:03,1,-61
2023-08-04 10:21:15,1,-48
2023-08-04 10:22:33,2,-69
2023-08-04 10:22:45,2,-63
2023-08-04 10:24:21,1,-65
2023-08-04 10:24:39,1,-51
2023-08-04 10:24:51,1,-64
2023-08-04 10:24:57,1,-52
2023-08-04 10:25:03,1,-64
2023-08-04 10:25:09,1,-47
2023-08-04 10:25:33,1,-63
2023-08-04 10:25:39,1,-48
2023-08-04 10:26:51,1,-60
2023-08-04 10:27:03,1,-48
2023-08-04 10:27:09,1,-54
2023-08-04 10:27:27,1,-48
2023-08-04 10:27:33,1,-54
2023-08-04 10:27:57,1,-48
2023-08-04 10:28:21,1,-54
2023-08-04 10:28:21,2,-70
2023-08-04 10:28:33,2,-63
2023-08-04 10:28:39,2,-75
2023-08-04 10:28:51,2,-59
2023-08-04 10:28:57,2,-67
2023-08-04 10:29:03,1,-47
2023-08-04 10:29:09,2,-60
2023-08-04 10:29:15,2,-70
2023-08-04 10:29:21,2,-61
2023-08-04 10:29:33,2,-68
2023-08-04 10:29:39,1,-53
2023-08-04 10:29:39,2,-61
2023-08-04 10:29:45,1,-45
2023-08-04 10:29:51,2,-70
2023-08-04 10:30:03,2,-61
2023-08-04 10:30:21,2,-70
2023-08-04 10:30:33,2,-63
2023-08-04 10:30:45,1,-51
2023-08-04 10:30:57,2,-70
2023-08-04 10:31:03,2,-63
2023-08-04 10:31:27,1,-59
2023-08-04 10:31:27,2,-70
2023-08-04 10:31:33,1,-50
2023-08-04 10:31:39,2,-61
2023-08-04 10:32:27,1,-56
2023-08-04 10:33:28,1,-49
2023-08-04 10:33:34,1,-60
2023-08-04 10:33:40,1,-50
2023-08-04 10:33:58,1,-56
2023-08-04 10:33:58,2,-70
2023-08-04 10:34:04,2,-60
2023-08-04 10:34:10,2,-70
2023-08-04 10:34:28,1,-66
2023-08-04 10:34:34,1,-44
2023-08-04 10:34:40,1,-57
2023-08-04 10:34:40,2,-58
2023-08-04 10:34:58,1,-66
2023-08-04 10:35:04,1,-57
2023-08-04 10:35:10,2,-71
2023-08-04 10:35:22,1,-46
2023-08-04 10:35:22,2,-59
2023-08-04 10:35:28,2,-72
2023-08-04 10:35:34,1,-57
2023-08-04 10:35:40,2,-58
2023-08-04 10:35:52,1,-46
2023-08-04 10:35:52,2,-69
2023-08-04 10:36:10,1,-58
2023-08-04 10:36:22,1,-52
2023-08-04 10:36:34,1,-45
2023-08-04 10:36:40,2,-62
2023-08-04 10:36:46,1,-56
2023-08-04 10:36:58,2,-73
2023-08-04 10:37:04,2,-59
2023-08-04 10:37:10,1,-46
2023-08-04 10:37:16,2,-68
2023-08-04 10:37:22,2,-61
2023-08-04 10:37:46,1,-55
2023-08-04 10:37:52,1,-46
2023-08-04 10:37:52,2,-67
2023-08-04 10:37:58,2,-59
2023-08-04 10:38:10,1,-55
2023-08-04 10:38:10,2,-70
2023-08-04 10:38:16,1,-46
2023-08-04 10:38:22,1,-53
2023-08-04 10:38:28,2,-59
2023-08-04 10:38:34,1,-46
2023-08-04 10:38:46,1,-52
2023-08-04 10:38:46,2,-69
2023-08-04 10:38:58,1,-45
2023-08-04 10:39:10,1,-53
2023-08-04 10:39:16,1,-44
2023-08-04 10:39:22,1,-54
2023-08-04 10:39:34,2,-58
2023-08-04 10:39:40,2,-67
2023-08-04 10:39:46,1,-61
2023-08-04 10:39:52,1,-44
2023-08-04 10:39:52,2,0
2023-08-04 10:39:58,2,-59
2023-08-04 10:40:04,1,-52
2023-08-04 10:40:04,2,-70
2023-08-04 10:40:22,1,-45
2023-08-04 10:40:28,1,-56
2023-08-04 10:40:28,2,-64
2023-08-04 10:40:34,1,-50
2023-08-04 10:40:46,2,-72
2023-08-04 10:40:58,1,-62
2023-08-04 10:41:16,1,-56
2023-08-04 10:41:22,1,-50
2023-08-04 10:41:22,2,-58
2023-08-04 10:41:28,1,-56
2023-08-04 10:41:28,2,-67
2023-08-04 10:41:46,1,-46
2023-08-04 10:41:52,1,-58
2023-08-04 10:41:58,2,-59
2023-08-04 10:42:10,1,-47
2023-08-04 10:42:16,1,-64
2023-08-04 10:42:22,1,-52
2023-08-04 10:42:34,1,-45
2023-08-04 10:42:40,1,-52
2023-08-04 10:42:46,1,-45
2023-08-04 10:42:52,1,-54
2023-08-04 10:42:58,2,-72
2023-08-04 10:43:10,2,-59
2023-08-04 10:43:28,1,-66
2023-08-04 10:43:28,2,-74
2023-08-04 10:43:34,1,-45
2023-08-04 10:43:34,2,-57
2023-08-04 10:43:46,1,-51
2023-08-04 10:43:58,1,-45
2023-08-04 10:44:34,1,-52
2023-08-04 10:44:52,2,-69
2023-08-04 10:44:58,1,-62
2023-08-04 10:44:58,2,-61
2023-08-04 10:45:04,1,-55
2023-08-04 10:45:04,2,-71
2023-08-04 10:45:16,2,-63
2023-08-04 10:45:22,1,-46
2023-08-04 10:45:28,1,-64
2023-08-04 10:45:28,2,-69
2023-08-04 10:45:34,1,-53
2023-08-04 10:45:34,2,-59
2023-08-04 10:45:40,2,-65
2023-08-04 10:45:46,2,-72
2023-08-04 10:45:58,2,-62
2023-08-04 10:46:04,2,-72
2023-08-04 10:46:10,2,-62
2023-08-04 10:46:28,2,-68
2023-08-04 10:46:47,2,-59
2023-08-04 10:46:53,1,-47
2023-08-04 10:46:53,2,-70
2023-08-04 10:47:11,1,-53
2023-08-04 10:47:11,2,-64
2023-08-04 10:47:17,1,-61
2023-08-04 10:47:29,1,-49
2023-08-04 10:47:41,1,-56
2023-08-04 10:47:59,1,-46
2023-08-04 10:48:05,1,-63
2023-08-04 10:48:11,1,-45
2023-08-04 10:48:29,2,-70
2023-08-04 10:48:35,1,-53
2023-08-04 10:48:35,2,-62
2023-08-04 10:48:41,1,-61
2023-08-04 10:48:47,1,-46
2023-08-04 10:48:53,1,-57
2023-08-04 10:48:59,1,-46
2023-08-04 10:49:23,1,-70
2023-08-04 10:49:29,1,-49
2023-08-04 10:49:29,2,-73
2023-08-04 10:49:35,2,-60
2023-08-04 10:49:47,2,-71
2023-08-04 10:49:53,1,-56
2023-08-04 10:49:53,2,-59
2023-08-04 10:49:59,1,-43
2023-08-04 10:50:05,2,-65
2023-08-04 10:50:11,2,-74
2023-08-04 10:50:17,2,-62
2023-08-04 10:50:23,2,-74
2023-08-04 10:50:29,1,-50
2023-08-04 10:50:29,2,-59
2023-08-04 10:50:35,1,-43
2023-08-04 10:51:05,2,-66
2023-08-04 10:51:11,1,-50
2023-08-04 10:51:17,2,-59
2023-08-04 10:51:53,2,-65
2023-08-04 10:52:05,1,-44
2023-08-04 10:52:11,1,-58
2023-08-04 10:52:23,1,-50
2023-08-04 10:52:41,1,-72
2023-08-04 10:52:53,1,-49
2023-08-04 10:52:59,1,-43
2023-08-04 10:52:59,2,-72
2023-08-04 10:53:05,2,-62
2023-08-04 10:53:11,1,-53
2023-08-04 10:53:11,2,-71
2023-08-04 10:53:17,2,-63
2023-08-04 10:53:35,2,-70
2023-08-04 10:53:41,1,-44
2023-08-04 10:53:47,1,-50
2023-08-04 10:53:53,1,-62
2023-08-04 10:54:11,1,-56
2023-08-04 10:54:17,1,-48
2023-08-04 10:54:23,2,-64
2023-08-04 10:54:29,2,-70
2023-08-04 10:54:41,1,-58
2023-08-04 10:54:41,2,-63
2023-08-04 10:54:47,1,-43
2023-08-04 10:54:53,1,-64
2023-08-04 10:54:59,2,-72
2023-08-04 10:55:05,1,-44
2023-08-04 10:55:06,2,-61
2023-08-04 10:55:11,1,-50
2023-08-04 10:55:11,2,-69
2023-08-04 10:55:17,2,-61
2023-08-04 10:55:29,1,-62
2023-08-04 10:55:41,1,-55
2023-08-04 10:55:59,2,-67
2023-08-04 10:56:11,2,-73
2023-08-04 10:56:17,1,-49
2023-08-04 10:56:17,2,-62
2023-08-04 10:56:23,1,-59
2023-08-04 10:56:53,1,-53
2023-08-04 10:57:17,2,-68
2023-08-04 10:57:36,2,-61
2023-08-04 10:57:48,1,-59
2023-08-04 10:57:54,1,-51
2023-08-04 10:58:00,1,-59
2023-08-04 10:58:06,2,-68
2023-08-04 10:58:12,1,-51
2023-08-04 10:58:18,1,-61
2023-08-04 10:58:30,1,-44
2023-08-04 10:58:36,1,-63
2023-08-04 10:58:42,2,-59
2023-08-04 10:58:54,1,-46
2023-08-04 10:58:54,2,-67
2023-08-04 10:59:00,1,-55
2023-08-04 10:59:12,1,-49
2023-08-04 10:59:18,2,-61
2023-08-04 10:59:24,1,-64
2023-08-04 10:59:24,2,-71
2023-08-04 10:59:30,1,-50
2023-08-04 10:59:36,1,-44
2023-08-04 10:59:42,1,-50
2023-08-04 10:59:42,2,-62
2023-08-04 10:59:54,1,-58
2023-08-04 11:00:00,1,-49
2023-08-04 11:00:30,1,-64
2023-08-04 11:00:36,1,-52
2023-08-04 11:00:36,2,-68
2023-08-04 11:01:00,1,-45
2023-08-04 11:01:00,2,-61
2023-08-04 11:01:06,2,-71
2023-08-04 11:01:12,2,-60
2023-08-04 11:01:18,1,-54
2023-08-04 11:01:24,1,-44
2023-08-04 11:01:30,1,-52
2023-08-04 11:01:36,1,-45
2023-08-04 11:01:36,2,-71
2023-08-04 11:01:42,2,-60
2023-08-04 11:02:06,2,-71
2023-08-04 11:02:12,1,-51
2023-08-04 11:02:12,2,-60
2023-08-04 11:02:24,1,-44
2023-08-04 11:02:36,2,-68
2023-08-04 11:02:42,1,-52
2023-08-04 11:02:42,2,-60
2023-08-04 11:02:48,1,-46
2023-08-04 11:03:12,2,-69
2023-08-04 11:03:18,1,-61
2023-08-04 11:03:18,2,-61
2023-08-04 11:03:24,1,-48
2023-08-04 11:03:54,2,-74
2023-08-04 11:04:00,2,-65
2023-08-04 11:04:24,2,-59
2023-08-04 11:04:42,2,-66
2023-08-04 11:05:00,2,-60
2023-08-04 11:05:12,1,-72
2023-08-04 11:05:18,1,-50
2023-08-04 11:05:18,2,-70
2023-08-04 11:05:30,1,-60
2023-08-04 11:05:30,2,-60
2023-08-04 11:05:36,2,-70
2023-08-04 11:05:42,1,-48
2023-08-04 11:05:42,2,-63
2023-08-04 11:06:00,2,0
2023-08-04 11:06:06,1,-55
2023-08-04 11:06:06,2,-63
2023-08-04 11:06:12,1,-48
2023-08-04 11:06:12,2,-75
2023-08-04 11:06:18,1,-61
2023-08-04 11:06:18,2,-65
2023-08-04 11:06:24,1,-55
2023-08-04 11:06:24,2,-59
2023-08-04 11:06:30,1,-47
2023-08-04 11:06:36,2,-67
2023-08-04 11:06:42,1,-56
2023-08-04 11:06:48,1,-70
2023-08-04 11:06:48,2,-61
2023-08-04 11:06:54,1,-47
2023-08-04 11:07:06,1,-53
2023-08-04 11:07:18,2,-68
2023-08-04 11:07:48,2,-62
2023-08-04 11:08:48,2,0
2023-08-04 11:08:54,2,-63
2023-08-04 11:08:54,1,-49
2023-08-04 11:09:06,2,-69
2023-08-04 11:09:12,2,-62
2023-08-04 11:09:12,1,-67
2023-08-04 11:09:24,1,-47
2023-08-04 11:09:30,1,-56
2023-08-04 11:09:36,2,-73
2023-08-04 11:09:36,1,-48
2023-08-04 11:09:42,2,-61
2023-08-04 11:09:54,2,-67
2023-08-04 11:10:04,1,-55
2023-08-04 11:10:06,1,-62
2023-08-04 11:10:12,1,-50
2023-08-04 11:10:24,1,-68
2023-08-04 11:10:30,1,-50
2023-08-04 11:10:42,2,-60
2023-08-04 11:10:48,1,-57
2023-08-04 11:10:54,1,-50
2023-08-04 11:11:36,1,-58
2023-08-04 11:11:42,2,-69
2023-08-04 11:11:43,1,-48
2023-08-04 11:11:48,2,-59
2023-08-04 11:12:12,2,-72
2023-08-04 11:12:18,2,-60
2023-08-04 11:12:30,1,-56
2023-08-04 11:12:36,1,-46
2023-08-04 11:12:43,1,-53
2023-08-04 11:12:49,1,-45
2023-08-04 11:12:54,1,-56
2023-08-04 11:13:00,1,-67
2023-08-04 11:13:06,1,-49
2023-08-04 11:13:31,1,-60
2023-08-04 11:13:37,1,-45
2023-08-04 11:13:49,1,-58
2023-08-04 11:14:07,1,-72
2023-08-04 11:14:13,1,-49
2023-08-04 11:14:25,1,-60
2023-08-04 11:14:37,1,-52
2023-08-04 11:14:43,2,-71
2023-08-04 11:14:43,1,-45
2023-08-04 11:14:49,1,-66
2023-08-04 11:14:55,1,-57
2023-08-04 11:15:01,2,-64
2023-08-04 11:15:01,1,-45
2023-08-04 12:22:52,1,0
2023-08-04 12:22:58,1,-50
2023-08-04 12:22:58,2,-58
2023-08-04 12:24:34,1,-56
2023-08-04 12:24:40,1,-47
2023-08-04 12:24:46,2,-74
2023-08-04 12:24:52,2,-58
2023-08-04 12:25:04,2,-72
2023-08-04 12:25:10,2,-60
2023-08-04 12:25:16,1,-54
2023-08-04 12:25:34,1,-48
2023-08-04 12:25:40,1,-54
2023-08-04 12:25:40,2,-72
2023-08-04 12:25:46,2,-59
2023-08-04 12:25:58,2,-71
2023-08-04 12:26:34,2,-57
2023-08-04 12:26:41,2,-72
2023-08-04 12:26:47,1,-46
2023-08-04 12:26:47,2,-58
2023-08-04 12:27:11,2,-69
2023-08-04 12:27:23,1,-55
2023-08-04 12:27:23,2,-60
2023-08-04 12:27:35,1,-45
2023-08-04 12:27:41,2,-72
2023-08-04 12:27:47,1,-57
2023-08-04 12:27:53,1,-47
2023-08-04 12:27:53,2,-60
2023-08-04 12:28:35,2,-73
2023-08-04 12:28:41,2,-58
2023-08-04 12:31:11,2,-70
2023-08-04 12:31:17,2,-58
2023-08-04 12:31:53,1,-60
2023-08-04 12:32:05,1,-51
2023-08-04 12:32:53,2,-73
2023-08-04 12:32:59,1,-45
2023-08-04 12:33:05,2,-58
2023-08-04 12:33:23,2,-72
2023-08-04 12:33:47,2,-57
2023-08-04 12:33:53,1,-52
2023-08-04 12:34:17,2,-72
2023-08-04 12:34:23,2,-58
2023-08-04 12:34:35,1,0
2023-08-04 12:34:41,1,-46
2023-08-04 12:34:47,2,-71
2023-08-04 12:34:53,2,-58
2023-08-04 12:35:53,1,-55
2023-08-04 12:36:05,1,-47
2023-08-04 12:36:53,1,-54
2023-08-04 12:37:29,1,-45
2023-08-04 12:37:41,2,-72
2023-08-04 12:37:47,1,-46
2023-08-04 12:37:47,2,-59
2023-08-04 12:38:17,2,-72
2023-08-04 12:38:35,2,-58
2023-08-04 12:39:05,2,-72
2023-08-04 12:39:11,1,-53
2023-08-04 12:39:12,2,-59
2023-08-04 12:39:29,2,-73
2023-08-04 12:39:35,2,-60
2023-08-04 12:40:00,1,-45
2023-08-04 12:40:30,1,-55
2023-08-04 12:40:42,1,-46
2023-08-04 12:41:06,1,-54
2023-08-04 12:41:12,1,-47
2023-08-04 12:41:18,2,-72
2023-08-04 12:41:24,2,-63
2023-08-04 12:41:30,2,-76
2023-08-04 12:41:48,2,-58
2023-08-04 12:42:24,2,-71
2023-08-04 12:42:30,2,-58
2023-08-04 12:42:54,1,-55
2023-08-04 12:43:00,1,-49
2023-08-04 12:44:42,1,-55
2023-08-04 12:45:00,1,-47
2023-08-04 12:45:06,2,-73
2023-08-04 12:45:12,2,-59
2023-08-04 12:45:36,1,-59
2023-08-04 12:45:42,1,-51
2023-08-04 12:45:42,2,-71
2023-08-04 12:45:48,1,-45
2023-08-04 12:45:54,1,-57
2023-08-04 12:46:00,1,-44
2023-08-04 12:46:00,2,-58
2023-08-04 12:46:06,1,-50
2023-08-04 12:46:36,2,-70
2023-08-04 12:46:42,1,-58
2023-08-04 12:46:48,1,-49
2023-08-04 12:46:48,2,-59
2023-08-04 12:47:42,1,-58
2023-08-04 12:48:00,1,-51
2023-08-04 12:48:24,2,-71
2023-08-04 12:48:36,2,-57
2023-08-04 12:49:06,2,-63
2023-08-04 12:49:42,1,-57
2023-08-04 12:49:54,2,-57
2023-08-04 12:50:06,1,-66
2023-08-04 12:50:12,1,-57
2023-08-04 12:50:24,2,-72
2023-08-04 12:50:30,1,-50
2023-08-04 12:50:42,1,-63
2023-08-04 12:50:42,2,-60
2023-08-04 12:50:54,1,-54
2023-08-04 12:51:06,1,-63
2023-08-04 12:51:12,1,-51
2023-08-04 12:51:12,2,-72
2023-08-04 12:51:24,2,-58
2023-08-04 12:51:36,2,-72
2023-08-04 12:51:43,1,-57
2023-08-04 12:51:43,2,-60
2023-08-04 12:52:18,1,-47
2023-08-04 12:53:01,1,-53
2023-08-04 12:54:01,2,-73
2023-08-04 12:54:07,2,-67
2023-08-04 12:54:13,2,-60
2023-08-04 12:54:43,1,-59
2023-08-04 12:54:49,1,-48
2023-08-04 12:54:55,2,-73
2023-08-04 12:55:01,1,-55
2023-08-04 12:55:01,2,-62
2023-08-04 12:55:31,1,-48
2023-08-04 12:55:55,1,-55
2023-08-04 12:56:31,1,-49
2023-08-04 12:57:01,1,-63
2023-08-04 12:57:07,1,-54
2023-08-04 12:57:13,2,-72
2023-08-04 12:57:19,2,-60
2023-08-04 12:57:31,1,-47
2023-08-04 12:57:37,2,-67
2023-08-04 12:57:55,1,-62
2023-08-04 12:58:01,2,-74
2023-08-04 12:58:13,2,-60
2023-08-04 12:58:43,2,-68
2023-08-04 12:58:49,2,-61
2023-08-04 12:59:25,1,-55
2023-08-04 12:59:31,1,-48
2023-08-04 12:59:37,2,-72
2023-08-04 12:59:49,1,-56
2023-08-04 12:59:49,2,-62
2023-08-04 12:59:55,1,-49
2023-08-04 12:59:55,2,-71
2023-08-04 13:00:01,2,-59
2023-08-04 13:00:07,2,-73
2023-08-04 13:00:13,2,-62
2023-08-04 13:00:19,2,-73
2023-08-04 13:00:37,1,-57
2023-08-04 13:00:37,2,-60
2023-08-04 13:00:43,1,-49
2023-08-04 13:00:43,2,-72
2023-08-04 13:00:55,2,-62
2023-08-04 13:01:32,2,-73
2023-08-04 13:01:37,2,-61
2023-08-04 13:02:32,2,0
2023-08-04 13:02:38,2,-61
2023-08-04 13:03:20,2,-74
2023-08-04 13:03:26,2,-58
2023-08-04 13:04:08,2,-73
2023-08-04 13:04:14,2,-58
2023-08-04 13:04:20,2,-73
2023-08-04 13:04:26,2,-58
2023-08-04 13:05:02,2,-74
2023-08-04 13:05:08,2,-58
2023-08-04 13:05:20,2,-74
2023-08-04 13:05:26,2,-58
2023-08-04 13:06:02,2,-71
2023-08-04 13:06:14,2,-61
2023-08-04 13:06:26,2,-74
2023-08-04 13:06:38,2,-61
2023-08-04 13:06:56,2,-74
2023-08-04 13:07:08,2,-61
2023-08-04 13:07:14,2,-73
2023-08-04 13:07:20,2,-58
2023-08-04 13:08:02,2,-73
2023-08-04 13:08:14,2,-61
2023-08-04 13:08:50,1,0
2023-08-04 13:08:56,1,-47
2023-08-04 13:15:09,2,-61
2023-08-04 13:15:51,2,-72
2023-08-04 13:15:57,2,-58
2023-08-04 13:16:39,2,-73
2023-08-04 13:16:45,2,-58
2023-08-04 13:22:03,2,-75
2023-08-04 13:22:09,2,-61
2023-08-04 13:22:15,2,-73
2023-08-04 13:22:27,2,-61
2023-08-04 13:22:51,2,-74
2023-08-04 13:22:57,2,-61
2023-08-04 13:23:03,2,-73
2023-08-04 13:23:27,2,-61
2023-08-04 13:25:33,2,-73
2023-08-04 13:25:39,2,-61
2023-08-04 13:27:33,1,-53
2023-08-04 13:28:45,1,-47
2023-08-04 13:31:16,2,-74
2023-08-04 13:31:22,2,-58
2023-08-04 13:31:40,1,-53
2023-08-04 13:31:46,1,-47
2023-08-04 13:32:28,1,-53
2023-08-04 13:32:34,2,-73
2023-08-04 13:32:40,2,-61
2023-08-04 13:34:34,1,-53
2023-08-04 13:34:46,1,-47
2023-08-04 13:35:34,1,-53
2023-08-04 13:35:52,2,-72
2023-08-04 13:35:58,1,-53
2023-08-04 13:35:58,2,-58
2023-08-04 13:36:40,1,-47
2023-08-04 13:37:52,1,-53
2023-08-04 13:38:04,2,-73
2023-08-04 13:38:10,2,-60
2023-08-04 13:38:16,1,-47
2023-08-04 13:38:40,1,-53
2023-08-04 13:39:04,1,-47
2023-08-04 13:39:28,1,-53
2023-08-04 13:40:04,1,-47
2023-08-04 13:40:16,1,-53
2023-08-04 13:40:22,1,-47
2023-08-04 13:40:28,1,-53
2023-08-04 13:40:40,1,-47
2023-08-04 13:40:52,2,-73
2023-08-04 13:40:58,2,-58
2023-08-04 13:41:46,2,-74
2023-08-04 13:41:52,2,-58
2023-08-04 13:42:34,2,-73
2023-08-04 13:42:46,2,-58
2023-08-04 13:42:52,2,-74
2023-08-04 13:42:58,2,-58
2023-08-04 13:43:58,2,-74
2023-08-04 13:44:04,2,-58
2023-08-04 13:44:46,1,-53
2023-08-04 13:44:52,1,-47
2023-08-04 13:45:16,1,-53
2023-08-04 13:45:28,1,-47
2023-08-04 13:45:34,2,-74
2023-08-04 13:45:40,2,-61
2023-08-04 13:46:10,2,-73
2023-08-04 13:46:16,2,-58
2023-08-04 13:46:29,2,-73
2023-08-04 13:46:34,2,-58
2023-08-04 13:46:59,1,-53
2023-08-04 13:47:11,1,-47
2023-08-04 13:47:17,1,-53
2023-08-04 13:48:59,1,-47
2023-08-04 13:49:05,2,-73
2023-08-04 13:49:11,2,-61
2023-08-04 13:49:41,1,-53
2023-08-04 13:50:17,2,-74
2023-08-04 13:50:23,2,-58
2023-08-04 13:50:35,1,-47
2023-08-04 13:50:47,1,-53
2023-08-04 13:51:05,2,-73
2023-08-04 13:51:17,2,-61
2023-08-04 13:51:23,1,-47
2023-08-04 13:51:29,2,-72
2023-08-04 13:51:35,1,-53
2023-08-04 13:51:41,2,-61
2023-08-04 13:51:47,1,-47
2023-08-04 13:51:53,2,-71
2023-08-04 13:51:59,1,-53
2023-08-04 13:52:05,2,-59
2023-08-04 13:52:35,1,-47
2023-08-04 13:53:53,2,-73
2023-08-04 13:53:59,2,-61
2023-08-04 13:54:05,2,-72
2023-08-04 13:54:11,1,-47
2023-08-04 13:54:35,2,-61
2023-08-04 13:54:41,2,-73
2023-08-04 13:54:47,1,-53
2023-08-04 13:54:47,2,-61
2023-08-04 13:54:53,2,-73
2023-08-04 13:55:11,2,-61
2023-08-04 13:55:17,2,-73
2023-08-04 13:55:35,2,-61
2023-08-04 13:55:41,1,-47
2023-08-04 13:55:47,1,-53
2023-08-04 13:55:59,2,-73
2023-08-04 13:56:11,2,-62
2023-08-04 13:56:17,1,-47
2023-08-04 13:56:17,2,-73
2023-08-04 13:56:23,1,-53
2023-08-04 13:56:23,2,-58
2023-08-04 13:56:41,1,-47
2023-08-04 13:56:59,1,-53
2023-08-04 13:56:59,2,-71
2023-08-04 13:57:05,1,-47
2023-08-04 13:57:05,2,-60
2023-08-04 13:58:11,1,-53
2023-08-04 13:59:17,1,-47
2023-08-04 13:59:48,2,-73
2023-08-04 13:59:54,2,-60
2023-08-04 14:00:06,2,-70
2023-08-04 14:00:18,2,-57
2023-08-04 14:00:36,1,-54
2023-08-04 14:00:36,2,-72
2023-08-04 14:00:42,1,-61
2023-08-04 14:00:48,1,-49
2023-08-04 14:00:48,2,-57
2023-08-04 14:01:00,1,-58
2023-08-04 14:01:06,1,-49
2023-08-04 14:01:24,1,-59
2023-08-04 14:01:30,1,-48
2023-08-04 14:01:42,2,-74
2023-08-04 14:02:00,2,-61
2023-08-04 14:03:18,2,-73
2023-08-04 14:03:24,2,-57
2023-08-04 14:03:54,2,-71
2023-08-04 14:04:06,2,-58
2023-08-04 14:04:24,2,-68
2023-08-04 14:04:36,2,-62
2023-08-04 14:04:42,2,-70
2023-08-04 14:04:48,2,-58
2023-08-04 14:04:54,1,-73
2023-08-04 14:05:00,1,-56
2023-08-04 14:05:42,1,-50
2023-08-04 14:05:54,1,-59
2023-08-04 14:06:00,1,-48
2023-08-04 14:06:06,1,-54
2023-08-04 14:07:06,2,-71
2023-08-04 14:07:12,2,-61
2023-08-04 14:07:54,1,-45
2023-08-04 14:08:00,1,-55
2023-08-04 14:08:12,1,-49
2023-08-04 14:08:36,2,0
2023-08-04 14:08:42,2,-57
2023-08-04 14:09:12,1,-64
2023-08-04 14:09:12,2,-68
2023-08-04 14:09:18,1,-50
2023-08-04 14:09:18,2,-60
2023-08-04 14:09:42,1,-59
2023-08-04 14:09:48,1,-45
2023-08-04 14:09:54,1,-52
2023-08-04 14:09:54,2,-69
2023-08-04 14:10:12,2,-58
2023-08-04 14:10:18,2,-70
2023-08-04 14:10:42,2,-63
2023-08-04 14:11:00,1,-45
2023-08-04 14:11:06,2,-74
2023-08-04 14:11:18,1,-62
2023-08-04 14:11:24,1,-48
2023-08-04 14:11:24,2,-60
2023-08-04 14:11:30,2,-68
2023-08-04 14:11:48,2,-58
2023-08-04 14:11:54,2,-66
2023-08-04 14:12:06,2,-59
2023-08-04 14:12:30,2,-65
2023-08-04 14:12:36,2,-58
2023-08-04 14:12:54,1,-60
2023-08-04 14:13:01,1,-50
2023-08-04 14:13:06,1,-59
2023-08-04 14:13:13,1,-48
2023-08-04 14:13:18,1,-66
2023-08-04 14:13:25,1,-58
2023-08-04 14:13:31,1,-47
2023-08-04 14:13:49,2,-68
2023-08-04 14:13:55,1,-57
2023-08-04 14:13:55,2,-59
2023-08-04 14:14:07,1,-46
2023-08-04 14:14:13,1,-68
2023-08-04 14:14:25,1,-53
2023-08-04 14:14:37,1,-70
2023-08-04 14:14:43,1,-63
2023-08-04 14:14:43,2,-73
2023-08-04 14:14:49,2,-57
2023-08-04 14:14:55,1,-46
2023-08-04 14:15:01,1,-53
2023-08-04 14:15:01,2,-71
2023-08-04 14:15:07,1,-47
2023-08-04 14:15:07,2,-64
2023-08-04 14:15:37,2,-70
2023-08-04 14:15:43,2,-60
2023-08-04 14:16:01,2,-73
2023-08-04 14:16:13,2,-59
2023-08-04 14:16:19,2,-70
2023-08-04 14:16:37,2,-60
2023-08-04 14:16:43,2,-69
2023-08-04 14:16:49,1,-58
2023-08-04 14:16:49,2,-58
2023-08-04 14:17:01,1,-45
2023-08-04 14:17:07,1,-60
2023-08-04 14:17:07,2,-70
2023-08-04 14:17:13,2,-59
2023-08-04 14:17:19,1,-51
2023-08-04 14:17:25,2,-73
2023-08-04 14:17:31,2,-58
2023-08-04 14:17:43,1,-45
2023-08-04 14:17:49,2,-64
2023-08-04 14:18:13,1,-53
2023-08-04 14:18:13,2,-58
2023-08-04 14:19:07,1,-45
2023-08-04 14:19:13,1,-59
2023-08-04 14:19:19,1,-48
2023-08-04 14:19:37,2,-65
2023-08-04 14:20:01,2,-59
2023-08-04 14:20:07,2,-70
2023-08-04 14:20:13,2,-58
2023-08-04 14:20:19,1,-54
2023-08-04 14:20:19,2,-67
2023-08-04 14:20:49,1,-48
2023-08-04 14:20:55,1,-64
2023-08-04 14:21:01,1,-49
2023-08-04 14:21:07,1,-55
2023-08-04 14:21:13,1,-47
2023-08-04 14:21:13,2,-61
2023-08-04 14:21:31,2,-68
2023-08-04 14:21:37,1,-57
2023-08-04 14:21:37,2,-60
2023-08-04 14:21:49,1,-46
2023-08-04 14:21:55,1,-52
2023-08-04 14:21:55,2,-71
2023-08-04 14:22:07,1,-45
2023-08-04 14:22:13,2,-59
2023-08-04 14:23:07,1,-51
2023-08-04 14:23:07,2,-68
2023-08-04 14:23:19,1,-44
2023-08-04 14:23:19,2,-60
2023-08-04 14:24:01,1,-54
2023-08-04 14:24:07,1,-46
2023-08-04 14:24:13,2,-73
2023-08-04 14:24:19,2,-59
2023-08-04 14:25:01,1,-52
2023-08-04 14:25:13,1,-65
2023-08-04 14:25:19,1,-47
2023-08-04 14:25:31,2,-71
2023-08-04 14:25:43,2,-63
2023-08-04 14:25:49,1,-60
2023-08-04 14:25:49,2,-69
2023-08-04 14:25:55,2,-62
2023-08-04 14:26:01,1,-46
2023-08-04 14:26:07,1,-69
2023-08-04 14:26:13,1,-53
2023-08-04 14:26:25,1,-60
2023-08-04 14:26:44,1,-45
2023-08-04 14:26:50,1,-56
2023-08-04 14:26:56,1,-50
2023-08-04 14:27:14,1,-64
2023-08-04 14:27:20,1,-52
2023-08-04 14:27:26,1,-58
2023-08-04 14:27:32,1,-44
2023-08-04 14:27:38,1,-52
2023-08-04 14:27:38,2,-68
2023-08-04 14:27:44,1,-46
2023-08-04 14:27:50,1,-58
2023-08-04 14:27:50,2,-62
2023-08-04 14:27:56,1,-46
2023-08-04 14:28:14,2,-70
2023-08-04 14:28:26,2,-62
2023-08-04 14:28:32,1,-52
2023-08-04 14:28:38,2,-72
2023-08-04 14:28:44,2,-63
2023-08-04 14:28:56,1,-72
2023-08-04 14:29:02,2,-71
2023-08-04 14:29:08,1,-46
2023-08-04 14:29:08,2,-65
2023-08-04 14:30:32,2,-59
2023-08-04 14:30:38,1,-62
2023-08-04 14:30:44,1,-45
2023-08-04 14:30:44,2,-65
2023-08-04 14:30:50,1,-51
2023-08-04 14:31:08,2,-59
2023-08-04 14:31:14,2,-65
2023-08-04 14:31:26,2,-59
2023-08-04 14:31:32,2,-65
2023-08-04 14:31:38,1,-64
2023-08-04 14:31:38,2,-59
2023-08-04 14:31:44,1,-44
2023-08-04 14:32:02,2,-66
2023-08-04 14:32:08,1,-50
2023-08-04 14:32:20,2,-72
2023-08-04 14:32:26,1,-44
2023-08-04 14:32:32,1,-50
2023-08-04 14:32:38,2,-66
2023-08-04 14:32:50,2,-73
2023-08-04 14:32:56,2,-57
2023-08-04 14:33:02,2,-66
2023-08-04 14:33:38,2,-59
2023-08-04 14:34:02,2,-72
2023-08-04 14:34:08,1,-59
2023-08-04 14:34:14,1,-51
2023-08-04 14:34:14,2,-63
2023-08-04 14:34:20,1,-59
2023-08-04 14:34:32,1,-51
2023-08-04 14:34:44,2,-69
2023-08-04 14:34:50,1,-57
2023-08-04 14:34:50,2,-58
2023-08-04 14:34:56,1,-50
2023-08-04 14:35:08,1,-59
2023-08-04 14:35:14,1,-49
2023-08-04 14:35:14,2,-73
2023-08-04 14:35:20,1,-55
2023-08-04 14:35:20,2,-61
2023-08-04 14:35:26,1,-49
2023-08-04 14:36:44,2,-69
2023-08-04 14:37:20,2,-79
2023-08-04 14:37:26,2,-64
2023-08-04 14:37:50,1,-43
2023-08-04 14:37:50,2,-74
2023-08-04 14:37:56,1,-50
2023-08-04 14:37:56,2,-67
2023-08-04 14:38:32,1,-56
2023-08-04 14:38:33,2,-60
2023-08-04 14:38:39,1,-49
2023-08-04 14:38:39,2,-71
2023-08-04 14:38:51,2,-64
2023-08-04 14:38:57,1,-43
2023-08-04 14:39:03,1,-52
2023-08-04 14:39:15,1,-67
2023-08-04 14:39:27,1,-49
2023-08-04 14:39:33,1,-59
2023-08-04 14:39:51,2,-71
2023-08-04 14:39:57,1,-52
2023-08-04 14:39:57,2,-59
2023-08-04 14:40:03,2,-67
2023-08-04 14:40:15,1,-46
2023-08-04 14:40:27,2,-58
2023-08-04 14:40:33,2,-71
2023-08-04 14:40:45,1,-61
2023-08-04 14:40:45,2,0
2023-08-04 14:40:51,1,-50
2023-08-04 14:40:57,1,-65
2023-08-04 14:40:57,2,-64
2023-08-04 14:41:03,2,-73
2023-08-04 14:41:09,1,-49
2023-08-04 14:41:09,2,-63
2023-08-04 14:41:15,1,-61
2023-08-04 14:41:21,1,-55
2023-08-04 14:41:33,1,-71
2023-08-04 14:41:45,1,-61
2023-08-04 14:42:09,1,-53
2023-08-04 14:42:39,1,-61
2023-08-04 14:42:45,1,-55
2023-08-04 14:43:09,1,-48
2023-08-04 14:43:33,1,-57
2023-08-04 14:43:39,1,-48
2023-08-04 14:43:45,1,-63
2023-08-04 14:43:51,1,-57
2023-08-04 14:44:21,1,-46
2023-08-04 14:44:39,1,-59
2023-08-04 14:44:51,1,-68
2023-08-04 14:44:57,1,-46
2023-08-04 14:45:03,2,-73
2023-08-04 14:45:09,2,-63
2023-08-04 14:45:21,1,-52
2023-08-04 14:45:27,1,-46
2023-08-04 14:45:39,2,-70
2023-08-04 14:45:57,1,-61
2023-08-04 14:46:09,1,-50
2023-08-04 14:46:21,1,-56
2023-08-04 14:46:27,1,-63
2023-08-04 14:46:33,1,-47
2023-08-04 14:46:51,2,-60
2023-08-04 14:46:57,1,-54
2023-08-04 14:47:09,1,-48
2023-08-04 14:47:09,2,-66
2023-08-04 14:47:51,2,-60
2023-08-04 14:49:21,1,-68
2023-08-04 14:49:27,1,-49
2023-08-04 14:50:09,2,-66
2023-08-04 14:51:16,2,-60
2023-08-04 14:51:46,1,-55
2023-08-04 14:51:52,1,-48
2023-08-04 14:51:52,2,-70
2023-08-04 14:51:58,2,-63
2023-08-04 14:52:10,1,-54
2023-08-04 14:52:40,2,-75
2023-08-04 14:52:46,2,-64
2023-08-04 14:52:58,1,-48
2023-08-04 14:53:04,2,-72
2023-08-04 14:53:10,1,-55
2023-08-04 14:53:28,1,-47
2023-08-04 14:53:40,2,-63
2023-08-04 14:54:22,2,-72
2023-08-04 14:54:28,1,-53
2023-08-04 14:54:28,2,-57
2023-08-04 14:54:40,2,-64
2023-08-04 14:55:40,2,-71
2023-08-04 14:55:52,2,-58
2023-08-04 14:55:58,1,-47
2023-08-04 14:56:10,2,-64
2023-08-04 14:56:16,2,-58
2023-08-04 14:56:22,2,-67
2023-08-04 14:56:28,2,-58
2023-08-04 14:56:46,2,-66
2023-08-04 14:56:52,2,-56
2023-08-04 14:56:58,2,-62
2023-08-04 14:57:40,2,-72
2023-08-04 14:57:46,2,-65
2023-08-04 14:57:58,2,-59
2023-08-04 14:58:10,1,-57
2023-08-04 14:58:16,1,-48
2023-08-04 14:58:34,2,-66
2023-08-04 14:58:46,1,-55
2023-08-04 14:58:58,1,-43
2023-08-04 14:58:58,2,-59
2023-08-04 14:59:04,1,-54
2023-08-04 14:59:10,2,-67
2023-08-04 14:59:28,1,-46
2023-08-04 14:59:28,2,-57
2023-08-04 14:59:34,2,-64
2023-08-04 14:59:40,1,-52
2023-08-04 14:59:46,2,-56
2023-08-04 14:59:58,1,-46
2023-08-04 15:00:04,2,-67
2023-08-04 15:00:16,1,-54
2023-08-04 15:00:16,2,-57
2023-08-04 15:00:22,2,-64
2023-08-04 15:01:58,2,-71
2023-08-04 15:02:10,1,-67
2023-08-04 15:02:16,1,-46
2023-08-04 15:02:28,2,-58
2023-08-04 15:02:34,1,-52
2023-08-04 15:02:40,1,-45
2023-08-04 15:02:58,2,-72
2023-08-04 15:03:04,1,-53
2023-08-04 15:03:04,2,-65
2023-08-04 15:03:10,1,-45
2023-08-04 15:03:10,2,-57
2023-08-04 15:03:34,1,-52
2023-08-04 15:03:52,1,-44
2023-08-04 15:03:58,2,-69
2023-08-04 15:04:17,2,-59
2023-08-04 15:04:22,2,-71
2023-08-04 15:04:29,2,-63
2023-08-04 15:04:35,1,-50
2023-08-04 15:04:41,2,-69
2023-08-04 15:04:53,2,-63
2023-08-04 15:05:05,2,-72
2023-08-04 15:05:23,2,-60
2023-08-04 15:05:29,2,-67
2023-08-04 15:05:35,1,-44
2023-08-04 15:05:35,2,-58
2023-08-04 15:05:41,2,-72
2023-08-04 15:05:47,1,-55
2023-08-04 15:05:47,2,-58
2023-08-04 15:05:53,1,-48
2023-08-04 15:05:53,2,-73
2023-08-04 15:05:59,2,-59
2023-08-04 15:06:05,2,-66
2023-08-04 15:06:11,2,-60
2023-08-04 15:06:17,2,-70
2023-08-04 15:06:23,2,-60
2023-08-04 15:06:47,2,-71
2023-08-04 15:06:59,2,-58
2023-08-04 15:07:23,1,-59
2023-08-04 15:07:29,1,-46
2023-08-04 15:07:35,1,-59
2023-08-04 15:07:41,2,-68
2023-08-04 15:07:47,2,-59
2023-08-04 15:07:53,1,-53
2023-08-04 15:07:59,1,-45
2023-08-04 15:08:05,1,-61
2023-08-04 15:08:17,1,-55
2023-08-04 15:08:23,1,-44
2023-08-04 15:08:23,2,-73
2023-08-04 15:08:29,1,-51
2023-08-04 15:08:29,2,-59
2023-08-04 15:08:53,1,-57
2023-08-04 15:08:53,2,-66
2023-08-04 15:08:59,1,-51
2023-08-04 15:09:11,1,-45
2023-08-04 15:09:11,2,-59
2023-08-04 15:09:17,2,-68
2023-08-04 15:09:29,1,-54
2023-08-04 15:09:29,2,-58
2023-08-04 15:09:35,2,-73
2023-08-04 15:09:41,1,-61
2023-08-04 15:09:41,2,-59
2023-08-04 15:09:47,1,-50
2023-08-04 15:10:23,2,-66
2023-08-04 15:10:47,1,-68
2023-08-04 15:10:53,1,-54
2023-08-04 15:11:05,1,-46
2023-08-04 15:11:11,1,-60
2023-08-04 15:11:23,2,-59
2023-08-04 15:11:29,1,-50
2023-08-04 15:11:47,2,-73
2023-08-04 15:11:53,2,-64
2023-08-04 15:11:59,2,-71
2023-08-04 15:12:11,1,-56
2023-08-04 15:12:11,2,-64
2023-08-04 15:12:53,1,-50
2023-08-04 15:13:29,2,-70
2023-08-04 15:13:47,1,-44
2023-08-04 15:13:47,2,-58
2023-08-04 15:13:59,1,-57
2023-08-04 15:14:05,1,-49
2023-08-04 15:14:59,2,-66
2023-08-04 15:15:05,2,-60
2023-08-04 15:15:11,2,-68
2023-08-04 15:15:17,2,-60
2023-08-04 15:15:23,2,-68
2023-08-04 15:15:53,1,-64
2023-08-04 15:15:53,2,-61
2023-08-04 15:15:59,1,-58
2023-08-04 15:15:59,2,-75
2023-08-04 15:16:11,2,-66
2023-08-04 15:16:17,1,-46
2023-08-04 15:16:35,1,-72
2023-08-04 15:16:41,1,-56
2023-08-04 15:16:41,2,-72
2023-08-04 15:16:47,1,-49
2023-08-04 15:16:48,2,-61
2023-08-04 15:17:41,2,-72
2023-08-04 15:17:48,2,-59
2023-08-04 15:18:11,1,-55
2023-08-04 15:18:12,2,-69
2023-08-04 15:18:24,1,-47
2023-08-04 15:18:36,1,-56
2023-08-04 15:18:36,2,-58
2023-08-04 15:18:42,1,-47
2023-08-04 15:18:42,2,-67
2023-08-04 15:18:48,1,-55
2023-08-04 15:19:00,1,-49
2023-08-04 15:19:00,2,-75
2023-08-04 15:19:06,2,-67
2023-08-04 15:19:24,2,-58
2023-08-04 15:19:30,2,-66
2023-08-04 15:19:48,2,-59
2023-08-04 15:20:42,2,-72
2023-08-04 15:20:48,2,-62
2023-08-04 15:21:06,2,-69
2023-08-04 15:21:24,1,-57
2023-08-04 15:21:36,2,-63
2023-08-04 15:21:42,1,-50
2023-08-04 15:22:18,2,-70
2023-08-04 15:22:24,2,-62
2023-08-04 15:22:30,2,-69
2023-08-04 15:22:36,2,-59
2023-08-04 15:22:54,2,-65
2023-08-04 15:23:12,2,-59
2023-08-04 15:23:24,1,0
2023-08-04 15:23:30,1,-49
2023-08-04 15:23:30,2,-66
2023-08-04 15:23:42,2,-59
2023-08-04 15:23:48,2,-71
2023-08-04 15:23:54,2,-61
2023-08-04 15:24:30,2,-70
2023-08-04 15:25:06,2,-58
2023-08-04 15:25:42,1,-57
2023-08-04 15:25:48,1,-50
2023-08-04 15:25:54,2,-66
2023-08-04 15:27:00,1,-57
2023-08-04 15:27:06,1,-51
2023-08-04 15:27:12,2,-59
2023-08-04 15:27:36,2,0
2023-08-04 15:27:43,2,-64
2023-08-04 15:27:49,2,-58
2023-08-04 15:27:55,1,-59
2023-08-04 15:28:01,1,-47
2023-08-04 15:28:01,2,-73
2023-08-04 15:28:07,2,-66
2023-08-04 15:28:25,1,-62
2023-08-04 15:28:31,1,-52
2023-08-04 15:28:43,1,-66
2023-08-04 15:28:49,1,-49
2023-08-04 15:28:55,2,-57
2023-08-04 15:29:25,1,-55
2023-08-04 15:29:31,2,-66
2023-08-04 15:29:37,2,-58
2023-08-04 15:30:07,1,-49
2023-08-04 15:30:07,2,-69
2023-08-04 15:30:13,2,-58
2023-08-04 15:30:55,1,-56
2023-08-04 15:31:07,1,-50
2023-08-04 15:31:31,2,-72
2023-08-04 15:31:37,2,-56
2023-08-04 15:31:49,2,-71
2023-08-04 15:32:01,2,-60
2023-08-04 15:32:13,1,-59
2023-08-04 15:32:19,1,-50
2023-08-04 15:32:31,2,-68
2023-08-04 15:33:13,2,-59
2023-08-04 15:33:19,2,-66
2023-08-04 15:33:31,2,-57
2023-08-04 15:33:43,1,-58
2023-08-04 15:33:49,1,-52
2023-08-04 15:33:49,2,-64
2023-08-04 15:33:55,2,-58
2023-08-04 15:34:01,2,-68
2023-08-04 15:34:31,1,0
2023-08-04 15:34:37,1,-49
2023-08-04 15:34:49,2,-60
2023-08-04 15:34:55,1,-56
2023-08-04 15:34:55,2,-69
2023-08-04 15:35:01,1,-49
2023-08-04 15:35:31,2,-62
2023-08-04 15:35:43,2,-70
2023-08-04 15:35:49,2,-59
2023-08-04 15:36:13,2,-74
2023-08-04 15:36:19,2,-58
2023-08-04 15:36:49,1,-60
2023-08-04 15:36:49,2,-64
2023-08-04 15:36:55,1,-50
2023-08-04 15:36:55,2,-74
2023-08-04 15:37:07,2,-57
2023-08-04 15:37:13,2,-64
2023-08-04 15:37:37,2,-58
2023-08-04 15:38:01,1,-58
2023-08-04 15:38:07,1,-52
2023-08-04 15:38:07,2,-64
2023-08-04 15:39:01,2,-58
2023-08-04 15:39:13,2,-64
2023-08-04 15:39:19,1,-45
2023-08-04 15:39:19,2,-73
2023-08-04 15:39:25,1,-63
2023-08-04 15:39:25,2,-64
2023-08-04 15:39:31,1,-56
2023-08-04 15:39:37,1,-45
2023-08-04 15:39:43,1,-53
2023-08-04 15:40:13,2,-57
2023-08-04 15:40:31,2,-63
2023-08-04 15:40:50,2,-69
2023-08-04 15:40:55,2,-60
2023-08-04 15:41:01,1,-46
2023-08-04 15:41:08,1,-52
2023-08-04 15:41:14,1,-45
2023-08-04 15:41:14,2,-70
2023-08-04 15:41:32,2,-62
2023-08-04 15:41:50,2,-72
2023-08-04 15:41:56,1,-56
2023-08-04 15:41:56,2,-64
2023-08-04 15:42:02,2,-70
2023-08-04 15:42:08,2,-59
2023-08-04 15:42:26,1,-50
2023-08-04 15:42:26,2,-70
2023-08-04 15:42:44,2,-64
2023-08-04 15:43:20,2,-58
2023-08-04 15:43:32,2,-68
2023-08-04 15:43:38,1,-44
2023-08-04 15:43:38,2,-60
2023-08-04 15:43:56,1,-50
2023-08-04 15:43:56,2,-66
2023-08-04 15:44:08,2,-73
2023-08-04 15:44:14,1,-63
2023-08-04 15:44:14,2,-60
2023-08-04 15:44:20,1,-50
2023-08-04 15:44:20,2,-69
2023-08-04 15:44:32,2,-60
2023-08-04 15:44:38,2,-69
2023-08-04 15:44:44,2,-62
2023-08-04 15:45:08,2,-71
2023-08-04 15:45:14,1,-56
2023-08-04 15:45:14,2,-59
2023-08-04 15:45:20,1,-46
2023-08-04 15:45:38,2,-68
2023-08-04 15:45:44,1,-54
2023-08-04 15:46:02,2,-59
2023-08-04 15:46:08,1,-46
2023-08-04 15:46:14,1,-53
2023-08-04 15:46:26,2,-73
2023-08-04 15:46:32,2,-59
2023-08-04 15:46:50,1,-59
2023-08-04 15:46:56,1,-50
2023-08-04 15:47:32,1,-60
2023-08-04 15:47:38,1,-50
2023-08-04 15:48:14,2,-73
2023-08-04 15:48:20,1,-44
2023-08-04 15:48:26,1,-50
2023-08-04 15:48:26,2,-60
2023-08-04 15:48:38,2,-66
2023-08-04 15:48:44,2,-59
2023-08-04 15:49:02,1,-56
2023-08-04 15:49:08,1,-50
2023-08-04 15:49:08,2,-76
2023-08-04 15:49:14,2,-63
2023-08-04 15:49:20,2,-73
2023-08-04 15:49:26,2,-64
2023-08-04 15:49:44,2,-70
2023-08-04 15:50:02,2,-58
2023-08-04 15:50:08,2,-67
2023-08-04 15:50:20,1,-58
2023-08-04 15:50:26,1,-48
2023-08-04 15:50:32,1,-55
2023-08-04 15:50:50,1,-46
2023-08-04 15:51:02,1,-54
2023-08-04 15:51:08,1,-60
2023-08-04 15:51:08,2,-59
2023-08-04 15:51:14,2,-74
2023-08-04 15:51:20,1,-51
2023-08-04 15:51:38,2,-58
2023-08-04 15:51:50,1,-45
2023-08-04 15:51:56,1,-56
2023-08-04 15:52:02,1,-46
2023-08-04 15:52:14,1,-52
2023-08-04 15:52:20,2,-70
2023-08-04 15:52:26,2,-58
2023-08-04 15:52:50,2,-65
2023-08-04 15:53:02,2,-58
2023-08-04 15:53:26,2,-65
2023-08-04 15:53:38,2,-58
2023-08-04 15:53:50,2,-71
2023-08-04 15:53:56,2,-58
2023-08-04 15:54:02,2,-69
2023-08-04 15:54:08,2,-58
2023-08-04 15:54:14,1,-46
2023-08-04 15:54:20,1,-53
2023-08-04 15:54:20,2,-67
2023-08-04 15:54:27,2,-59
2023-08-04 15:54:32,2,-73
2023-08-04 15:54:38,2,-67
2023-08-04 15:54:44,1,-46
2023-08-04 15:54:56,1,-55
2023-08-04 15:55:14,2,-60
2023-08-04 15:55:20,1,-45
2023-08-04 15:55:26,2,-73
2023-08-04 15:55:33,2,-61
2023-08-04 15:55:38,1,-51
2023-08-04 15:55:44,2,-67
2023-08-04 15:56:15,1,-57
2023-08-04 15:56:45,1,-49
2023-08-04 15:56:45,2,-61
2023-08-04 15:56:51,2,-68
2023-08-04 15:58:03,1,-43
2023-08-04 15:58:09,2,-60
2023-08-04 15:58:15,1,-52
2023-08-04 15:58:15,2,-71
2023-08-04 15:58:21,1,-46
2023-08-04 15:58:21,2,-60
2023-08-04 15:58:27,1,-52
2023-08-04 15:58:27,2,-70
2023-08-04 15:58:33,1,-45
2023-08-04 15:58:39,2,-63
2023-08-04 15:58:45,2,-70
2023-08-04 15:58:51,2,-64
2023-08-04 15:59:09,2,-71
2023-08-04 15:59:39,1,-51
2023-08-04 15:59:45,2,-60
2023-08-04 15:59:51,2,-70
2023-08-04 16:00:03,2,-63
2023-08-04 16:00:27,2,-71
2023-08-04 16:00:39,2,-61
2023-08-04 16:00:57,1,-57
2023-08-04 16:01:09,2,-67
2023-08-04 16:01:15,1,-46
2023-08-04 16:02:15,2,-58
2023-08-04 16:02:27,2,-69
2023-08-04 16:02:45,1,-52
2023-08-04 16:02:45,2,-60
2023-08-04 16:02:57,2,-67
2023-08-04 16:03:09,1,-45
2023-08-04 16:03:15,1,-63
2023-08-04 16:03:21,1,-54
2023-08-04 16:03:27,1,-45
2023-08-04 16:03:27,2,-59
2023-08-04 16:03:33,1,-53
2023-08-04 16:03:45,1,-47
2023-08-04 16:03:45,2,-66
2023-08-04 16:03:51,2,-59
2023-08-04 16:04:03,2,-72
2023-08-04 16:04:09,2,-61
2023-08-04 16:04:15,1,-59
2023-08-04 16:04:21,1,-48
2023-08-04 16:04:27,1,-62
2023-08-04 16:04:33,1,-51
2023-08-04 16:04:51,2,-68
2023-08-04 16:04:57,2,-58
2023-08-04 16:05:03,2,-72
2023-08-04 16:05:09,2,-59
2023-08-04 16:05:15,1,-45
2023-08-04 16:05:21,2,-70
2023-08-04 16:05:27,2,-62
2023-08-04 16:05:39,1,-52
2023-08-04 16:05:45,1,-45
2023-08-04 16:05:45,2,-68
2023-08-04 16:05:52,1,-57
2023-08-04 16:06:09,2,-62
2023-08-04 16:06:22,2,-70
2023-08-04 16:06:27,1,-44
2023-08-04 16:06:34,1,-51
2023-08-04 16:06:46,1,-61
2023-08-04 16:06:58,1,-46
2023-08-04 16:06:58,2,-64
2023-08-04 16:07:04,1,-58
2023-08-04 16:07:10,1,-50
2023-08-04 16:07:10,2,-72
2023-08-04 16:07:16,1,-61
2023-08-04 16:07:16,2,-61
2023-08-04 16:07:28,1,-47
2023-08-04 16:07:40,1,-64
2023-08-04 16:07:40,2,-68
2023-08-04 16:07:46,1,-58
2023-08-04 16:07:58,2,-58
2023-08-04 16:08:04,1,-52
2023-08-04 16:08:04,2,-71
2023-08-04 16:08:10,1,-45
2023-08-04 16:08:10,2,-65
2023-08-04 16:08:16,1,-51
2023-08-04 16:09:16,2,-73
2023-08-04 16:09:22,1,-63
2023-08-04 16:09:28,1,-50
2023-08-04 16:09:40,2,-65
2023-08-04 16:10:28,1,-44
2023-08-04 16:11:04,1,-53
2023-08-04 16:11:10,1,-47
2023-08-04 16:11:16,2,-73
2023-08-04 16:11:22,1,-54
2023-08-04 16:11:28,2,-64
2023-08-04 16:11:40,1,-47
2023-08-04 16:11:52,1,-56
2023-08-04 16:12:04,1,-47
2023-08-04 16:12:10,2,-70
2023-08-04 16:12:22,1,-56
2023-08-04 16:12:22,2,-62
2023-08-04 16:12:28,1,-49
2023-08-04 16:12:34,2,-68
2023-08-04 16:12:40,2,-61
2023-08-04 16:12:52,2,-69
2023-08-04 16:13:04,2,-61
2023-08-04 16:13:16,2,-69
2023-08-04 16:13:28,2,-63
2023-08-04 16:14:16,2,-69
2023-08-04 16:14:58,1,-60
2023-08-04 16:15:04,2,-60
2023-08-04 16:15:10,2,-66
2023-08-04 16:15:16,1,-53
2023-08-04 16:15:22,1,-45
2023-08-04 16:15:34,1,-51
2023-08-04 16:15:40,1,-63
2023-08-04 16:15:46,1,-52
2023-08-04 16:15:52,1,-69
2023-08-04 16:15:58,1,-46
2023-08-04 16:16:04,1,-53
2023-08-04 16:16:16,1,-61
2023-08-04 16:16:22,1,-52
2023-08-04 16:16:34,1,-58
2023-08-04 16:16:40,2,-59
2023-08-04 16:16:46,1,-49
2023-08-04 16:16:52,1,-56
2023-08-04 16:16:58,1,-48
2023-08-04 16:17:04,1,-54
2023-08-04 16:17:16,2,-67
2023-08-04 16:17:22,1,-48
2023-08-04 16:17:28,1,-60
2023-08-04 16:17:34,1,-50
2023-08-04 16:18:22,2,-61
2023-08-04 16:19:04,1,-61
2023-08-04 16:19:10,1,-50
2023-08-04 16:20:10,1,-56
2023-08-04 16:20:10,2,-68
2023-08-04 16:20:16,1,-48
2023-08-04 16:20:22,2,-62
2023-08-04 16:20:28,1,-55
2023-08-04 16:20:35,2,-68
2023-08-04 16:20:47,1,-47
2023-08-04 16:20:58,1,-57
2023-08-04 16:21:05,1,-46
2023-08-04 16:21:11,1,-55
2023-08-04 16:21:17,1,-48
2023-08-04 16:21:23,2,-61
2023-08-04 16:21:41,1,-57
2023-08-04 16:21:47,1,-47
2023-08-04 16:22:05,2,-70
2023-08-04 16:22:11,2,-60
2023-08-04 16:22:17,1,-53
2023-08-04 16:22:23,2,-69
2023-08-04 16:22:29,1,-66
2023-08-04 16:22:35,1,-55
2023-08-04 16:22:35,2,-58
2023-08-04 16:22:41,1,-48
2023-08-04 16:22:47,2,-64
2023-08-04 16:22:59,2,-58
2023-08-04 16:23:05,2,-68
2023-08-04 16:23:17,2,-60
2023-08-04 16:23:41,1,-55
2023-08-04 16:23:47,2,-66
2023-08-04 16:23:53,1,-48
2023-08-04 16:23:59,1,-56
2023-08-04 16:24:05,1,-46
2023-08-04 16:24:29,1,-52
2023-08-04 16:24:35,2,-57
2023-08-04 16:24:47,2,-63
2023-08-04 16:25:23,2,-57
2023-08-04 16:25:29,2,-63
2023-08-04 16:25:47,1,-63
2023-08-04 16:25:47,2,-56
2023-08-04 16:25:53,1,-57
2023-08-04 16:25:59,2,-63
2023-08-04 16:26:05,1,-67
2023-08-04 16:26:05,2,-57
2023-08-04 16:26:11,1,-56
2023-08-04 16:26:17,1,-50
2023-08-04 16:26:29,1,-62
2023-08-04 16:26:35,1,-53
2023-08-04 16:26:35,2,-64
2023-08-04 16:27:17,2,-73
2023-08-04 16:27:23,1,-59
2023-08-04 16:27:23,2,-59
2023-08-04 16:27:29,1,-50
2023-08-04 16:27:29,2,-69
2023-08-04 16:27:35,1,-56
2023-08-04 16:27:41,2,-59
2023-08-04 16:27:47,1,-49
2023-08-04 16:28:29,2,-73
2023-08-04 16:28:35,2,-59
2023-08-04 16:28:59,1,-56
2023-08-04 16:29:23,1,-50
2023-08-04 16:29:41,2,-70
2023-08-04 16:29:53,1,-56
2023-08-04 16:29:53,2,-59
2023-08-04 16:30:23,1,-50
2023-08-04 16:30:35,2,-69
2023-08-04 16:30:41,1,-57
2023-08-04 16:30:41,2,-59
2023-08-04 16:30:53,2,-66
2023-08-04 16:30:59,1,-50
2023-08-04 16:31:05,1,-56
2023-08-04 16:31:05,2,-59
2023-08-04 16:31:23,1,-50
2023-08-04 16:31:23,2,-72
2023-08-04 16:31:35,1,-56
2023-08-04 16:31:35,2,-59
2023-08-04 16:31:41,1,-49
2023-08-04 16:31:41,2,-73
2023-08-04 16:31:47,1,-56
2023-08-04 16:31:47,2,-64
2023-08-04 16:31:53,1,-49
2023-08-04 16:31:53,2,-71
2023-08-04 16:31:59,1,-56
2023-08-04 16:31:59,2,-64
2023-08-04 16:32:11,1,-49
2023-08-04 16:32:11,2,-74
2023-08-04 16:32:17,2,-59
2023-08-04 16:32:23,2,-73
2023-08-04 16:32:47,1,-56
2023-08-04 16:32:47,2,-65
2023-08-04 16:32:53,1,-49
2023-08-04 16:32:53,2,-72
2023-08-04 16:33:23,2,-65
2023-08-04 16:33:29,1,-56
2023-08-04 16:33:29,2,-71
2023-08-04 16:33:35,1,-50
2023-08-04 16:33:35,2,-59
2023-08-04 16:33:41,2,-72
2023-08-04 16:34:05,2,-64
2023-08-04 16:34:11,2,-74
2023-08-04 16:34:48,1,-56
2023-08-04 16:34:53,1,-50
2023-08-04 16:34:53,2,-59
2023-08-04 16:35:11,2,0
2023-08-04 16:35:18,2,-72
2023-08-04 16:35:23,2,-60
2023-08-04 16:35:48,1,-56
2023-08-04 16:36:06,2,-72
2023-08-04 16:36:12,2,-59
2023-08-04 16:36:18,1,-49
2023-08-04 16:36:18,2,-65
2023-08-04 16:36:24,1,-56
2023-08-04 16:36:36,1,-49
2023-08-04 16:36:36,2,-59
2023-08-04 16:36:48,2,-65
2023-08-04 16:37:30,2,-72
2023-08-04 16:37:36,2,-65
2023-08-04 16:38:18,2,-72
2023-08-04 16:38:42,2,-59
2023-08-04 16:38:48,2,-72
2023-08-04 16:38:54,1,-56
2023-08-04 16:38:54,2,-59
2023-08-04 16:39:00,1,-49
2023-08-04 16:39:00,2,-73
2023-08-04 16:39:06,2,-64
2023-08-04 16:39:12,1,-56
2023-08-04 16:39:12,2,-73
2023-08-04 16:39:18,1,-50
2023-08-04 16:39:18,2,-59
2023-08-04 16:39:30,1,-56
2023-08-04 16:39:48,2,-73
2023-08-04 16:39:54,2,-59
2023-08-04 16:40:00,1,-50
2023-08-04 16:40:24,2,-65
2023-08-04 16:40:36,1,-56
2023-08-04 16:40:48,2,-59
2023-08-04 16:40:54,1,-50
2023-08-04 16:41:00,1,-56
2023-08-04 16:41:12,1,-50
2023-08-04 16:41:36,2,-65
2023-08-04 16:42:00,2,-59
2023-08-04 16:42:12,2,-73
2023-08-04 16:42:18,1,-56
2023-08-04 16:42:18,2,-59
2023-08-04 16:42:30,1,-50
2023-08-04 16:42:36,1,-56
2023-08-04 16:42:36,2,-73
2023-08-04 16:42:42,2,-59
2023-08-04 16:42:54,1,-50
2023-08-04 16:42:54,2,-74
2023-08-04 16:43:00,1,-56
2023-08-04 16:43:00,2,-59
2023-08-04 16:43:18,1,-50
2023-08-04 16:43:30,1,-56
2023-08-04 16:43:36,1,-50
2023-08-04 16:44:18,1,-56
2023-08-04 16:44:18,2,-73
2023-08-04 16:44:24,2,-59
2023-08-04 16:44:30,1,-50
2023-08-04 16:45:00,2,-73
2023-08-04 16:45:07,2,-59
2023-08-04 16:45:13,1,-56
2023-08-04 16:45:13,2,-72
2023-08-04 16:45:31,1,-50
2023-08-04 16:45:37,1,-56
2023-08-04 16:45:37,2,-60
2023-08-04 16:45:43,2,-73
2023-08-04 16:45:49,2,-59
2023-08-04 16:46:07,2,-65
2023-08-04 16:46:13,2,-72
2023-08-04 16:46:19,1,-49
2023-08-04 16:46:19,2,-65
2023-08-04 16:46:25,2,-74
2023-08-04 16:46:43,1,-56
2023-08-04 16:46:43,2,-59
2023-08-04 16:46:49,1,-50
2023-08-04 16:46:49,2,-74
2023-08-04 16:46:55,2,-65
2023-08-04 16:47:01,2,-59
2023-08-04 16:47:07,2,-73
2023-08-04 16:47:13,1,-56
2023-08-04 16:47:19,1,-49
2023-08-04 16:47:19,2,-63
2023-08-04 16:47:43,2,-76
2023-08-04 16:47:55,1,-56
2023-08-04 16:47:55,2,-59
2023-08-04 16:48:01,1,-49
2023-08-04 16:48:07,2,-71
2023-08-04 16:48:31,2,-64
2023-08-04 16:48:37,2,-73
2023-08-04 16:48:43,2,-59
2023-08-04 16:49:31,2,-67
2023-08-04 16:49:37,2,-59
2023-08-04 16:49:43,2,-67
2023-08-04 16:49:55,2,-59
2023-08-04 16:50:13,2,-71
2023-08-04 16:50:19,2,-58
2023-08-04 16:50:55,1,-49
2023-08-04 16:51:07,1,-56
2023-08-04 16:51:13,1,-50
2023-08-04 16:52:31,2,-65
2023-08-04 16:52:37,2,-59
2023-08-04 16:52:43,1,-48
2023-08-04 16:52:43,2,-66
2023-08-04 16:52:49,2,-60
2023-08-04 16:53:13,1,-55
2023-08-04 16:53:37,1,-49
2023-08-04 16:54:37,1,-58
2023-08-04 16:54:43,1,-51
2023-08-04 16:55:55,2,-68
2023-08-04 16:56:01,2,-60
2023-08-04 16:57:19,1,-66
2023-08-04 16:57:19,2,-66
2023-08-04 16:57:25,1,-52
2023-08-04 16:57:31,2,-59
2023-08-04 16:57:37,2,-69
2023-08-04 16:57:55,2,-58
2023-08-04 16:58:37,2,-67
2023-08-04 16:58:44,2,-57
2023-08-04 16:59:02,1,-46
2023-08-04 16:59:08,2,-64
2023-08-04 16:59:14,2,-58
2023-08-04 16:59:32,2,-66
2023-08-04 16:59:38,2,-51
2023-08-04 16:59:44,2,-65
2023-08-04 17:00:02,2,-58
2023-08-04 17:00:14,2,-65
2023-08-04 17:01:26,2,-59
2023-08-04 17:01:32,2,-65
2023-08-04 17:01:38,1,-53
2023-08-04 17:02:08,1,-47
2023-08-04 17:02:20,1,-53
2023-08-04 17:02:26,1,-47
2023-08-04 17:02:50,1,-53
2023-08-04 17:02:56,1,-47
2023-08-04 17:03:02,2,-59
2023-08-04 17:04:02,1,-53
2023-08-04 17:04:14,1,-47
2023-08-04 17:04:14,2,-65
2023-08-04 17:04:20,1,-53
2023-08-04 17:04:26,2,-59
2023-08-04 17:05:20,2,-65
2023-08-04 17:05:32,1,0
2023-08-04 17:05:38,1,-53
2023-08-04 17:11:20,1,-47
2023-08-04 17:11:26,1,-53
2023-08-04 17:11:32,2,-65
2023-08-04 17:11:57,2,-58
2023-08-04 17:12:03,2,-64
2023-08-04 17:12:27,1,-47
2023-08-04 17:12:27,2,-58
2023-08-04 17:12:39,2,-64
2023-08-04 17:13:15,1,-53
2023-08-04 17:13:27,2,-58
2023-08-04 17:14:45,2,-65
2023-08-04 17:14:51,2,-59
2023-08-04 17:17:33,2,-65
2023-08-04 17:17:45,2,-59
2023-08-04 17:21:27,2,-65
2023-08-04 17:21:51,2,-59
2023-08-04 17:27:57,1,-53
2023-08-04 17:28:04,2,-65
2023-08-04 17:28:15,2,-59
2023-08-04 17:28:22,2,-66
2023-08-04 17:28:34,2,-60
2023-08-04 17:28:39,2,-66
2023-08-04 17:28:45,2,-60
2023-08-04 17:28:52,2,-66
2023-08-04 17:28:58,2,-60
2023-08-04 17:29:28,1,-47
2023-08-04 17:29:40,1,-53
2023-08-04 17:30:22,2,-66
2023-08-04 17:30:28,2,-59
2023-08-04 17:30:34,2,-66
2023-08-04 17:30:46,2,-60
2023-08-04 17:31:46,2,-66
2023-08-04 17:31:58,2,-60
2023-08-04 17:34:10,2,-66
2023-08-04 17:34:16,2,-60
2023-08-04 17:35:10,1,-47
2023-08-04 17:35:34,2,-66
2023-08-04 17:35:40,2,-59
2023-08-04 17:36:52,2,-65
2023-08-04 17:37:04,2,-59
2023-08-04 17:37:28,2,-65
2023-08-04 17:37:34,2,-59
2023-08-04 17:39:22,1,-53
2023-08-04 17:40:22,2,-65
2023-08-04 17:42:52,2,-59
2023-08-04 17:43:10,1,-47
2023-08-04 17:43:28,2,-65
2023-08-04 17:43:47,2,-59
2023-08-04 17:44:05,2,-65
2023-08-04 17:44:53,2,-59
2023-08-04 17:45:59,2,-65
2023-08-04 17:46:05,2,-59
2023-08-04 17:46:23,2,-65
2023-08-04 17:46:29,2,-59
2023-08-04 17:46:41,1,-53
2023-08-04 17:46:53,2,-65
2023-08-04 17:46:59,2,-59
2023-08-04 17:47:05,2,-65
2023-08-04 17:47:23,2,-59
2023-08-04 17:47:35,2,-65
2023-08-04 17:48:41,2,-59
2023-08-04 17:50:11,2,-59
2023-08-04 17:50:52,2,-65
2023-08-04 17:51:10,2,-59
2023-08-04 17:51:16,2,-65
2023-08-04 17:51:22,2,-59
2023-08-04 17:51:46,2,-65
2023-08-04 17:51:52,2,-59
2023-08-04 17:51:58,2,-65
2023-08-04 17:52:10,1,-47
2023-08-04 17:52:16,2,-59
2023-08-04 17:53:16,2,-65
2023-08-04 17:53:46,2,-59
2023-08-04 17:53:58,2,-65
2023-08-04 17:54:28,2,-59
2023-08-04 17:54:40,2,-65
2023-08-04 17:55:34,1,-53
2023-08-04 17:55:46,2,-59
2023-08-04 17:56:10,1,-47
2023-08-04 17:56:16,1,-53
2023-08-04 17:56:22,1,-47
2023-08-04 17:58:05,2,-65
2023-08-04 17:59:17,2,-59
2023-08-04 17:59:23,2,-65
