Stamp;Agent;Model;Nquadro
2023-09-28 09:01:57;T012;SPT120018W;202301000128459
2023-09-28 09:03:02;T012;SPT120018W;202301000128459
2023-09-28 09:06:04;T013;SPT120018W;202302000080468
2023-09-28 09:07:45;T012;SPT120018W;202301000128460
2023-09-28 09:08:29;T013;SPT120018W;202302000080469
2023-09-28 09:09:38;T013;SPT120018W;202302000080470
2023-09-28 09:09:40;T012;SPT120018W;202301000128461
2023-09-28 09:10:33;T012;SPT120018W;202301000128462
2023-09-28 09:11:38;T013;SPT120018W;202302000080471
2023-09-28 09:12:20;T012;SPT120018W;202301000128463
2023-09-28 09:13:09;T013;SPT120018W;202302000080472
2023-09-28 09:14:24;T012;SPT120018W;202301000128464
2023-09-28 09:14:54;T013;SPT120018W;202302000080473
2023-09-28 09:15:25;T012;SPT120018W;202301000128466
2023-09-28 09:16:14;T012;SPT120018W;202301000128467
2023-09-28 09:16:43;T013;SPT120018W;202302000080474
2023-09-28 09:17:46;T012;SPT120018W;202301000128468
2023-09-28 09:19:20;T013;SPT120018W;202302000080475
2023-09-28 09:19:27;T012;SPT120018W;202301000128469
2023-09-28 09:21:20;T013;SPT120018W;202302000080476
2023-09-28 09:21:34;T012;SPT120018W;202301000128470
2023-09-28 09:22:57;T012;SPT120018W;202301000128465
2023-09-28 09:24:39;T012;SPT120018W;202301000128471
2023-09-28 09:24:56;T013;SPT120018W;202302000080477
2023-09-28 09:26:11;T012;SPT120018W;202301000128472
2023-09-28 09:26:56;T013;SPT120018W;202302000080478
2023-09-28 09:27:34;T012;SPT120018W;202301000128473
2023-09-28 09:27:41;T013;SPT120018W;202302000080478
2023-09-28 09:28:52;T013;SPT120018W;202302000080479
2023-09-28 09:29:13;T012;SPT120018W;202301000128474
2023-09-28 09:30:15;T013;SPT120018W;202302000080480
2023-09-28 09:30:45;T012;SPT120018W;202301000128475
2023-09-28 09:31:41;T012;SPT120018W;202301000128476
2023-09-28 09:31:47;T013;SPT120018W;202302000080481
2023-09-28 09:32:54;T013;SPT120018W;202302000080482
2023-09-28 09:33:17;T012;SPT120018W;202301000128477
2023-09-28 09:34:11;T013;SPT120018W;202302000080483
2023-09-28 09:35:04;T012;SPT120018W;202301000128478
2023-09-28 09:35:49;T013;SPT120018W;202302000080484
2023-09-28 09:36:10;T012;SPT120018W;202301000128479
2023-09-28 09:37:20;T012;SPT120018W;202301000128480
2023-09-28 09:37:28;T013;SPT120018W;202302000080485
2023-09-28 09:39:10;T012;SPT120018W;202301000128481
2023-09-28 09:39:48;T013;SPT120018W;202302000080486
2023-09-28 09:41:47;T012;SPT120018W;202301000128482
2023-09-28 09:42:10;T013;SPT120018W;202302000080487
2023-09-28 09:42:47;T012;SPT120018W;202301000128483
2023-09-28 09:43:58;T012;SPT120018W;202301000128484
2023-09-28 09:44:05;T013;SPT120018W;202302000080488
2023-09-28 09:45:11;T013;SPT120018W;202302000080489
2023-09-28 09:45:25;T012;SPT120018W;202301000128485
2023-09-28 09:46:22;T012;SPT120018W;202301000128486
2023-09-28 09:46:24;T013;SPT120018W;202302000080490
2023-09-28 09:48:45;T012;SPT120018W;202301000128487
2023-09-28 09:49:11;T013;SPT120018W;202302000080491
2023-09-28 09:49:41;T012;SPT120018W;202301000128488
2023-09-28 09:49:52;T013;SPT120018W;202302000080491
2023-09-28 09:50:47;T013;SPT120018W;202302000080492
2023-09-28 09:51:01;T012;SPT120018W;202301000128489
2023-09-28 09:51:58;T012;SPT120018W;202301000128490
2023-09-28 09:52:00;T013;SPT120018W;202302000080493
2023-09-28 09:52:38;T013;SPT120018W;202302000080493
2023-09-28 09:53:24;T012;SPT120018W;202301000128491
2023-09-28 09:53:35;T013;SPT120018W;202302000080494
2023-09-28 09:54:44;T013;SPT120018W;202302000080495
2023-09-28 09:54:45;T012;SPT120018W;202301000128492
2023-09-28 09:55:41;T013;SPT120018W;202302000080496
2023-09-28 09:55:55;T012;SPT120018W;202301000128493
2023-09-28 09:57:18;T012;SPT120018W;202301000128494
2023-09-28 09:57:41;T013;SPT120018W;202302000080497
2023-09-28 09:58:35;T012;SPT120018W;202301000128495
2023-09-28 09:59:31;T013;SPT120018W;202302000080498
2023-09-28 09:59:37;T012;SPT120018W;202301000128495
2023-09-28 10:00:26;T013;SPT120018W;202302000080499
2023-09-28 10:00:42;T012;SPT120018W;202301000128496
2023-09-28 10:01:56;T012;SPT120018W;202301000128497
2023-09-28 10:02:13;T013;SPT120018W;202302000080500
2023-09-28 10:02:47;T012;SPT120018W;202301000128498
2023-09-28 10:03:57;T013;SPT120018W;202302000080501
2023-09-28 10:04:09;T012;SPT120018W;202301000128499
2023-09-28 10:05:06;T012;SPT120018W;202301000128500
2023-09-28 10:05:29;T013;SPT120018W;202302000080502
2023-09-28 10:06:17;T012;SPT120018W;202301000128501
2023-09-28 10:06:21;T013;SPT120018W;202302000080502
2023-09-28 10:07:19;T013;SPT120018W;202302000080503
2023-09-28 10:07:38;T012;SPT120018W;202301000128502
2023-09-28 10:08:13;T013;SPT120018W;202302000080504
2023-09-28 10:09:14;T013;SPT120018W;202302000080505
2023-09-28 10:09:22;T012;SPT120018W;202301000128503
2023-09-28 10:10:54;T012;SPT120018W;202301000128504
2023-09-28 10:11:08;T013;SPT120018W;202302000080506
2023-09-28 10:11:55;T012;SPT120018W;202301000128505
2023-09-28 10:13:01;T012;SPT120018W;202301000128506
2023-09-28 10:14:00;T012;SPT120018W;202301000128507
2023-09-28 10:14:09;T013;SPT120018W;202302000080507
2023-09-28 10:15:06;T013;SPT120018W;202302000080507
2023-09-28 10:15:45;T012;SPT120018W;202301000128508
2023-09-28 10:16:10;T013;SPT120018W;202302000080508
2023-09-28 10:16:38;T012;SPT120018W;202301000128509
2023-09-28 10:17:25;T013;SPT120018W;202302000080509
2023-09-28 10:18:18;T013;SPT120018W;202302000080509
2023-09-28 10:18:26;T012;SPT120018W;202301000128510
2023-09-28 10:19:24;T012;SPT120018W;202301000128511
2023-09-28 10:19:26;T013;SPT120018W;202302000080510
2023-09-28 10:20:28;T012;SPT120018W;202301000128512
2023-09-28 10:20:37;T013;SPT120018W;202302000080511
2023-09-28 10:21:48;T013;SPT120018W;202302000080512
2023-09-28 10:21:50;T012;SPT120018W;202301000128513
2023-09-28 10:22:52;T013;SPT120018W;202302000080513
2023-09-28 10:23:20;T012;SPT120018W;202301000128514
2023-09-28 10:24:07;T013;SPT120018W;202302000080514
2023-09-28 10:24:48;T012;SPT120018W;202301000128515
2023-09-28 10:25:27;T013;SPT120018W;202302000080515
2023-09-28 10:25:50;T012;SPT120018W;202301000128516
2023-09-28 10:27:10;T012;SPT120018W;202301000128517
2023-09-28 10:27:52;T013;SPT120018W;202302000080516
2023-09-28 10:28:16;T012;SPT120018W;202301000128518
2023-09-28 10:29:08;T013;SPT120018W;202302000080517
2023-09-28 10:29:33;T012;SPT120018W;202301000128519
2023-09-28 10:31:24;T013;SPT120018W;202302000080518
2023-09-28 10:47:29;T013;SPT120018W;202302000080519
2023-09-28 10:48:07;T012;SPT120018W;202301000128520
2023-09-28 10:49:15;T012;SPT120018W;202301000128521
2023-09-28 10:50:15;T013;SPT120018W;202302000080520
2023-09-28 10:50:24;T012;SPT120018W;202301000128522
2023-09-28 10:51:31;T013;SPT120018W;202302000080520
2023-09-28 10:52:13;T013;SPT120018W;202302000080520
2023-09-28 10:52:48;T012;SPT120018W;202301000128523
2023-09-28 10:53:32;T013;SPT120018W;202302000080521
2023-09-28 10:54:29;T013;SPT120018W;202302000080522
2023-09-28 10:54:46;T012;SPT120018W;202301000128524
2023-09-28 10:55:39;T012;SPT120018W;202301000128525
2023-09-28 10:55:54;T013;SPT120018W;202302000080523
2023-09-28 10:56:57;T012;SPT120018W;202301000128526
2023-09-28 10:57:48;T013;SPT120018W;202302000080524
2023-09-28 10:58:49;T012;SPT120018W;202301000128527
2023-09-28 10:59:57;T012;SPT120018W;202301000128528
2023-09-28 11:01:11;T012;SPT120018W;202301000128529
2023-09-28 11:01:32;T013;SPT120018W;202302000080525
2023-09-28 11:02:53;T012;SPT120018W;202301000128530
2023-09-28 11:04:19;T012;SPT120018W;202301000128531
2023-09-28 11:06:07;T012;SPT120018W;202301000128532
2023-09-28 11:06:46;T013;SPT120018W;202302000080525
2023-09-28 11:07:07;T012;SPT120018W;202301000128533
2023-09-28 11:08:01;T013;SPT120018W;202302000080526
2023-09-28 11:08:20;T012;SPT120018W;202301000128534
2023-09-28 11:08:55;T013;SPT120018W;202302000080527
2023-09-28 11:09:16;T012;SPT120018W;202301000128535
2023-09-28 11:09:54;T013;SPT120018W;202302000080528
2023-09-28 11:11:09;T013;SPT120018W;202302000080529
2023-09-28 11:11:37;T012;SPT120018W;202301000128536
2023-09-28 11:12:33;T012;SPT120018W;202301000128537
2023-09-28 11:12:35;T013;SPT120018W;202302000080530
2023-09-28 11:13:56;T012;SPT120018W;202301000128537
2023-09-28 11:14:31;T013;SPT120018W;202302000080531
2023-09-28 11:14:44;T012;SPT120018W;202301000128538
2023-09-28 11:15:54;T012;SPT120018W;202301000128539
2023-09-28 11:15:58;T013;SPT120018W;202302000080532
2023-09-28 11:16:52;T013;SPT120018W;202302000080533
2023-09-28 11:17:04;T012;SPT120018W;202301000128540
2023-09-28 11:17:47;T013;SPT120018W;202302000080534
2023-09-28 11:17:52;T012;SPT120018W;202301000128541
2023-09-28 11:18:42;T012;SPT120018W;202301000128542
2023-09-28 11:18:53;T013;SPT120018W;202302000080534
2023-09-28 11:19:58;T012;SPT120018W;202301000128543
2023-09-28 11:20:00;T013;SPT120018W;202302000080535
2023-09-28 11:20:57;T013;SPT120018W;202302000080536
2023-09-28 11:21:48;T013;SPT120018W;202302000080537
2023-09-28 11:21:51;T012;SPT120018W;202301000128544
2023-09-28 11:22:40;T012;SPT120018W;202301000128545
2023-09-28 11:22:45;T013;SPT120018W;202302000080538
2023-09-28 11:23:38;T012;SPT120018W;202301000128546
2023-09-28 11:23:43;T013;SPT120018W;202302000080539
2023-09-28 11:24:33;T012;SPT120018W;202301000128547
2023-09-28 11:25:16;T013;SPT120018W;202302000080540
2023-09-28 11:25:55;T012;SPT120018W;202301000128548
2023-09-28 11:26:35;T013;SPT120018W;202302000080541
2023-09-28 11:27:27;T012;SPT120018W;202301000128549
2023-09-28 11:28:25;T013;SPT120018W;202302000080542
2023-09-28 11:29:07;T012;SPT120018W;202301000128550
2023-09-28 11:29:40;T013;SPT120018W;202302000080543
2023-09-28 11:30:46;T012;SPT120018W;202301000128551
2023-09-28 11:30:56;T013;SPT120018W;202302000080544
2023-09-28 11:32:05;T013;SPT120018W;202302000080545
2023-09-28 11:32:35;T012;SPT120018W;202301000128552
2023-09-28 11:33:38;T013;SPT120018W;202302000080546
2023-09-28 11:33:48;T012;SPT120018W;202301000128553
2023-09-28 11:34:39;T013;SPT120018W;202302000080547
2023-09-28 11:35:26;T012;SPT120018W;202301000128554
2023-09-28 11:36:09;T013;SPT120018W;202302000080548
2023-09-28 11:36:17;T012;SPT120018W;202301000128555
2023-09-28 11:37:30;T013;SPT120018W;202302000080549
2023-09-28 11:38:49;T013;SPT120018W;202302000080550
2023-09-28 11:38:56;T012;SPT120018W;202301000128556
2023-09-28 11:40:11;T013;SPT120018W;202302000080551
2023-09-28 11:40:48;T012;SPT120018W;202301000128557
2023-09-28 11:41:25;T013;SPT120018W;202302000080552
2023-09-28 11:42:43;T013;SPT120018W;202302000080553
2023-09-28 11:43:38;T013;SPT120018W;202302000080554
2023-09-28 11:44:39;T013;SPT120018W;202302000080554
2023-09-28 11:45:08;T012;SPT120018W;202301000128558
2023-09-28 11:45:32;T013;SPT120018W;202302000080555
2023-09-28 11:46:11;T012;SPT120018W;202301000128559
2023-09-28 11:46:38;T013;SPT120018W;202302000080556
2023-09-28 11:47:04;T012;SPT120018W;202301000128560
2023-09-28 11:47:52;T012;SPT120018W;202301000128561
2023-09-28 11:48:06;T013;SPT120018W;202302000080557
2023-09-28 11:48:41;T012;SPT120018W;202301000128562
2023-09-28 11:49:36;T013;SPT120018W;202302000080558
2023-09-28 11:49:49;T012;SPT120018W;202301000128563
2023-09-28 11:51:05;T013;SPT120018W;202302000080559
2023-09-28 11:51:32;T012;SPT120018W;202301000128564
2023-09-28 11:52:33;T013;SPT120018W;202302000080560
2023-09-28 11:52:55;T012;SPT120018W;202301000128565
2023-09-28 11:53:49;T013;SPT120018W;202302000080561
2023-09-28 11:54:52;T012;SPT120018W;202301000128566
2023-09-28 11:55:24;T013;SPT120018W;202302000080562
2023-09-28 11:55:35;T012;SPT120018W;202301000128566
2023-09-28 11:56:21;T012;SPT120018W;202301000128567
2023-09-28 11:56:39;T013;SPT120018W;202302000080563
2023-09-28 11:57:48;T012;SPT120018W;202301000128568
2023-09-28 11:57:59;T013;SPT120018W;202302000080564
2023-09-28 11:59:03;T012;SPT120018W;202301000128569
2023-09-28 11:59:19;T013;SPT120018W;202302000080565
2023-09-28 12:00:20;T012;SPT120018W;202301000128570
2023-09-28 12:00:38;T013;SPT120018W;202302000080566
2023-09-28 12:01:13;T012;SPT120018W;202301000128571
2023-09-28 12:01:51;T013;SPT120018W;202302000080567
2023-09-28 12:03:05;T013;SPT120018W;202302000080568
2023-09-28 12:03:07;T012;SPT120018W;202301000128572
2023-09-28 12:03:57;T012;SPT120018W;202301000128573
2023-09-28 12:04:05;T013;SPT120018W;202302000080569
2023-09-28 12:05:09;T012;SPT120018W;202301000128574
2023-09-28 12:05:32;T013;SPT120018W;202302000080570
2023-09-28 12:06:33;T013;SPT120018W;202302000080571
2023-09-28 12:07:49;T013;SPT120018W;202302000080572
2023-09-28 12:07:59;T012;SPT120018W;202301000128575
2023-09-28 12:09:03;T012;SPT120018W;202301000128576
2023-09-28 12:09:11;T013;SPT120018W;202302000080573
2023-09-28 12:10:03;T012;SPT120018W;202301000128577
2023-09-28 12:10:19;T013;SPT120018W;202302000080574
2023-09-28 12:10:49;T012;SPT120018W;202301000128578
2023-09-28 12:11:26;T013;SPT120018W;202302000080575
2023-09-28 12:11:58;T012;SPT120018W;202301000128579
2023-09-28 12:13:00;T013;SPT120018W;202302000080576
2023-09-28 12:13:31;T012;SPT120018W;202301000128580
2023-09-28 12:14:21;T012;SPT120018W;202301000128581
2023-09-28 12:14:34;T013;SPT120018W;202302000080577
2023-09-28 12:15:20;T012;SPT120018W;202301000128582
2023-09-28 12:15:29;T013;SPT120018W;202302000080578
2023-09-28 12:16:23;T012;SPT120018W;202301000128583
2023-09-28 12:17:08;T013;SPT120018W;202302000080579
2023-09-28 12:17:49;T012;SPT120018W;202301000128584
2023-09-28 12:18:50;T012;SPT120018W;202301000128585
2023-09-28 12:19:20;T013;SPT120018W;202302000080580
2023-09-28 12:19:49;T012;SPT120018W;202301000128586
2023-09-28 12:20:16;T013;SPT120018W;202302000080581
2023-09-28 12:21:11;T013;SPT120018W;202302000080582
2023-09-28 12:21:47;T012;SPT120018W;202301000128587
2023-09-28 12:22:31;T012;SPT120018W;202301000128588
2023-09-28 12:22:59;T013;SPT120018W;202302000080583
2023-09-28 12:23:19;T012;SPT120018W;202301000128588
2023-09-28 12:23:51;T013;SPT120018W;202302000080584
2023-09-28 12:24:06;T012;SPT120018W;202301000128589
2023-09-28 12:24:57;T012;SPT120018W;202301000128590
2023-09-28 12:25:45;T012;SPT120018W;202301000128591
2023-09-28 12:26:04;T013;SPT120018W;202302000080585
2023-09-28 12:27:07;T013;SPT120018W;202302000080586
2023-09-28 12:27:10;T012;SPT120018W;202301000128592
2023-09-28 12:28:19;T013;SPT120018W;202302000080587
2023-09-28 12:29:18;T012;SPT120018W;202301000128593
2023-09-28 12:29:32;T013;SPT120018W;202302000080588
2023-09-28 12:30:32;T012;SPT120018W;202301000128594
2023-09-28 12:30:46;T013;SPT120018W;202302000080589
2023-09-28 12:31:17;T012;SPT120018W;202301000128595
2023-09-28 12:31:51;T013;SPT120018W;202302000080590
2023-09-28 12:32:13;T012;SPT120018W;202301000128596
2023-09-28 12:32:48;T013;SPT120018W;202302000080591
2023-09-28 12:33:24;T012;SPT120018W;202301000128597
2023-09-28 12:33:49;T013;SPT120018W;202302000080592
2023-09-28 12:34:16;T012;SPT120018W;202301000128598
2023-09-28 12:35:25;T012;SPT120018W;202301000128599
2023-09-28 12:35:33;T013;SPT120018W;202302000080593
2023-09-28 12:36:43;T012;SPT120018W;202301000128600
2023-09-28 12:36:46;T013;SPT120018W;202302000080594
2023-09-28 12:37:48;T012;SPT120018W;202301000128601
2023-09-28 12:38:19;T013;SPT120018W;202302000080595
2023-09-28 12:39:09;T012;SPT120018W;202301000128604
2023-09-28 12:40:13;T013;SPT120018W;202302000080596
2023-09-28 12:41:41;T013;SPT120018W;202302000080597
2023-09-28 12:43:01;T013;SPT120018W;202302000080598
2023-09-28 12:43:06;T012;SPT120018W;202301000128602
2023-09-28 12:43:56;T013;SPT120018W;202302000080599
2023-09-28 12:44:35;T012;SPT120018W;202301000128603
2023-09-28 12:44:57;T013;SPT120018W;202302000080600
2023-09-28 12:45:43;T012;SPT120018W;202301000128605
2023-09-28 12:46:21;T013;SPT120018W;202302000080601
2023-09-28 12:46:29;T012;SPT120018W;202301000128606
2023-09-28 12:47:18;T013;SPT120018W;202302000080602
2023-09-28 12:47:23;T012;SPT120018W;202301000128607
2023-09-28 12:48:17;T012;SPT120018W;202301000128608
2023-09-28 12:48:34;T013;SPT120018W;202302000080603
2023-09-28 12:49:55;T013;SPT120018W;202302000080604
2023-09-28 12:49:57;T012;SPT120018W;202301000128609
2023-09-28 12:51:56;T012;SPT120018W;202301000128610
2023-09-28 12:52:02;T013;SPT120018W;202302000080605
2023-09-28 12:52:33;T012;SPT120018W;202301000128611
2023-09-28 12:52:57;T013;SPT120018W;202302000080606
2023-09-28 12:53:18;T012;SPT120018W;202301000128612
2023-09-28 12:54:07;T012;SPT120018W;202301000128613
2023-09-28 12:54:50;T013;SPT120018W;202302000080607
2023-09-28 12:54:55;T012;SPT120018W;202301000128614
2023-09-28 12:55:45;T013;SPT120018W;202302000080608
2023-09-28 12:55:49;T012;SPT120018W;202301000128615
2023-09-28 12:57:19;T013;SPT120018W;202302000080609
2023-09-28 12:57:55;T012;SPT120018W;202301000128616
2023-09-28 12:58:15;T013;SPT120018W;202302000080610
2023-09-28 12:58:38;T012;SPT120018W;202301000128616
2023-09-28 12:59:16;T012;SPT120018W;202301000128617
2023-09-28 14:00:37;T013;SPT120018W;202302000080611
2023-09-28 14:01:34;T013;SPT120018W;202302000080612
2023-09-28 14:01:47;T012;SPT120018W;202301000128617
2023-09-28 14:02:37;T013;SPT120018W;202302000080613
2023-09-28 14:03:05;T012;SPT120018W;202301000128618
2023-09-28 14:03:55;T013;SPT120018W;202302000080614
2023-09-28 14:04:11;T012;SPT120018W;202301000128619
2023-09-28 14:04:54;T013;SPT120018W;202302000080615
2023-09-28 14:05:44;T012;SPT120018W;202301000128619
2023-09-28 14:06:26;T013;SPT120018W;202302000080616
2023-09-28 14:06:38;T012;SPT120018W;202301000128620
2023-09-28 14:08:15;T012;SPT120018W;202301000128621
2023-09-28 14:08:22;T013;SPT120018W;202302000080617
2023-09-28 14:09:08;T012;SPT120018W;202301000128622
2023-09-28 14:09:29;T013;SPT120018W;202302000080618
2023-09-28 14:10:49;T013;SPT120018W;202302000080619
2023-09-28 14:10:51;T012;SPT120018W;202301000128623
2023-09-28 14:11:37;T012;SPT120018W;202301000128625
2023-09-28 14:12:12;T013;SPT120018W;202302000080620
2023-09-28 14:13:05;T012;SPT120018W;202301000128624
2023-09-28 14:13:26;T013;SPT120018W;202302000080621
2023-09-28 14:14:38;T013;SPT120018W;202302000080622
2023-09-28 14:14:49;T012;SPT120018W;202301000128625
2023-09-28 14:15:30;T012;SPT120018W;202301000128626
2023-09-28 14:15:49;T013;SPT120018W;202302000080623
2023-09-28 14:17:14;T012;SPT120018W;202301000128627
2023-09-28 14:18:19;T013;SPT120018W;202302000080624
2023-09-28 14:18:24;T012;SPT120018W;202301000128628
2023-09-28 14:19:15;T012;SPT120018W;202301000128629
2023-09-28 14:19:24;T013;SPT120018W;202302000080625
2023-09-28 14:20:19;T013;SPT120018W;202302000080626
2023-09-28 14:20:38;T012;SPT120018W;202301000128630
2023-09-28 14:22:02;T012;SPT120018W;202301000128632
2023-09-28 14:22:07;T013;SPT120018W;202302000080627
2023-09-28 14:22:55;T012;SPT120018W;202301000128631
2023-09-28 14:23:04;T013;SPT120018W;202302000080628
2023-09-28 14:23:39;T012;SPT120018W;202301000128633
2023-09-28 14:24:02;T013;SPT120018W;202302000080629
2023-09-28 14:24:52;T012;SPT120018W;202301000128634
2023-09-28 14:26:22;T013;SPT120018W;202302000080630
2023-09-28 14:26:28;T012;SPT120018W;202301000128635
2023-09-28 14:27:24;T012;SPT120018W;202301000128636
2023-09-28 14:27:49;T013;SPT120018W;202302000080631
2023-09-28 14:28:45;T013;SPT120018W;202302000080632
2023-09-28 14:30:28;T012;SPT120018W;202301000128637
2023-09-28 14:30:50;T013;SPT120018W;202302000080633
2023-09-28 14:31:53;T012;SPT120018W;202301000128638
2023-09-28 14:32:04;T013;SPT120018W;202302000080634
2023-09-28 14:32:52;T012;SPT120018W;202301000128639
2023-09-28 14:33:49;T012;SPT120018W;202301000128640
2023-09-28 14:33:51;T013;SPT120018W;202302000080635
2023-09-28 14:34:55;T013;SPT120018W;202302000080636
2023-09-28 14:38:01;T013;SPT120018W;202302000080637
2023-09-28 14:38:15;T012;SPT120018W;202301000128641
2023-09-28 14:38:55;T013;SPT120018W;202302000080638
2023-09-28 14:39:01;T012;SPT120018W;202301000128642
2023-09-28 14:39:46;T012;SPT120018W;202301000128643
2023-09-28 14:40:13;T013;SPT120018W;202302000080639
2023-09-28 14:41:35;T013;SPT120018W;202302000080640
2023-09-28 14:41:56;T012;SPT120018W;202301000128644
2023-09-28 14:42:32;T013;SPT120018W;202302000080641
2023-09-28 14:42:55;T012;SPT120018W;202301000128645
2023-09-28 14:43:51;T013;SPT120018W;202302000080642
2023-09-28 14:44:20;T012;SPT120018W;202301000128646
2023-09-28 14:45:15;T013;SPT120018W;202302000080643
2023-09-28 14:45:28;T012;SPT120018W;202301000128647
2023-09-28 14:46:09;T013;SPT120018W;202302000080644
2023-09-28 14:46:23;T012;SPT120018W;202301000128648
2023-09-28 14:47:10;T012;SPT120018W;202301000128649
2023-09-28 14:47:43;T013;SPT120018W;202302000080645
2023-09-28 14:48:36;T012;SPT120018W;202301000128650
2023-09-28 14:49:55;T013;SPT120018W;202302000080646
2023-09-28 14:50:07;T012;SPT120018W;202301000128651
2023-09-28 14:50:48;T013;SPT120018W;202302000080647
2023-09-28 14:52:06;T012;SPT120018W;202301000128652
2023-09-28 14:52:17;T013;SPT120018W;202302000080648
2023-09-28 14:53:06;T012;SPT120018W;202301000128653
2023-09-28 14:53:46;T013;SPT120018W;202302000080649
2023-09-28 14:53:56;T012;SPT120018W;202301000128654
2023-09-28 14:54:59;T013;SPT120018W;202302000080649
2023-09-28 14:55:16;T012;SPT120018W;202301000128655
2023-09-28 14:55:50;T013;SPT120018W;202302000080650
2023-09-28 14:56:32;T012;SPT120018W;202301000128656
2023-09-28 14:56:45;T013;SPT120018W;202302000080651
2023-09-28 14:57:37;T012;SPT120018W;202301000128657
2023-09-28 14:57:40;T013;SPT120018W;202302000080652
2023-09-28 14:59:23;T013;SPT120018W;202302000080653
2023-09-28 14:59:25;T012;SPT120018W;202301000128658
2023-09-28 15:00:13;T013;SPT120018W;202302000080654
2023-09-28 15:01:27;T013;SPT120018W;202302000080655
2023-09-28 15:02:30;T012;SPT120018W;202301000128659
2023-09-28 15:03:26;T013;SPT120018W;202302000080656
2023-09-28 15:04:00;T012;SPT120018W;202301000128660
2023-09-28 15:04:49;T012;SPT120018W;202301000128661
2023-09-28 15:05:51;T012;SPT120018W;202301000128662
2023-09-28 15:07:43;T013;SPT120018W;202302000080657
2023-09-28 15:07:47;T012;SPT120018W;202301000128663
2023-09-28 15:08:39;T013;SPT120018W;202302000080659
2023-09-28 15:09:36;T012;SPT120018W;202301000128679
2023-09-28 15:09:53;T013;SPT120018W;202302000080658
2023-09-28 15:10:47;T012;SPT120018W;202301000128680
2023-09-28 15:10:52;T013;SPT120018W;202302000080660
2023-09-28 15:11:24;T012;SPT120018W;202301000128680
2023-09-28 15:11:47;T013;SPT120018W;202302000080661
2023-09-28 15:12:11;T012;SPT120018W;202301000128681
2023-09-28 15:12:43;T013;SPT120018W;202302000080662
2023-09-28 15:13:14;T012;SPT120018W;202301000128682
2023-09-28 15:13:35;T013;SPT120018W;202302000080663
2023-09-28 15:14:32;T012;SPT120018W;202301000128683
2023-09-28 15:15:10;T013;SPT120018W;202302000080664
2023-09-28 15:16:35;T012;SPT120018W;202301000128684
2023-09-28 15:16:51;T013;SPT120018W;202302000080665
2023-09-28 15:17:43;T012;SPT120018W;202301000128685
2023-09-28 15:17:44;T013;SPT120018W;202302000080666
2023-09-28 15:18:39;T013;SPT120018W;202302000080667
2023-09-28 15:19:06;T012;SPT120018W;202301000128686
2023-09-28 15:19:53;T013;SPT120018W;202302000080668
2023-09-28 15:21:10;T012;SPT120018W;202301000128687
2023-09-28 15:21:24;T013;SPT120018W;202302000080669
2023-09-28 15:22:09;T012;SPT120018W;202301000128688
2023-09-28 15:22:45;T013;SPT120018W;202302000080670
2023-09-28 15:24:10;T013;SPT120018W;202302000080671
2023-09-28 15:24:33;T012;SPT120018W;202301000128689
2023-09-28 15:25:03;T013;SPT120018W;202302000080672
2023-09-28 15:25:31;T012;SPT120018W;202301000128690
2023-09-28 15:26:55;T013;SPT120018W;202302000080673
2023-09-28 15:27:52;T013;SPT120018W;202302000080674
2023-09-28 15:29:26;T012;SPT120018W;202301000128697
2023-09-28 15:29:33;T013;SPT120018W;202302000080675
2023-09-28 15:30:24;T013;SPT120018W;202302000080676
2023-09-28 15:30:44;T012;SPT120018W;202301000128698
2023-09-28 15:31:35;T012;SPT120018W;202301000128699
2023-09-28 15:32:14;T013;SPT120018W;202302000080677
2023-09-28 15:32:37;T012;SPT120018W;202301000128694
2023-09-28 15:33:24;T013;SPT120018W;202302000080678
2023-09-28 15:33:46;T012;SPT120018W;202301000128695
2023-09-28 15:34:38;T013;SPT120018W;202302000080679
2023-09-28 15:35:03;T012;SPT120018W;202301000128696
2023-09-28 15:35:53;T013;SPT120018W;202302000080680
2023-09-28 15:36:32;T012;SPT120018W;202301000128700
2023-09-28 15:36:46;T013;SPT120018W;202302000080681
2023-09-28 15:37:23;T012;SPT120018W;202301000128701
2023-09-28 15:38:10;T013;SPT120018W;202302000080682
2023-09-28 15:38:16;T012;SPT120018W;202301000128702
2023-09-28 15:39:07;T013;SPT120018W;202302000080683
2023-09-28 15:39:37;T012;SPT120018W;202301000128703
2023-09-28 15:40:17;T013;SPT120018W;202302000080684
2023-09-28 15:40:40;T012;SPT120018W;202301000128704
2023-09-28 15:41:26;T013;SPT120018W;202302000080685
2023-09-28 15:43:37;T012;SPT120018W;202301000128693
2023-09-28 15:43:57;T013;SPT120018W;202302000080686
2023-09-28 15:44:36;T012;SPT120018W;202301000128692
2023-09-28 15:44:49;T013;SPT120018W;202302000080687
2023-09-28 15:45:48;T013;SPT120018W;202302000080688
2023-09-28 15:46:47;T013;SPT120018W;202302000080689
2023-09-28 15:46:55;T012;SPT120018W;202301000128691
2023-09-28 15:47:49;T013;SPT120018W;202302000080690
2023-09-28 15:48:03;T012;SPT120018W;202301000128691
2023-09-28 15:48:44;T012;SPT120018W;202301000128664
2023-09-28 15:48:59;T013;SPT120018W;202302000080691
2023-09-28 15:49:38;T012;SPT120018W;202301000128691
2023-09-28 15:50:00;T013;SPT120018W;202302000080692
2023-09-28 15:50:29;T012;SPT120018W;202301000128665
2023-09-28 15:51:14;T012;SPT120018W;202301000128666
2023-09-28 15:51:15;T013;SPT120018W;202302000080693
2023-09-28 15:52:17;T013;SPT120018W;202302000080694
2023-09-28 15:52:43;T012;SPT120018W;202301000128667
2023-09-28 15:53:27;T012;SPT120018W;202301000128668
2023-09-28 15:53:28;T013;SPT120018W;202302000080695
2023-09-28 15:54:27;T012;SPT120018W;202301000128669
2023-09-28 15:55:08;T013;SPT120018W;202302000080696
2023-09-28 15:55:31;T012;SPT120018W;202301000128670
2023-09-28 15:56:28;T013;SPT120018W;202302000080697
2023-09-28 15:56:37;T012;SPT120018W;202301000128670
2023-09-28 15:57:14;T012;SPT120018W;202301000128670
2023-09-28 15:57:33;T013;SPT120018W;202302000080657
2023-09-28 15:58:03;T012;SPT120018W;202301000128671
2023-09-28 15:58:45;T013;SPT120018W;202302000080698
2023-09-28 15:59:32;T012;SPT120018W;202301000128672
2023-09-28 15:59:39;T013;SPT120018W;202302000080699
2023-09-28 16:00:20;T012;SPT120018W;202301000128673
2023-09-28 16:00:35;T013;SPT120018W;202302000080700
2023-09-28 16:01:32;T012;SPT120018W;202301000128674
2023-09-28 16:02:44;T012;SPT120018W;202301000128675
2023-09-28 16:02:47;T013;SPT120018W;202302000080706
2023-09-28 16:03:51;T012;SPT120018W;202301000128676
2023-09-28 16:04:00;T013;SPT120018W;202302000080701
2023-09-28 16:04:52;T013;SPT120018W;202302000080702
2023-09-28 16:05:10;T012;SPT120018W;202301000128677
2023-09-28 16:05:55;T013;SPT120018W;202302000080703
2023-09-28 16:06:21;T012;SPT120018W;202301000128678
2023-09-28 16:06:57;T013;SPT120018W;202302000080704
2023-09-28 16:07:28;T012;SPT120018W;202301000128705
2023-09-28 16:08:09;T013;SPT120018W;202302000080705
2023-09-28 16:08:47;T012;SPT120018W;202301000128706
2023-09-28 16:09:44;T013;SPT120018W;202302000080707
2023-09-28 16:09:58;T012;SPT120018W;202301000128707
2023-09-28 16:11:31;T013;SPT120018W;202302000080708
2023-09-28 16:11:43;T012;SPT120018W;202301000128708
2023-09-28 16:12:39;T013;SPT120018W;202302000080709
2023-09-28 16:12:49;T012;SPT120018W;202301000128709
2023-09-28 16:13:27;T012;SPT120018W;202301000128709
2023-09-28 16:14:08;T013;SPT120018W;202302000080710
2023-09-28 16:14:20;T012;SPT120018W;202301000128710
2023-09-28 16:15:08;T013;SPT120018W;202302000080711
2023-09-28 16:15:13;T012;SPT120018W;202301000128711
2023-09-28 16:16:34;T012;SPT120018W;202301000128712
2023-09-28 16:16:35;T013;SPT120018W;202302000080712
2023-09-28 16:17:34;T012;SPT120018W;202301000128713
2023-09-28 16:17:48;T013;SPT120018W;202302000080713
2023-09-28 16:19:06;T013;SPT120018W;202302000080714
2023-09-28 16:20:22;T013;SPT120018W;202302000080715
2023-09-28 16:20:25;T012;SPT120018W;202301000128714
2023-09-28 16:21:42;T012;SPT120018W;202301000128715
2023-09-28 16:21:43;T013;SPT120018W;202302000080716
2023-09-28 16:22:48;T012;SPT120018W;202301000128716
2023-09-28 16:23:08;T013;SPT120018W;202302000080717
2023-09-28 16:23:43;T012;SPT120018W;202301000128717
2023-09-28 16:24:49;T012;SPT120018W;202301000128718
2023-09-28 16:25:13;T013;SPT120018W;202302000080718
2023-09-28 16:26:36;T013;SPT120018W;202302000080719
2023-09-28 16:26:49;T012;SPT120018W;202301000128719
2023-09-28 16:27:38;T013;SPT120018W;202302000080720
2023-09-28 16:28:56;T013;SPT120018W;202302000080721
2023-09-28 16:29:50;T013;SPT120018W;202302000080722
2023-09-28 16:29:54;T012;SPT120018W;202301000128720
2023-09-28 16:30:34;T012;SPT120018W;202301000128721
2023-09-28 16:47:19;T013;SPT120018W;202302000080723
2023-09-28 16:48:18;T013;SPT120018W;202302000080724
2023-09-28 16:48:55;T012;SPT120018W;202301000128722
2023-09-28 16:49:40;T013;SPT120018W;202302000080725
2023-09-28 16:51:01;T012;SPT120018W;202301000128723
2023-09-28 16:52:07;T012;SPT120018W;202301000128724
2023-09-28 16:52:20;T013;SPT120018W;202302000080726
2023-09-28 16:52:54;T012;SPT120018W;202301000128725
2023-09-28 16:53:49;T012;SPT120018W;202301000128726
2023-09-28 16:54:17;T013;SPT120018W;202302000080727
2023-09-28 16:55:04;T012;SPT120018W;202301000128727
2023-09-28 16:55:42;T013;SPT120018W;202302000080728
2023-09-28 16:56:43;T012;SPT120018W;202301000128728
2023-09-28 16:56:56;T013;SPT120018W;202302000080729
2023-09-28 16:58:20;T013;SPT120018W;202302000080730
2023-09-28 17:00:26;T013;SPT120018W;202302000080731
2023-09-28 17:01:05;T012;SPT120018W;202301000128730
2023-09-28 17:01:27;T013;SPT120018W;202302000080732
2023-09-28 17:02:24;T013;SPT120018W;202302000080733
2023-09-28 17:02:30;T012;SPT120018W;202301000128731
2023-09-28 17:03:53;T013;SPT120018W;202302000080734
2023-09-28 17:05:02;T012;SPT120018W;202301000128732
2023-09-28 17:05:22;T013;SPT120018W;202302000080735
2023-09-28 17:05:38;T012;SPT120018W;202301000128732
2023-09-28 17:06:25;T012;SPT120018W;202301000128733
2023-09-28 17:06:26;T013;SPT120018W;202302000080736
2023-09-28 17:07:20;T012;SPT120018W;202301000128729
2023-09-28 17:07:35;T013;SPT120018W;202302000080737
2023-09-28 17:08:14;T012;SPT120018W;202301000128734
2023-09-28 17:08:52;T013;SPT120018W;202302000080738
2023-09-28 17:09:09;T012;SPT120018W;202301000128735
2023-09-28 17:09:59;T013;SPT120018W;202302000080739
2023-09-28 17:10:27;T012;SPT120018W;202301000128736
2023-09-28 17:11:30;T012;SPT120018W;202301000128737
2023-09-28 17:12:14;T013;SPT120018W;202302000080740
2023-09-28 17:12:37;T012;SPT120018W;202301000128738
2023-09-28 17:13:07;T013;SPT120018W;202302000080741
2023-09-28 17:13:31;T012;SPT120018W;202301000128739
2023-09-28 17:14:28;T013;SPT120018W;202302000080742
2023-09-28 17:14:42;T012;SPT120018W;202301000128740
2023-09-28 17:16:03;T012;SPT120018W;202301000128741
2023-09-28 17:16:07;T013;SPT120018W;202302000080743
2023-09-28 17:17:02;T012;SPT120018W;202301000128742
2023-09-28 17:17:13;T013;SPT120018W;202302000080744
2023-09-28 17:19:11;T013;SPT120018W;202302000080745
2023-09-28 17:20:12;T013;SPT120018W;202302000080746
2023-09-28 17:21:14;T013;SPT120018W;202302000080747
2023-09-28 17:22:31;T013;SPT120018W;202302000080748
2023-09-28 17:23:31;T012;SPT120018W;202301000128744
2023-09-28 17:24:13;T013;SPT120018W;202302000080749
2023-09-28 17:25:33;T012;SPT120018W;202301000128745
2023-09-28 17:25:36;T013;SPT120018W;202302000080750
2023-09-28 17:26:39;T012;SPT120018W;202301000128746
2023-09-28 17:27:21;T013;SPT120018W;202302000080751
2023-09-28 17:27:46;T012;SPT120018W;202301000128747
2023-09-28 17:28:16;T013;SPT120018W;202302000080752
2023-09-28 17:28:44;T012;SPT120018W;202301000128748
2023-09-28 17:29:27;T013;SPT120018W;202302000080753
2023-09-28 17:29:41;T012;SPT120018W;202301000128743
2023-09-28 17:30:20;T012;SPT120018W;202301000128743
2023-09-28 17:30:50;T013;SPT120018W;202302000080754
2023-09-28 17:31:08;T012;SPT120018W;202301000128749
2023-09-28 17:31:46;T013;SPT120018W;202302000080755
2023-09-28 17:31:57;T012;SPT120018W;202301000128750
2023-09-28 17:32:46;T012;SPT120018W;202301000128751
2023-09-28 17:32:55;T013;SPT120018W;202302000080756
2023-09-28 17:33:50;T012;SPT120018W;202301000128752
2023-09-28 17:34:49;T013;SPT120018W;202302000080757
2023-09-28 17:35:07;T012;SPT120018W;202301000128753
2023-09-28 17:36:18;T012;SPT120018W;202301000128754
2023-09-28 17:36:19;T013;SPT120018W;202302000080758
2023-09-28 17:37:22;T013;SPT120018W;202302000080759
2023-09-28 17:37:24;T012;SPT120018W;202301000128755
2023-09-28 17:38:28;T012;SPT120018W;202301000128756
2023-09-28 17:38:35;T013;SPT120018W;202302000080760
2023-09-28 17:39:28;T012;SPT120018W;202301000128757
2023-09-29 09:05:16;T013;SPT120018W;202302000080761
2023-09-29 09:07:03;T013;SPT120018W;202302000080761
2023-09-29 09:08:32;T013;SPT120018W;202302000080761
2023-09-29 09:10:06;T013;SPT120018W;202302000080761
2023-09-29 09:11:15;T013;SPT120018W;202302000080762
2023-09-29 09:12:45;T013;SPT120018W;202302000080763
2023-09-29 09:13:22;T013;SPT120018W;202302000080763
2023-09-29 09:14:44;T013;SPT120018W;202302000080764
2023-09-29 09:15:58;T013;SPT120018W;202302000080765
2023-09-29 09:17:06;T013;SPT120018W;202302000080765
2023-09-29 09:18:11;T013;SPT120018W;202302000080765
2023-09-29 09:19:14;T013;SPT120018W;202302000080766
2023-09-29 09:20:26;T013;SPT120018W;202302000080767
2023-09-29 09:21:28;T013;SPT120018W;202302000080768
2023-09-29 09:23:07;T013;SPT120018W;202302000080769
2023-09-29 09:24:06;T013;SPT120018W;202302000080770
2023-09-29 09:25:43;T013;SPT120018W;202302000080771
2023-09-29 09:26:56;T013;SPT120018W;202302000080772
2023-09-29 09:28:08;T013;SPT120018W;202302000080773
2023-09-29 09:29:24;T013;SPT120018W;202302000080774
2023-09-29 09:30:46;T013;SPT120018W;202302000080775
2023-09-29 09:31:51;T013;SPT120018W;202302000080776
2023-09-29 09:32:57;T013;SPT120018W;202302000080777
2023-09-29 09:34:41;T013;SPT120018W;202302000080778
2023-09-29 09:35:52;T013;SPT120018W;202302000080779
2023-09-29 09:36:55;T013;SPT120018W;202302000080780
2023-09-29 09:40:20;T013;SPT120018W;202302000080781
2023-09-29 09:41:10;T013;SPT120018W;202302000080782
2023-09-29 09:42:16;T013;SPT120018W;202302000080783
2023-09-29 09:43:24;T013;SPT120018W;202302000080784
2023-09-29 09:44:21;T013;SPT120018W;202302000080785
2023-09-29 09:45:21;T013;SPT120018W;202302000080786
2023-09-29 09:46:17;T013;SPT120018W;202302000080787
2023-09-29 09:47:20;T013;SPT120018W;202302000080788
2023-09-29 09:48:19;T013;SPT120018W;202302000080789
2023-09-29 09:49:33;T013;SPT120018W;202302000080790
2023-09-29 09:50:51;T013;SPT120018W;202302000080791
2023-09-29 09:51:59;T013;SPT120018W;202302000080792
2023-09-29 09:53:15;T013;SPT120018W;202302000080793
2023-09-29 09:54:23;T013;SPT120018W;202302000080794
2023-09-29 09:55:29;T013;SPT120018W;202302000080795
2023-09-29 09:56:46;T013;SPT120018W;202302000080796
2023-09-29 09:58:03;T013;SPT120018W;202302000080797
2023-09-29 09:59:57;T013;SPT120018W;202302000080798
2023-09-29 10:01:40;T013;SPT120018W;202302000080799
2023-09-29 10:02:44;T013;SPT120018W;202302000080800
2023-09-29 10:03:40;T013;SPT120018W;202302000080801
2023-09-29 10:04:29;T013;SPT120018W;202302000080802
2023-09-29 10:05:32;T013;SPT120018W;202302000080803
2023-09-29 10:07:13;T013;SPT120018W;202302000080804
2023-09-29 10:08:18;T013;SPT120018W;202302000080805
2023-09-29 10:09:23;T013;SPT120018W;202302000080806
2023-09-29 10:10:23;T013;SPT120018W;202302000080807
2023-09-29 10:11:24;T013;SPT120018W;202302000080808
2023-09-29 10:12:20;T013;SPT120018W;202302000080809
2023-09-29 10:14:03;T013;SPT120018W;202302000080810
2023-09-29 10:15:18;T013;SPT120018W;202302000080811
2023-09-29 10:16:15;T013;SPT120018W;202302000080812
2023-09-29 10:17:24;T013;SPT120018W;202302000080813
2023-09-29 10:19:05;T013;SPT120018W;202302000080814
2023-09-29 10:20:12;T013;SPT120018W;202302000080815
2023-09-29 10:21:22;T013;SPT120018W;202302000080816
2023-09-29 10:22:34;T013;SPT120018W;202302000080817
2023-09-29 10:23:37;T013;SPT120018W;202302000080818
2023-09-29 10:24:23;T013;SPT120018W;202302000080818
2023-09-29 10:25:22;T013;SPT120018W;202302000080819
2023-09-29 10:26:23;T013;SPT120018W;202302000080820
2023-09-29 10:27:23;T013;SPT120018W;202302000080821
2023-09-29 10:28:22;T013;SPT120018W;202302000080822
2023-09-29 10:29:28;T013;SPT120018W;202302000080823
2023-09-29 10:30:31;T013;SPT120018W;202302000080824
2023-09-29 10:48:46;T013;SPT120018W;202302000080825
2023-09-29 10:50:10;T013;SPT120018W;202302000080826
2023-09-29 10:51:24;T013;SPT120018W;202302000080827
2023-09-29 10:52:40;T013;SPT120018W;202302000080828
2023-09-29 10:53:35;T013;SPT120018W;202302000080829
2023-09-29 10:54:38;T013;SPT120018W;202302000080830
2023-09-29 10:55:47;T013;SPT120018W;202302000080831
2023-09-29 10:57:40;T013;SPT120018W;202302000080832
2023-09-29 10:58:42;T013;SPT120018W;202302000080833
2023-09-29 10:59:59;T013;SPT120018W;202302000080834
2023-09-29 11:01:01;T013;SPT120018W;202302000080835
2023-09-29 11:02:04;T013;SPT120018W;202302000080836
2023-09-29 11:03:04;T013;SPT120018W;202302000080837
2023-09-29 11:04:30;T013;SPT120018W;202302000080838
2023-09-29 11:07:29;T013;SPT120018W;202302000080839
2023-09-29 11:08:40;T013;SPT120018W;202302000080841
2023-09-29 11:09:36;T013;SPT120018W;202302000080842
2023-09-29 11:10:34;T013;SPT120018W;202302000080840
2023-09-29 11:11:27;T013;SPT120018W;202302000080843
2023-09-29 11:12:26;T013;SPT120018W;202302000080844
2023-09-29 11:13:17;T013;SPT120018W;202302000080845
2023-09-29 11:14:19;T013;SPT120018W;202302000080846
2023-09-29 11:15:27;T013;SPT120018W;202302000080847
2023-09-29 11:16:24;T013;SPT120018W;202302000080848
2023-09-29 11:17:24;T013;SPT120018W;202302000080849
2023-09-29 11:18:27;T013;SPT120018W;202302000080850
2023-09-29 11:19:26;T013;SPT120018W;202302000080851
2023-09-29 11:20:29;T013;SPT120018W;202302000080852
2023-09-29 11:21:28;T013;SPT120018W;202302000080853
2023-09-29 11:23:40;T013;SPT120018W;202302000080854
2023-09-29 11:24:42;T013;SPT120018W;202302000080855
2023-09-29 11:25:48;T013;SPT120018W;202302000080856
2023-09-29 11:27:10;T013;SPT120018W;202302000080857
2023-09-29 11:28:05;T013;SPT120018W;202302000080858
2023-09-29 11:29:22;T013;SPT120018W;202302000080859
2023-09-29 11:30:59;T013;SPT120018W;202302000080860
2023-09-29 11:32:04;T013;SPT120018W;202302000080861
2023-09-29 11:35:47;T013;SPT120018W;202302000080863
2023-09-29 11:37:05;T013;SPT120018W;202302000080864
2023-09-29 11:38:10;T013;SPT120018W;202302000080865
2023-09-29 11:39:11;T013;SPT120018W;202302000080866
2023-09-29 11:40:18;T013;SPT120018W;202302000080867
2023-09-29 11:41:40;T013;SPT120018W;202302000080868
2023-09-29 11:42:38;T013;SPT120018W;202302000080869
2023-09-29 11:43:33;T013;SPT120018W;202302000080870
2023-09-29 11:44:43;T013;SPT120018W;202302000080871
2023-09-29 11:45:57;T013;SPT120018W;202302000080872
2023-09-29 11:47:25;T013;SPT120018W;202302000080873
2023-09-29 11:51:28;T013;SPT120018W;202302000080875
2023-09-29 11:52:37;T013;SPT120018W;202302000080876
2023-09-29 11:53:39;T013;SPT120018W;202302000080877
2023-09-29 11:54:53;T013;SPT120018W;202302000080878
2023-09-29 11:55:59;T013;SPT120018W;202302000080879
2023-09-29 11:57:15;T013;SPT120018W;202302000080880
2023-09-29 12:00:07;T013;SPT120018W;202302000080881
2023-09-29 12:01:02;T013;SPT120018W;202302000080882
2023-09-29 12:01:57;T013;SPT120018W;202302000080862
2023-09-29 12:02:56;T013;SPT120018W;202302000080883
2023-09-29 12:04:25;T013;SPT120018W;202302000080874
2023-09-29 12:05:19;T013;SPT120018W;202302000080884
2023-09-29 12:06:12;T013;SPT120018W;202302000080885
2023-09-29 12:07:06;T013;SPT120018W;202302000080886
2023-09-29 12:08:03;T013;SPT120018W;202302000080887
2023-09-29 12:09:03;T013;SPT120018W;202302000080888
2023-09-29 12:09:59;T013;SPT120018W;202302000080889
2023-09-29 12:10:53;T013;SPT120018W;202302000080890
2023-09-29 12:12:31;T013;SPT120018W;202302000080891
2023-09-29 12:13:29;T013;SPT120018W;202302000080892
2023-09-29 12:14:25;T013;SPT120018W;202302000080893
2023-09-29 12:15:22;T013;SPT120018W;202302000080894
2023-09-29 12:16:33;T013;SPT120018W;202302000080895
2023-09-29 12:18:06;T013;SPT120018W;202302000080896
2023-09-29 12:19:18;T013;SPT120018W;202302000080897
2023-09-29 12:19:59;T013;SPT120018W;202302000080897
2023-09-29 12:20:59;T013;SPT120018W;202302000080898
2023-09-29 12:22:08;T013;SPT120018W;202302000080899
2023-09-29 12:23:09;T013;SPT120018W;202302000080900
2023-09-29 12:24:12;T013;SPT120018W;202302000080901
2023-09-29 12:25:14;T013;SPT120018W;202302000080902
2023-09-29 12:26:12;T013;SPT120018W;202302000080903
2023-09-29 12:27:16;T013;SPT120018W;202302000080904
2023-09-29 12:29:17;T013;SPT120018W;202302000080905
2023-09-29 12:30:34;T013;SPT120018W;202302000080906
2023-09-29 12:31:39;T013;SPT120018W;202302000080907
2023-09-29 12:32:45;T013;SPT120018W;202302000080908
2023-09-29 12:34:13;T013;SPT120018W;202302000080909
2023-09-29 12:37:34;T013;SPT120018W;202302000080910
2023-09-29 12:38:28;T013;SPT120018W;202302000080911
2023-09-29 12:39:24;T013;SPT120018W;202302000080912
2023-09-29 12:40:16;T013;SPT120018W;202302000080913
2023-09-29 12:41:11;T013;SPT120018W;202302000080914
2023-09-29 12:42:20;T013;SPT120018W;202302000080914
2023-09-29 12:43:23;T013;SPT120018W;202302000080915
2023-09-29 12:44:15;T013;SPT120018W;202302000080916
2023-09-29 12:45:24;T013;SPT120018W;202302000080917
2023-09-29 12:46:20;T013;SPT120018W;202302000080918
2023-09-29 12:49:44;T013;SPT120018W;202302000080920
2023-09-29 12:50:38;T013;SPT120018W;202302000080921
2023-09-29 12:51:41;T013;SPT120018W;202302000080922
2023-09-29 12:52:41;T013;SPT120018W;202302000080923
2023-09-29 12:53:48;T013;SPT120018W;202302000080919
2023-09-29 12:54:53;T013;SPT120018W;202302000080924
2023-09-29 12:55:54;T013;SPT120018W;202302000080925
2023-09-29 12:56:54;T013;SPT120018W;202302000080926
2023-09-29 12:57:55;T013;SPT120018W;202302000080927
2023-09-29 12:59:02;T013;SPT120018W;202302000080928
2023-09-29 14:02:43;T013;SPT120018W;202302000080929
2023-09-29 14:04:09;T013;SPT120018W;202302000080930
2023-09-29 14:05:06;T013;SPT120018W;202302000080931
2023-09-29 14:05:56;T013;SPT120018W;202302000080931
2023-09-29 14:06:49;T013;SPT120018W;202302000080932
2023-09-29 14:07:53;T013;SPT120018W;202302000080933
2023-09-29 14:08:55;T013;SPT120018W;202302000080934
2023-09-29 14:09:59;T013;SPT120018W;202302000080935
2023-09-29 14:10:58;T013;SPT120018W;202302000080936
2023-09-29 14:11:54;T013;SPT120018W;202302000080937
2023-09-29 14:13:01;T013;SPT120018W;202302000080937
2023-09-29 14:14:12;T013;SPT120018W;202302000080938
2023-09-29 14:15:18;T013;SPT120018W;202302000080939
2023-09-29 14:16:16;T013;SPT120018W;202302000080940
2023-09-29 14:18:12;T013;SPT120018W;202302000080941
2023-09-29 14:19:18;T013;SPT120018W;202302000080942
2023-09-29 14:20:02;T013;SPT120018W;202302000080942
2023-09-29 14:20:59;T013;SPT120018W;202302000080943
2023-09-29 14:21:50;T013;SPT120018W;202302000080944
2023-09-29 14:22:42;T013;SPT120018W;202302000080945
2023-09-29 14:23:39;T013;SPT120018W;202302000080946
2023-09-29 14:24:27;T013;SPT120018W;202302000080947
2023-09-29 14:25:20;T013;SPT120018W;202302000080948
2023-09-29 14:26:10;T013;SPT120018W;202302000080949
2023-09-29 14:27:29;T013;SPT120018W;202302000080950
2023-09-29 14:28:21;T013;SPT120018W;202302000080951
2023-09-29 14:29:09;T013;SPT120018W;202302000080951
2023-09-29 14:30:03;T013;SPT120018W;202302000080952
2023-09-29 14:31:36;T013;SPT120018W;202302000080954
2023-09-29 14:32:48;T013;SPT120018W;202302000080953
2023-09-29 14:34:00;T013;SPT120018W;202302000080955
2023-09-29 14:35:39;T013;SPT120018W;202302000080956
2023-09-29 14:36:41;T013;SPT120018W;202302000080957
2023-09-29 14:37:41;T013;SPT120018W;202302000080958
2023-09-29 14:38:39;T013;SPT120018W;202302000080959
2023-09-29 14:40:08;T013;SPT120018W;202302000080960
2023-09-29 14:40:44;T013;SPT120018W;202302000080960
2023-09-29 14:42:07;T013;SPT120018W;202302000080964
2023-09-29 14:42:59;T013;SPT120018W;202302000080961
2023-09-29 14:43:58;T013;SPT120018W;202302000080962
2023-09-29 14:44:42;T013;SPT120018W;202302000080962
2023-09-29 14:45:39;T013;SPT120018W;202302000080963
2023-09-29 14:46:40;T013;SPT120018W;202302000080965
2023-09-29 14:47:40;T013;SPT120018W;202302000080966
2023-09-29 14:48:53;T013;SPT120018W;202302000080967
2023-09-29 14:50:28;T013;SPT120018W;202302000080968
2023-09-29 14:51:12;T013;SPT120018W;202302000080968
2023-09-29 14:52:09;T013;SPT120018W;202302000080969
2023-09-29 14:53:10;T013;SPT120018W;202302000080970
2023-09-29 14:53:58;T013;SPT120018W;202302000080970
2023-09-29 14:54:54;T013;SPT120018W;202302000080971
2023-09-29 14:56:16;T013;SPT120018W;202302000080972
2023-09-29 14:57:25;T013;SPT120018W;202302000080973
2023-09-29 14:58:39;T013;SPT120018W;202302000080974
2023-09-29 14:59:36;T013;SPT120018W;202302000080975
2023-09-29 15:00:45;T013;SPT120018W;202302000080976
2023-09-29 15:01:45;T013;SPT120018W;202302000080977
2023-09-29 15:02:38;T013;SPT120018W;202302000080978
2023-09-29 15:03:39;T013;SPT120018W;202302000080979
2023-09-29 15:04:50;T013;SPT120018W;202302000080980
2023-09-29 15:05:55;T013;SPT120018W;202302000080981
2023-09-29 15:07:06;T013;SPT120018W;202302000080982
2023-09-29 15:08:10;T013;SPT120018W;202302000080983
2023-09-29 15:09:18;T013;SPT120018W;202302000080984
2023-09-29 15:10:25;T013;SPT120018W;202302000080985
2023-09-29 15:11:27;T013;SPT120018W;202302000080986
2023-09-29 15:12:45;T013;SPT120018W;202302000080987
2023-09-29 15:13:43;T013;SPT120018W;202302000080988
2023-09-29 15:14:47;T013;SPT120018W;202302000080989
2023-09-29 15:15:50;T013;SPT120018W;202302000080990
2023-09-29 15:16:45;T013;SPT120018W;202302000080991
2023-09-29 15:17:24;T013;SPT120018W;202302000080991
2023-09-29 15:18:12;T013;SPT120018W;202302000080992
2023-09-29 15:19:20;T013;SPT120018W;202302000080993
2023-09-29 15:20:42;T013;SPT120018W;202302000080994
2023-09-29 15:21:36;T013;SPT120018W;202302000080995
2023-09-29 15:22:41;T013;SPT120018W;202302000080996
2023-09-29 15:23:38;T013;SPT120018W;202302000080997
2023-09-29 15:24:39;T013;SPT120018W;202302000080998
2023-09-29 15:25:53;T013;SPT120018W;202302000080999
2023-09-29 15:27:07;T013;SPT120018W;202302000081000
2023-09-29 15:28:09;T013;SPT120018W;202302000081001
2023-09-29 15:29:29;T013;SPT120018W;202302000081002
2023-09-29 15:32:08;T013;SPT120018W;202302000081003
2023-09-29 15:34:38;T013;SPT120018W;202302000081004
2023-09-29 15:35:43;T013;SPT120018W;202302000081005
2023-09-29 15:36:46;T013;SPT120018W;202302000081006
2023-09-29 15:37:45;T013;SPT120018W;202302000081007
2023-09-29 15:38:37;T013;SPT120018W;202302000081008
2023-09-29 15:39:40;T013;SPT120018W;202302000081009
2023-09-29 15:40:53;T013;SPT120018W;202302000081010
2023-09-29 15:42:10;T013;SPT120018W;202302000081011
2023-09-29 15:43:22;T013;SPT120018W;202302000081012
2023-09-29 15:44:15;T013;SPT120018W;202302000081013
2023-09-29 15:46:17;T013;SPT120018W;202302000081014
2023-09-29 15:47:16;T013;SPT120018W;202302000081015
2023-09-29 15:48:16;T013;SPT120018W;202302000081016
2023-09-29 15:49:32;T013;SPT120018W;202302000081017
2023-09-29 15:50:32;T013;SPT120018W;202302000081018
2023-09-29 15:51:28;T013;SPT120018W;202302000081019
2023-09-29 15:53:08;T013;SPT120018W;202302000081020
2023-09-29 15:54:03;T013;SPT120018W;202302000081021
2023-09-29 15:55:01;T013;SPT120018W;202302000081022
2023-09-29 15:56:06;T013;SPT120018W;202302000081023
2023-09-29 15:57:04;T013;SPT120018W;202302000081024
2023-09-29 15:58:16;T013;SPT120018W;202302000081025
2023-09-29 16:00:33;T013;SPT120018W;202302000081026
2023-09-29 16:02:16;T013;SPT120018W;202302000081027
2023-09-29 16:03:11;T013;SPT120018W;202302000081028
2023-09-29 16:04:15;T013;SPT120018W;202302000081029
2023-09-29 16:08:00;T013;SPT120018W;202302000081030
2023-09-29 16:08:56;T013;SPT120018W;202302000081032
2023-09-29 16:09:56;T013;SPT120018W;202302000081033
2023-09-29 16:10:51;T013;SPT120018W;202302000081034
2023-09-29 16:11:51;T013;SPT120018W;202302000081035
2023-09-29 16:12:56;T013;SPT120018W;202302000081036
2023-09-29 16:13:55;T013;SPT120018W;202302000081037
2023-09-29 16:14:49;T013;SPT120018W;202302000081038
2023-09-29 16:17:10;T013;SPT120018W;202302000081040
2023-09-29 16:18:17;T013;SPT120018W;202302000081041
2023-09-29 16:19:09;T013;SPT120018W;202302000081042
2023-09-29 16:20:13;T013;SPT120018W;202302000081043
2023-09-29 16:20:54;T013;SPT120018W;202302000081043
2023-09-29 16:21:49;T013;SPT120018W;202302000081044
2023-09-29 16:24:40;T013;SPT120018W;202302000081039
2023-09-29 16:25:35;T013;SPT120018W;202302000081046
2023-09-29 16:26:42;T013;SPT120018W;202302000081047
2023-09-29 16:27:38;T013;SPT120018W;202302000081048
2023-09-29 16:28:31;T013;SPT120018W;202302000081049
2023-09-29 16:29:27;T013;SPT120018W;202302000081050
2023-09-29 16:30:31;T013;SPT120018W;202302000081051
2023-09-29 16:49:57;T013;SPT120018W;202302000081052
2023-09-29 16:53:07;T013;SPT120018W;202302000081054
2023-09-29 16:54:01;T013;SPT120018W;202302000081045
2023-09-29 16:54:53;T013;SPT120018W;202302000081055
2023-09-29 16:56:23;T013;SPT120018W;202302000081056
2023-09-29 16:57:19;T013;SPT120018W;202302000081057
2023-09-29 16:58:17;T013;SPT120018W;202302000081058
2023-09-29 16:59:45;T013;SPT120018W;202302000081059
2023-09-29 17:01:20;T013;SPT120018W;202302000081060
2023-09-29 17:03:58;T013;SPT120018W;202302000081062
2023-09-29 17:08:16;T013;SPT120018W;202302000081061
2023-09-29 17:09:09;T013;SPT120018W;202302000081063
2023-09-29 17:10:04;T013;SPT120018W;202302000081064
2023-09-29 17:11:01;T013;SPT120018W;202302000081065
2023-09-29 17:11:56;T013;SPT120018W;202302000081066
2023-09-29 17:15:11;T013;SPT120018W;202302000081067
2023-09-29 17:16:10;T013;SPT120018W;202302000081068
2023-09-29 17:17:09;T013;SPT120018W;202302000081069
2023-09-29 17:18:15;T013;SPT120018W;202302000081070
2023-09-29 17:19:10;T013;SPT120018W;202302000081071
2023-09-29 17:20:22;T013;SPT120018W;202302000081053
2023-09-29 17:21:25;T013;SPT120018W;202302000081072
2023-09-29 17:23:44;T013;SPT120018W;202302000081073
2023-09-29 17:25:08;T013;SPT120018W;202302000081073
2023-09-29 17:26:11;T013;SPT120018W;202302000081074
2023-09-29 17:27:17;T013;SPT120018W;202302000081075
2023-09-29 17:28:22;T013;SPT120018W;202302000081076
2023-09-29 17:29:16;T013;SPT120018W;202302000081077
2023-09-29 17:30:14;T013;SPT120018W;202302000081031
2023-09-29 17:30:53;T013;SPT120018W;202302000081031
2023-09-29 17:31:59;T013;SPT120018W;202302000081078
2023-09-29 17:32:56;T013;SPT120018W;202302000081079
2023-09-29 17:33:48;T013;SPT120018W;202302000081079
2023-09-29 17:34:45;T013;SPT120018W;202302000081081
2023-09-29 17:35:56;T013;SPT120018W;202302000081082
2023-09-29 17:36:54;T013;SPT120018W;202302000081082
2023-09-29 17:37:49;T013;SPT120018W;202302000081083
2023-09-29 17:38:44;T013;SPT120018W;202302000081084
2023-09-29 17:39:47;T013;SPT120018W;202302000081080
2023-09-29 17:40:46;T013;SPT120018W;202302000081085
2023-09-29 17:41:48;T013;SPT120018W;202302000081086
2023-09-29 17:43:00;T013;SPT120018W;202302000081087
2023-09-29 17:44:13;T013;SPT120018W;202302000081088
2023-09-29 17:45:59;T013;SPT120018W;202302000081089
2023-09-29 17:46:58;T013;SPT120018W;202302000081090
2023-09-29 17:48:18;T013;SPT120018W;202302000081091
2023-09-29 17:49:33;T013;SPT120018W;202302000081092
2023-09-29 17:50:27;T013;SPT120018W;202302000081093
2023-09-29 17:51:34;T013;SPT120018W;202302000081094
2023-09-29 17:52:40;T013;SPT120018W;202302000081095
2023-09-29 17:54:25;T013;SPT120018W;202302000081096
2023-09-29 17:55:24;T013;SPT120018W;202302000081097
2023-10-02 09:02:55;T012;SPT120018W;202301000128757
2023-10-02 09:06:18;T012;SPT120018W;202301000128757
2023-10-02 09:06:24;T013;SPT120018W;202302000081098
2023-10-02 09:07:21;T012;SPT120018W;202301000128758
2023-10-02 09:07:30;T013;SPT120018W;202302000081099
2023-10-02 09:08:35;T013;SPT120018W;202302000081100
2023-10-02 09:11:07;T013;SPT120018W;202302000081101
2023-10-02 09:12:27;T013;SPT120018W;202302000081102
2023-10-02 09:17:16;T013;SPT120018W;202302000081104
2023-10-02 09:18:36;T013;SPT120018W;202302000081105
2023-10-02 09:18:41;T012;SPT120018W;202301000128759
2023-10-02 09:20:01;T012;SPT120018W;202301000128760
2023-10-02 09:21:11;T012;SPT120018W;202301000128761
2023-10-02 09:21:36;T013;SPT120018W;202302000081103
2023-10-02 09:22:24;T012;SPT120018W;202301000128762
2023-10-02 09:23:37;T012;SPT120018W;202301000128762
2023-10-02 09:25:58;T013;SPT120018W;202302000081106
2023-10-02 09:26:54;T013;SPT120018W;202302000081107
2023-10-02 09:27:56;T013;SPT120018W;202302000081108
2023-10-02 09:28:54;T013;SPT120018W;202302000081109
2023-10-02 09:29:49;T013;SPT120018W;202302000081110
2023-10-02 09:30:45;T012;SPT120018W;202301000128763
2023-10-02 09:30:58;T013;SPT120018W;202302000081111
2023-10-02 09:32:00;T013;SPT120018W;202302000081112
2023-10-02 09:32:02;T012;SPT120018W;202301000128764
2023-10-02 09:33:12;T012;SPT120018W;202301000128765
2023-10-02 09:33:16;T013;SPT120018W;202302000081113
2023-10-02 09:34:23;T012;SPT120018W;202301000128766
2023-10-02 09:34:29;T013;SPT120018W;202302000081114
2023-10-02 09:35:24;T012;SPT120018W;202301000128767
2023-10-02 09:36:04;T013;SPT120018W;202302000081115
2023-10-02 09:36:23;T012;SPT120018W;202301000128768
2023-10-02 09:37:12;T013;SPT120018W;202302000081116
2023-10-02 09:37:40;T012;SPT120018W;202301000128769
2023-10-02 09:38:38;T013;SPT120018W;202302000081117
2023-10-02 09:38:58;T012;SPT120018W;202301000128770
2023-10-02 09:40:17;T013;SPT120018W;202302000081118
2023-10-02 09:40:31;T012;SPT120018W;202301000128771
2023-10-02 09:41:15;T013;SPT120018W;202302000081119
2023-10-02 09:41:25;T012;SPT120018W;202301000128772
2023-10-02 09:42:15;T012;SPT120018W;202301000128772
2023-10-02 09:43:08;T012;SPT120018W;202301000128773
2023-10-02 09:43:18;T013;SPT120018W;202302000081120
2023-10-02 09:44:00;T012;SPT120018W;202301000128774
2023-10-02 09:44:55;T013;SPT120018W;202302000081121
2023-10-02 09:45:37;T012;SPT120018W;202301000128776
2023-10-02 09:45:50;T013;SPT120018W;202302000081122
2023-10-02 09:47:10;T013;SPT120018W;202302000081123
2023-10-02 09:47:16;T012;SPT120018W;202301000128775
2023-10-02 09:48:14;T013;SPT120018W;202302000081124
2023-10-02 09:48:39;T012;SPT120018W;202301000128777
2023-10-02 09:50:04;T012;SPT120018W;202301000128778
2023-10-02 09:50:28;T013;SPT120018W;202302000081125
2023-10-02 09:51:22;T013;SPT120018W;202302000081126
2023-10-02 09:51:42;T012;SPT120018W;202301000128779
2023-10-02 09:52:18;T013;SPT120018W;202302000081127
2023-10-02 09:52:53;T012;SPT120018W;202301000128780
2023-10-02 09:54:00;T013;SPT120018W;202302000081128
2023-10-02 09:54:27;T012;SPT120018W;202301000128781
2023-10-02 09:55:15;T012;SPT120018W;202301000128781
2023-10-02 09:55:33;T013;SPT120018W;202302000081129
2023-10-02 09:56:27;T013;SPT120018W;202302000081130
2023-10-02 09:56:59;T012;SPT120018W;202301000128782
2023-10-02 09:57:24;T013;SPT120018W;202302000081131
2023-10-02 09:58:29;T012;SPT120018W;202301000128783
2023-10-02 09:58:57;T013;SPT120018W;202302000081132
2023-10-02 09:59:34;T012;SPT120018W;202301000128784
2023-10-02 10:00:03;T013;SPT120018W;202302000081133
2023-10-02 10:00:36;T012;SPT120018W;202301000128785
2023-10-02 10:00:59;T013;SPT120018W;202302000081134
2023-10-02 10:02:28;T013;SPT120018W;202302000081135
2023-10-02 10:02:33;T012;SPT120018W;202301000128786
2023-10-02 10:03:24;T013;SPT120018W;202302000081136
2023-10-02 10:03:29;T012;SPT120018W;202301000128787
2023-10-02 10:04:23;T012;SPT120018W;202301000128788
2023-10-02 10:05:26;T013;SPT120018W;202302000081137
2023-10-02 10:05:52;T012;SPT120018W;202301000128789
2023-10-02 10:07:16;T013;SPT120018W;202302000081138
2023-10-02 10:07:36;T012;SPT120018W;202301000128790
2023-10-02 10:09:34;T013;SPT120018W;202302000081139
2023-10-02 10:09:37;T012;SPT120018W;202301000128791
2023-10-02 10:10:26;T012;SPT120018W;202301000128792
2023-10-02 10:10:35;T013;SPT120018W;202302000081140
2023-10-02 10:12:03;T012;SPT120018W;202301000128793
2023-10-02 10:12:19;T013;SPT120018W;202302000081140
2023-10-02 10:12:52;T012;SPT120018W;202301000128794
2023-10-02 10:13:18;T013;SPT120018W;202302000081141
2023-10-02 10:13:58;T012;SPT120018W;202301000128795
2023-10-02 10:14:12;T013;SPT120018W;202302000081142
2023-10-02 10:15:09;T013;SPT120018W;202302000081146
2023-10-02 10:16:33;T013;SPT120018W;202302000081143
2023-10-02 10:16:40;T012;SPT120018W;202301000128796
2023-10-02 10:17:18;T012;SPT120018W;202301000128796
2023-10-02 10:17:31;T013;SPT120018W;202302000081144
2023-10-02 10:18:19;T012;SPT120018W;202301000128797
2023-10-02 10:18:24;T013;SPT120018W;202302000081145
2023-10-02 10:19:13;T012;SPT120018W;202301000128798
2023-10-02 10:19:30;T013;SPT120018W;202302000081147
2023-10-02 10:19:56;T012;SPT120018W;202301000128798
2023-10-02 10:20:48;T012;SPT120018W;202301000128799
2023-10-02 10:21:24;T012;SPT120018W;202301000128799
2023-10-02 10:21:57;T013;SPT120018W;202302000081149
2023-10-02 10:22:34;T012;SPT120018W;202301000128800
2023-10-02 10:23:23;T013;SPT120018W;202302000081150
2023-10-02 10:23:34;T012;SPT120018W;202301000128801
2023-10-02 10:24:48;T013;SPT120018W;202302000081148
2023-10-02 10:25:44;T013;SPT120018W;202302000081151
2023-10-02 10:26:42;T013;SPT120018W;202302000081152
2023-10-02 10:28:00;T012;SPT120018W;202301000128802
2023-10-02 10:28:06;T013;SPT120018W;202302000081153
2023-10-02 10:28:53;T012;SPT120018W;202301000128803
2023-10-02 10:30:33;T012;SPT120018W;202301000128803
2023-10-02 10:30:49;T013;SPT120018W;202302000081154
2023-10-02 10:47:01;T013;SPT120018W;202302000081155
2023-10-02 10:48:04;T012;SPT120018W;202301000128804
2023-10-02 10:49:43;T013;SPT120018W;202302000081156
2023-10-02 10:49:45;T012;SPT120018W;202301000128805
2023-10-02 10:50:34;T012;SPT120018W;202301000128806
2023-10-02 10:50:41;T013;SPT120018W;202302000081157
2023-10-02 10:51:33;T012;SPT120018W;202301000128807
2023-10-02 10:51:36;T013;SPT120018W;202302000081158
2023-10-02 10:52:31;T012;SPT120018W;202301000128808
2023-10-02 10:52:56;T013;SPT120018W;202302000081159
2023-10-02 10:54:03;T012;SPT120018W;202301000128809
2023-10-02 10:54:25;T013;SPT120018W;202302000081160
2023-10-02 10:55:09;T012;SPT120018W;202301000128809
2023-10-02 10:56:25;T012;SPT120018W;202301000128810
2023-10-02 10:58:28;T013;SPT120018W;202302000081161
2023-10-02 10:58:33;T012;SPT120018W;202301000128811
2023-10-02 10:59:22;T013;SPT120018W;202302000081162
2023-10-02 10:59:32;T012;SPT120018W;202301000128812
2023-10-02 11:00:18;T013;SPT120018W;202302000081163
2023-10-02 11:00:38;T012;SPT120018W;202301000128813
2023-10-02 11:01:13;T013;SPT120018W;202302000081164
2023-10-02 11:01:37;T012;SPT120018W;202301000128814
2023-10-02 11:02:06;T013;SPT120018W;202302000081165
2023-10-02 11:03:40;T013;SPT120018W;202302000081166
2023-10-02 11:03:52;T012;SPT120018W;202301000128814
2023-10-02 11:04:56;T012;SPT120018W;202301000128814
2023-10-02 11:06:02;T013;SPT120018W;202302000081167
2023-10-02 11:06:05;T012;SPT120018W;202301000128814
2023-10-02 11:07:02;T012;SPT120018W;202301000128815
2023-10-02 11:07:23;T013;SPT120018W;202302000081168
2023-10-02 11:07:56;T012;SPT120018W;202301000128816
2023-10-02 11:09:16;T012;SPT120018W;202301000128816
2023-10-02 11:09:27;T013;SPT120018W;202302000081169
2023-10-02 11:10:40;T013;SPT120018W;202302000081170
2023-10-02 11:10:43;T012;SPT120018W;202301000128817
2023-10-02 11:11:38;T013;SPT120018W;202302000081171
2023-10-02 11:12:43;T012;SPT120018W;202301000128817
2023-10-02 11:13:44;T013;SPT120018W;202302000081172
2023-10-02 11:14:18;T012;SPT120018W;202301000128817
2023-10-02 11:14:37;T013;SPT120018W;202302000081173
2023-10-02 11:16:11;T013;SPT120018W;202302000081174
2023-10-02 11:16:28;T012;SPT120018W;202301000128817
2023-10-02 11:17:08;T013;SPT120018W;202302000081175
2023-10-02 11:18:02;T013;SPT120018W;202302000081176
2023-10-02 11:20:22;T013;SPT120018W;202302000081177
2023-10-02 11:21:20;T012;SPT120018W;202301000128817
2023-10-02 11:21:59;T012;SPT120018W;202301000128817
2023-10-02 11:22:03;T013;SPT120018W;202302000081178
2023-10-02 11:23:06;T012;SPT120018W;202301000128817
2023-10-02 11:23:49;T013;SPT120018W;202302000081179
2023-10-02 11:24:50;T012;SPT120018W;202301000128818
2023-10-02 11:25:18;T013;SPT120018W;202302000081180
2023-10-02 11:25:47;T012;SPT120018W;202301000128819
2023-10-02 11:26:44;T012;SPT120018W;202301000128814
2023-10-02 11:27:33;T013;SPT120018W;202302000081181
2023-10-02 11:28:58;T012;SPT120018W;202301000128820
2023-10-02 11:28:59;T013;SPT120018W;202301000128814
2023-10-02 11:30:13;T012;SPT120018W;202301000128821
2023-10-02 11:30:19;T013;SPT120018W;202302000081182
2023-10-02 11:30:56;T012;SPT120018W;202301000128821
2023-10-02 11:31:13;T013;SPT120018W;202302000081183
2023-10-02 11:31:47;T012;SPT120018W;202301000128822
2023-10-02 11:32:23;T013;SPT120018W;202301000128816
2023-10-02 11:32:40;T012;SPT120018W;202301000128823
2023-10-02 11:34:00;T013;SPT120018W;202302000081184
2023-10-02 11:34:10;T012;SPT120018W;202301000128824
2023-10-02 11:35:28;T013;SPT120018W;202302000081185
2023-10-02 11:36:07;T013;SPT120018W;202302000081185
2023-10-02 11:37:06;T013;SPT120018W;202302000081186
2023-10-02 11:37:42;T012;SPT120018W;202301000128825
2023-10-02 11:38:04;T013;SPT120018W;202302000081187
2023-10-02 11:38:22;T012;SPT120018W;202301000128825
2023-10-02 11:39:19;T012;SPT120018W;202301000128826
2023-10-02 11:39:51;T013;SPT120018W;202302000081188
2023-10-02 11:41:24;T013;SPT120018W;202302000081189
2023-10-02 11:42:22;T013;SPT120018W;202302000081190
2023-10-02 11:43:17;T013;SPT120018W;202302000081191
2023-10-02 11:43:38;T012;SPT120018W;202301000128827
2023-10-02 11:44:34;T012;SPT120018W;202301000128825
2023-10-02 11:44:48;T013;SPT120018W;202302000081192
2023-10-02 11:45:43;T012;SPT120018W;202301000128817
2023-10-02 11:46:06;T013;SPT120018W;202302000081193
2023-10-02 11:46:37;T012;SPT120018W;202301000128828
2023-10-02 11:47:02;T013;SPT120018W;202302000081194
2023-10-02 11:47:48;T012;SPT120018W;202301000128829
2023-10-02 11:48:47;T012;SPT120018W;202301000128830
2023-10-02 11:49:07;T013;SPT120018W;202302000081195
2023-10-02 11:49:39;T012;SPT120018W;202301000128831
2023-10-02 11:51:07;T013;SPT120018W;202302000081196
2023-10-02 11:52:02;T012;SPT120018W;202301000128831
2023-10-02 11:52:06;T013;SPT120018W;202302000081197
2023-10-02 11:53:16;T012;SPT120018W;202301000128832
2023-10-02 11:53:25;T013;SPT120018W;202302000081198
2023-10-02 11:54:16;T012;SPT120018W;202301000128833
2023-10-02 11:54:22;T013;SPT120018W;202302000081199
2023-10-02 11:55:13;T012;SPT120018W;202301000128834
2023-10-02 11:56:27;T013;SPT120018W;202302000081200
2023-10-02 11:57:05;T012;SPT120018W;202301000128835
2023-10-02 11:57:25;T013;SPT120018W;202302000081200
2023-10-02 11:58:15;T012;SPT120018W;202301000128836
2023-10-02 11:58:19;T013;SPT120018W;202302000081201
2023-10-02 11:59:09;T012;SPT120018W;202301000128837
2023-10-02 11:59:19;T013;SPT120018W;202302000081202
2023-10-02 12:00:57;T012;SPT120018W;202301000128838
2023-10-02 12:01:46;T013;SPT120018W;202302000081203
2023-10-02 12:02:24;T012;SPT120018W;202301000128839
2023-10-02 12:02:37;T013;SPT120018W;202302000081204
2023-10-02 12:03:34;T013;SPT120018W;202302000081205
2023-10-02 12:03:35;T012;SPT120018W;202301000128840
2023-10-02 12:04:32;T013;SPT120018W;202302000081206
2023-10-02 12:04:47;T012;SPT120018W;202301000128841
2023-10-02 12:05:29;T013;SPT120018W;202302000081207
2023-10-02 12:06:07;T012;SPT120018W;202301000128842
2023-10-02 12:07:03;T013;SPT120018W;202302000081208
2023-10-02 12:07:12;T012;SPT120018W;202301000128843
2023-10-02 12:07:58;T013;SPT120018W;202302000081209
2023-10-02 12:09:02;T012;SPT120018W;202301000128844
2023-10-02 12:09:37;T013;SPT120018W;202302000081210
2023-10-02 12:10:40;T012;SPT120018W;202301000128845
2023-10-02 12:11:05;T013;SPT120018W;202302000081211
2023-10-02 12:11:51;T012;SPT120018W;202301000128846
2023-10-02 12:11:59;T013;SPT120018W;202302000081212
2023-10-02 12:12:58;T012;SPT120018W;202301000128847
2023-10-02 12:13:31;T013;SPT120018W;202302000081213
2023-10-02 12:14:58;T013;SPT120018W;202302000081214
2023-10-02 12:15:25;T012;SPT120018W;202301000128848
2023-10-02 12:16:25;T012;SPT120018W;202301000128849
2023-10-02 12:16:57;T013;SPT120018W;202302000081215
2023-10-02 12:17:15;T012;SPT120018W;202301000128850
2023-10-02 12:17:54;T013;SPT120018W;202302000081216
2023-10-02 12:18:53;T012;SPT120018W;202301000128851
2023-10-02 12:19:48;T013;SPT120018W;202302000081217
2023-10-02 12:20:00;T012;SPT120018W;202301000128852
2023-10-02 12:20:53;T013;SPT120018W;202302000081217
2023-10-02 12:22:21;T013;SPT120018W;202302000081217
2023-10-02 12:22:37;T012;SPT120018W;202301000128853
2023-10-02 12:23:33;T013;SPT120018W;202302000081218
2023-10-02 12:23:41;T012;SPT120018W;202302000081217
2023-10-02 12:24:32;T013;SPT120018W;202302000081219
2023-10-02 12:24:37;T012;SPT120018W;202301000128854
2023-10-02 12:25:31;T012;SPT120018W;202301000128855
2023-10-02 12:27:28;T012;SPT120018W;202301000128856
2023-10-02 12:27:58;T013;SPT120018W;202302000081220
2023-10-02 12:28:40;T012;SPT120018W;202301000128857
2023-10-02 12:28:52;T013;SPT120018W;202302000081221
2023-10-02 12:29:44;T013;SPT120018W;202302000081222
2023-10-02 12:29:49;T012;SPT120018W;202301000128858
2023-10-02 12:30:36;T013;SPT120018W;202302000081223
2023-10-02 12:31:11;T012;SPT120018W;202301000128859
2023-10-02 12:31:29;T013;SPT120018W;202302000081224
2023-10-02 12:32:11;T012;SPT120018W;202301000128860
2023-10-02 12:33:50;T013;SPT120018W;202302000081225
2023-10-02 12:34:30;T012;SPT120018W;202301000128861
2023-10-02 12:34:55;T013;SPT120018W;202302000081226
2023-10-02 12:35:29;T012;SPT120018W;202301000128862
2023-10-02 12:36:24;T013;SPT120018W;202302000081227
2023-10-02 12:36:50;T012;SPT120018W;202301000128863
2023-10-02 12:37:18;T013;SPT120018W;202302000081228
2023-10-02 12:37:59;T012;SPT120018W;202301000128864
2023-10-02 12:38:40;T013;SPT120018W;202302000081229
2023-10-02 12:39:45;T012;SPT120018W;202301000128865
2023-10-02 12:39:45;T013;SPT120018W;202302000081230
2023-10-02 12:41:04;T013;SPT120018W;202302000081231
2023-10-02 12:41:12;T012;SPT120018W;202301000128869
2023-10-02 12:43:24;T013;SPT120018W;202302000081232
2023-10-02 12:43:26;T012;SPT120018W;202301000128866
2023-10-02 12:44:17;T012;SPT120018W;202301000128867
2023-10-02 12:44:32;T013;SPT120018W;202302000081233
2023-10-02 12:45:16;T012;SPT120018W;202301000128868
2023-10-02 12:45:21;T013;SPT120018W;202302000081234
2023-10-02 12:46:12;T013;SPT120018W;202302000081235
2023-10-02 12:47:28;T012;SPT120018W;202301000128870
2023-10-02 12:47:35;T013;SPT120018W;202302000081236
2023-10-02 12:48:51;T013;SPT120018W;202302000081237
2023-10-02 12:48:56;T012;SPT120018W;202301000128871
2023-10-02 12:49:53;T012;SPT120018W;202301000128871
2023-10-02 12:50:27;T013;SPT120018W;202302000081237
2023-10-02 12:51:25;T013;SPT120018W;202302000081238
2023-10-02 12:51:32;T012;SPT120018W;202301000128872
2023-10-02 12:52:26;T013;SPT120018W;202302000081239
2023-10-02 12:52:38;T012;SPT120018W;202301000128873
2023-10-02 12:53:30;T013;SPT120018W;202302000081240
2023-10-02 12:53:33;T012;SPT120018W;202301000128874
2023-10-02 12:54:44;T013;SPT120018W;202302000081241
2023-10-02 12:55:24;T012;SPT120018W;202301000128875
2023-10-02 12:55:58;T013;SPT120018W;202302000081242
2023-10-02 12:56:54;T012;SPT120018W;202301000128876
2023-10-02 12:57:31;T013;SPT120018W;202302000081243
2023-10-02 12:58:31;T013;SPT120018W;202302000081244
2023-10-02 12:58:56;T012;SPT120018W;202301000128877
2023-10-02 14:00:26;T013;SPT120018W;202302000081245
2023-10-02 14:01:34;T012;SPT120018W;202301000128877
2023-10-02 14:01:43;T013;SPT120018W;202302000081240
2023-10-02 14:02:47;T012;SPT120018W;202301000128878
2023-10-02 14:02:55;T013;SPT120018W;202302000081240
2023-10-02 14:04:21;T013;SPT120018W;202302000081246
2023-10-02 14:04:34;T012;SPT120018W;202301000128879
2023-10-02 14:05:16;T013;SPT120018W;202302000081247
2023-10-02 14:06:09;T012;SPT120018W;202301000128880
2023-10-02 14:06:10;T013;SPT120018W;202302000081248
2023-10-02 14:07:03;T013;SPT120018W;202302000081249
2023-10-02 14:07:21;T012;SPT120018W;202301000128881
2023-10-02 14:09:48;T012;SPT120018W;202301000128882
2023-10-02 14:10:27;T013;SPT120018W;202302000081250
2023-10-02 14:11:20;T013;SPT120018W;202302000081251
2023-10-02 14:11:45;T012;SPT120018W;202301000128883
2023-10-02 14:13:30;T012;SPT120018W;202301000128884
2023-10-02 14:13:48;T013;SPT120018W;202302000081252
2023-10-02 14:14:28;T012;SPT120018W;202301000128885
2023-10-02 14:15:01;T013;SPT120018W;202302000081253
2023-10-02 14:15:42;T012;SPT120018W;202301000128886
2023-10-02 14:15:57;T013;SPT120018W;202302000081254
2023-10-02 14:17:09;T012;SPT120018W;202301000128887
2023-10-02 14:17:21;T013;SPT120018W;202302000081255
2023-10-02 14:18:40;T013;SPT120018W;202302000081256
2023-10-02 14:19:03;T012;SPT120018W;202301000128888
2023-10-02 14:20:09;T013;SPT120018W;202302000081257
2023-10-02 14:21:09;T013;SPT120018W;202302000081258
2023-10-02 14:21:17;T012;SPT120018W;202301000128889
2023-10-02 14:22:20;T013;SPT120018W;202302000081259
2023-10-02 14:23:17;T013;SPT120018W;202302000081260
2023-10-02 14:23:44;T012;SPT120018W;202301000128890
2023-10-02 14:24:35;T013;SPT120018W;202302000081261
2023-10-02 14:24:59;T012;SPT120018W;202301000128891
2023-10-02 14:26:10;T012;SPT120018W;202301000128892
2023-10-02 14:26:11;T013;SPT120018W;202302000081262
2023-10-02 14:27:05;T013;SPT120018W;202302000081263
2023-10-02 14:27:08;T012;SPT120018W;202301000128893
2023-10-02 14:28:15;T012;SPT120018W;202301000128893
2023-10-02 14:28:34;T013;SPT120018W;202302000081264
2023-10-02 14:29:31;T013;SPT120018W;202302000081265
2023-10-02 14:29:55;T012;SPT120018W;202301000128893
2023-10-02 14:30:24;T013;SPT120018W;202302000081266
2023-10-02 14:31:01;T012;SPT120018W;202301000128894
2023-10-02 14:31:16;T013;SPT120018W;202302000081267
2023-10-02 14:31:53;T012;SPT120018W;202301000128895
2023-10-02 14:32:21;T013;SPT120018W;202302000081268
2023-10-02 14:33:29;T013;SPT120018W;202302000081269
2023-10-02 14:33:34;T012;SPT120018W;202301000128896
2023-10-02 14:34:30;T012;SPT120018W;202301000128900
2023-10-02 14:35:04;T013;SPT120018W;202302000081270
2023-10-02 14:35:39;T012;SPT120018W;202301000128893
2023-10-02 14:36:11;T013;SPT120018W;202302000081271
2023-10-02 14:36:19;T012;SPT120018W;202301000128893
2023-10-02 14:37:26;T012;SPT120018W;202301000128897
2023-10-02 14:37:52;T013;SPT120018W;202302000081272
2023-10-02 14:38:14;T012;SPT120018W;202301000128898
2023-10-02 14:39:54;T012;SPT120018W;202301000128899
2023-10-02 14:40:53;T012;SPT120018W;202301000128901
2023-10-02 14:41:07;T013;SPT120018W;202302000081273
2023-10-02 14:42:08;T012;SPT120018W;202301000128902
2023-10-02 14:42:27;T013;SPT120018W;202302000081274
2023-10-02 14:43:31;T013;SPT120018W;202302000081275
2023-10-02 14:43:42;T012;SPT120018W;202301000128903
2023-10-02 14:45:02;T013;SPT120018W;202302000081276
2023-10-02 14:45:47;T012;SPT120018W;202301000128904
2023-10-02 14:46:05;T013;SPT120018W;202302000081276
2023-10-02 14:47:08;T013;SPT120018W;202302000081276
2023-10-02 14:47:15;T012;SPT120018W;202301000128905
2023-10-02 14:48:04;T013;SPT120018W;202302000081277
2023-10-02 14:48:48;T012;SPT120018W;202301000128906
2023-10-02 14:49:01;T013;SPT120018W;202302000081278
2023-10-02 14:49:55;T013;SPT120018W;202302000081279
2023-10-02 14:50:42;T012;SPT120018W;202301000128907
2023-10-02 14:51:41;T013;SPT120018W;202302000081280
2023-10-02 14:52:21;T012;SPT120018W;202301000128908
2023-10-02 14:53:45;T013;SPT120018W;202302000081281
2023-10-02 14:54:41;T013;SPT120018W;202302000081282
2023-10-02 14:55:10;T012;SPT120018W;202301000128909
2023-10-02 14:56:14;T013;SPT120018W;202302000081283
2023-10-02 14:56:19;T012;SPT120018W;202301000128910
2023-10-02 14:57:09;T012;SPT120018W;202301000128911
2023-10-02 14:57:21;T013;SPT120018W;202302000081284
2023-10-02 14:58:15;T013;SPT120018W;202302000081285
2023-10-02 14:58:29;T012;SPT120018W;202301000128912
2023-10-02 15:00:17;T012;SPT120018W;202301000128913
2023-10-02 15:00:33;T013;SPT120018W;202302000081286
2023-10-02 15:01:27;T013;SPT120018W;202302000081287
2023-10-02 15:02:19;T012;SPT120018W;202301000128914
2023-10-02 15:02:38;T013;SPT120018W;202302000081287
2023-10-02 15:03:37;T012;SPT120018W;202301000128915
2023-10-02 15:03:39;T013;SPT120018W;202302000081288
2023-10-02 15:04:31;T013;SPT120018W;202302000081289
2023-10-02 15:05:02;T012;SPT120018W;202301000128916
2023-10-02 15:05:25;T013;SPT120018W;202302000081290
2023-10-02 15:05:53;T012;SPT120018W;202301000128917
2023-10-02 15:06:56;T012;SPT120018W;202301000128918
2023-10-02 15:07:26;T013;SPT120018W;202302000081291
2023-10-02 15:08:36;T013;SPT120018W;202302000081292
2023-10-02 15:08:50;T012;SPT120018W;202301000128919
2023-10-02 15:10:33;T012;SPT120018W;202301000128920
2023-10-02 15:10:41;T013;SPT120018W;202302000081292
2023-10-02 15:11:37;T012;SPT120018W;202301000128921
2023-10-02 15:12:03;T013;SPT120018W;202302000081293
2023-10-02 15:12:55;T012;SPT120018W;202301000128922
2023-10-02 15:12:55;T013;SPT120018W;202302000081294
2023-10-02 15:13:47;T013;SPT120018W;202302000081295
2023-10-02 15:15:02;T013;SPT120018W;202302000081296
2023-10-02 15:15:37;T012;SPT120018W;202301000128923
2023-10-02 15:16:03;T013;SPT120018W;202302000081297
2023-10-02 15:16:27;T012;SPT120018W;202301000128924
2023-10-02 15:17:20;T012;SPT120018W;202301000128893
2023-10-02 15:18:09;T012;SPT120018W;202301000128925
2023-10-02 15:18:25;T013;SPT120018W;202302000081303
2023-10-02 15:19:23;T012;SPT120018W;202301000128926
2023-10-02 15:19:59;T013;SPT120018W;202302000081298
2023-10-02 15:20:35;T012;SPT120018W;202302000081292
2023-10-02 15:21:10;T013;SPT120018W;202302000081298
2023-10-02 15:21:33;T012;SPT120018W;202301000128927
2023-10-02 15:22:27;T012;SPT120018W;202301000128928
2023-10-02 15:22:35;T013;SPT120018W;202302000081299
2023-10-02 15:23:54;T012;SPT120018W;202301000128929
2023-10-02 15:25:00;T013;SPT120018W;202302000081300
2023-10-02 15:26:09;T013;SPT120018W;202302000081300
2023-10-02 15:26:31;T012;SPT120018W;202301000128930
2023-10-02 15:27:28;T013;SPT120018W;202302000081301
2023-10-02 15:27:35;T012;SPT120018W;202301000128931
2023-10-02 15:28:22;T013;SPT120018W;202302000081302
2023-10-02 15:29:24;T013;SPT120018W;202302000081304
2023-10-02 15:29:25;T012;SPT120018W;202301000128932
2023-10-02 15:30:19;T012;SPT120018W;202301000128933
2023-10-02 15:30:21;T013;SPT120018W;202302000081305
2023-10-02 15:31:15;T013;SPT120018W;202302000081306
2023-10-02 15:31:29;T012;SPT120018W;202301000128934
2023-10-02 15:32:31;T012;SPT120018W;202301000128935
2023-10-02 15:34:25;T012;SPT120018W;202301000128936
2023-10-02 15:37:14;T012;SPT120018W;202301000128937
2023-10-02 15:37:36;T012;SPT120018W;202302000081307
2023-10-02 15:38:06;T012;SPT120018W;202301000128938
2023-10-02 15:38:33;T012;SPT120018W;202302000081287
2023-10-02 15:39:32;T012;SPT120018W;202302000081299
2023-10-02 15:41:05;T012;SPT120018W;202301000128939
2023-10-02 15:41:08;T013;SPT120018W;202302000081298
2023-10-02 15:42:02;T013;SPT120018W;202302000081308
2023-10-02 15:42:41;T012;SPT120018W;202301000128940
2023-10-02 15:44:52;T012;SPT120018W;202301000128941
2023-10-02 15:45:25;T013;SPT120018W;202302000081309
2023-10-02 15:45:46;T012;SPT120018W;202301000128942
2023-10-02 15:46:26;T013;SPT120018W;202302000081310
2023-10-02 15:47:36;T013;SPT120018W;202302000081311
2023-10-02 15:48:19;T012;SPT120018W;202301000128943
2023-10-02 15:49:22;T013;SPT120018W;202302000081312
2023-10-02 15:49:36;T012;SPT120018W;202301000128944
2023-10-02 15:50:50;T013;SPT120018W;202302000081313
2023-10-02 15:51:47;T012;SPT120018W;202301000128945
2023-10-02 15:52:00;T013;SPT120018W;202302000081314
2023-10-02 15:53:13;T013;SPT120018W;202302000081315
2023-10-02 15:53:38;T012;SPT120018W;202301000128946
2023-10-02 15:54:52;T013;SPT120018W;202302000081316
2023-10-02 15:55:53;T012;SPT120018W;202301000128947
2023-10-02 15:56:24;T013;SPT120018W;202302000081317
