,ts,id,rssi
1976,2023-08-28 09:00:19,1,-72
1975,2023-08-28 09:00:25,2,-100
1974,2023-08-28 09:00:43,1,-61
1973,2023-08-28 09:01:01,1,-71
1972,2023-08-28 09:01:01,2,-75
1971,2023-08-28 09:01:07,1,-63
1970,2023-08-28 09:01:13,1,-71
1969,2023-08-28 09:01:19,1,-64
1968,2023-08-28 09:01:55,2,-100
1967,2023-08-28 09:02:01,1,-70
1966,2023-08-28 09:02:02,2,-77
1965,2023-08-28 09:02:07,1,-64
1964,2023-08-28 09:02:37,1,-80
1963,2023-08-28 09:02:44,1,-74
1962,2023-08-28 09:03:02,1,-64
1961,2023-08-28 09:03:44,1,-72
1960,2023-08-28 09:03:50,1,-61
1959,2023-08-28 09:03:56,1,-73
1958,2023-08-28 09:04:08,1,-63
1957,2023-08-28 09:04:26,1,-73
1956,2023-08-28 09:04:44,1,-63
1955,2023-08-28 09:04:56,1,-69
1954,2023-08-28 09:05:02,1,-62
1953,2023-08-28 09:05:14,1,-70
1952,2023-08-28 09:05:20,1,-64
1951,2023-08-28 09:05:26,1,-73
1950,2023-08-28 09:05:38,1,-64
1949,2023-08-28 09:07:20,1,-72
1948,2023-08-28 09:07:44,1,-65
1947,2023-08-28 09:09:08,1,-72
1946,2023-08-28 09:09:14,1,-64
1945,2023-08-28 09:09:38,1,-75
1944,2023-08-28 09:09:50,1,-63
1943,2023-08-28 09:10:08,1,-72
1942,2023-08-28 09:10:20,2,-100
1941,2023-08-28 09:10:26,1,-64
1940,2023-08-28 09:10:38,2,-81
1939,2023-08-28 09:10:44,1,-75
1938,2023-08-28 09:10:50,1,-64
1937,2023-08-28 09:10:50,2,-75
1936,2023-08-28 09:11:14,2,-100
1935,2023-08-28 09:11:32,1,-58
1934,2023-08-28 09:11:38,2,-74
1933,2023-08-28 09:11:44,1,-64
1932,2023-08-28 09:11:56,1,-74
1931,2023-08-28 09:12:02,1,-62
1930,2023-08-28 09:12:08,1,-73
1929,2023-08-28 09:12:32,1,-60
1928,2023-08-28 09:12:50,1,-75
1927,2023-08-28 09:13:44,2,-100
1926,2023-08-28 09:13:50,1,-64
1925,2023-08-28 09:14:02,1,-70
1924,2023-08-28 09:14:02,2,-76
1923,2023-08-28 09:14:20,1,-62
1922,2023-08-28 09:14:38,1,-100
1921,2023-08-28 09:14:50,1,-62
1920,2023-08-28 09:14:56,1,-70
1919,2023-08-28 09:15:02,1,-62
1918,2023-08-28 09:15:08,1,-74
1917,2023-08-28 09:15:20,1,-64
1916,2023-08-28 09:15:56,1,-71
1915,2023-08-28 09:16:02,1,-60
1914,2023-08-28 09:16:08,1,-67
1913,2023-08-28 09:16:26,1,-100
1912,2023-08-28 09:16:32,1,-69
1911,2023-08-28 09:17:08,1,-63
1910,2023-08-28 09:17:26,1,-100
1909,2023-08-28 09:17:26,1,-63
1908,2023-08-28 09:17:41,2,-74
1907,2023-08-28 09:17:47,1,-76
1906,2023-08-28 09:17:53,1,-69
1905,2023-08-28 09:17:59,1,-61
1904,2023-08-28 09:17:59,2,-100
1903,2023-08-28 09:18:05,2,-74
1902,2023-08-28 09:18:29,1,-67
1901,2023-08-28 09:18:47,1,-61
1900,2023-08-28 09:19:43,2,-100
1899,2023-08-28 09:19:50,1,-66
1898,2023-08-28 09:20:13,2,-74
1897,2023-08-28 09:20:19,1,-100
1896,2023-08-28 09:20:31,1,-61
1895,2023-08-28 09:20:37,1,-68
1894,2023-08-28 09:20:56,2,-100
1893,2023-08-28 09:22:10,1,-100
1892,2023-08-28 09:22:21,2,-74
1891,2023-08-28 09:22:27,2,-80
1890,2023-08-28 09:22:33,1,-69
1889,2023-08-28 09:22:51,1,-61
1888,2023-08-28 09:23:03,1,-76
1887,2023-08-28 09:23:15,1,-62
1886,2023-08-28 09:24:04,1,-71
1885,2023-08-28 09:24:04,2,-100
1884,2023-08-28 09:24:11,2,-77
1883,2023-08-28 09:24:24,2,-100
1882,2023-08-28 09:24:35,2,-80
1881,2023-08-28 09:24:59,2,-100
1880,2023-08-28 09:25:35,2,-77
1879,2023-08-28 09:25:56,2,-100
1878,2023-08-28 09:26:01,1,-67
1877,2023-08-28 09:26:13,2,-73
1876,2023-08-28 09:26:13,1,-58
1875,2023-08-28 09:26:26,2,-79
1874,2023-08-28 09:27:01,1,-64
1873,2023-08-28 09:27:13,1,-71
1872,2023-08-28 09:27:19,1,-77
1871,2023-08-28 09:27:25,1,-67
1870,2023-08-28 09:27:37,1,-73
1869,2023-08-28 09:27:43,1,-60
1868,2023-08-28 09:27:55,1,-68
1867,2023-08-28 09:28:07,1,-60
1866,2023-08-28 09:28:19,2,-70
1865,2023-08-28 09:28:25,2,-76
1864,2023-08-28 09:28:25,1,-74
1863,2023-08-28 09:28:37,1,-60
1862,2023-08-28 09:28:43,1,-73
1861,2023-08-28 09:28:50,1,-66
1860,2023-08-28 09:29:31,2,-100
1859,2023-08-28 09:29:31,1,-60
1858,2023-08-28 09:30:02,2,-100
1857,2023-08-28 09:30:08,2,-78
1856,2023-08-28 09:30:20,1,-71
1855,2023-08-28 09:30:26,1,-61
1854,2023-08-28 09:31:02,2,-100
1853,2023-08-28 09:31:20,2,-73
1852,2023-08-28 09:32:08,2,-81
1851,2023-08-28 09:32:26,1,-69
1850,2023-08-28 09:32:32,2,-69
1849,2023-08-28 09:32:38,2,-76
1848,2023-08-28 09:32:44,1,-60
1847,2023-08-28 09:32:50,1,-72
1846,2023-08-28 09:33:02,1,-61
1845,2023-08-28 09:33:08,1,-68
1844,2023-08-28 09:33:26,1,-60
1843,2023-08-28 09:33:44,1,-68
1842,2023-08-28 09:33:57,1,-61
1841,2023-08-28 09:34:25,2,-100
1840,2023-08-28 09:34:37,2,-73
1839,2023-08-28 09:34:57,2,-100
1838,2023-08-28 09:35:03,1,-67
1837,2023-08-28 09:35:09,1,-73
1836,2023-08-28 09:35:33,1,-61
1835,2023-08-28 09:35:51,1,-100
1834,2023-08-28 09:35:57,2,-79
1833,2023-08-28 09:36:09,1,-61
1832,2023-08-28 09:36:15,1,-67
1831,2023-08-28 09:36:21,1,-73
1830,2023-08-28 09:36:27,2,-100
1829,2023-08-28 09:36:33,1,-67
1828,2023-08-28 09:36:39,2,-76
1827,2023-08-28 09:36:39,1,-59
1826,2023-08-28 09:37:21,2,-100
1825,2023-08-28 09:37:27,2,-74
1824,2023-08-28 09:37:52,1,-71
1823,2023-08-28 09:38:03,1,-64
1822,2023-08-28 09:38:09,1,-70
1821,2023-08-28 09:38:15,2,-80
1820,2023-08-28 09:38:15,1,-60
1819,2023-08-28 09:38:21,1,-67
1818,2023-08-28 09:38:27,1,-60
1817,2023-08-28 09:38:33,1,-71
1816,2023-08-28 09:38:51,2,-100
1815,2023-08-28 09:38:57,2,-78
1814,2023-08-28 09:39:39,2,-100
1813,2023-08-28 09:39:39,2,-80
1812,2023-08-28 09:43:14,1,-100
1811,2023-08-28 09:43:20,1,-60
1810,2023-08-28 09:43:38,2,-100
1809,2023-08-28 09:43:50,2,-79
1808,2023-08-28 09:43:56,1,-68
1807,2023-08-28 09:44:14,2,-72
1806,2023-08-28 09:44:20,2,-78
1805,2023-08-28 09:44:38,1,-60
1804,2023-08-28 09:44:56,1,-69
1803,2023-08-28 09:45:02,1,-62
1802,2023-08-28 09:45:26,1,-100
1801,2023-08-28 09:45:38,1,-67
1800,2023-08-28 09:45:44,2,-100
1799,2023-08-28 09:45:50,2,-75
1798,2023-08-28 09:45:56,1,-61
1797,2023-08-28 09:46:20,2,-100
1796,2023-08-28 09:46:27,2,-78
1795,2023-08-28 09:46:39,1,-100
1794,2023-08-28 09:46:51,1,-68
1793,2023-08-28 09:47:03,1,-60
1792,2023-08-28 09:47:15,2,-72
1791,2023-08-28 09:47:51,2,-100
1790,2023-08-28 09:47:57,2,-77
1789,2023-08-28 09:48:21,1,-69
1788,2023-08-28 09:48:27,1,-76
1787,2023-08-28 09:48:33,1,-68
1786,2023-08-28 09:49:21,1,-61
1785,2023-08-28 09:49:27,1,-74
1784,2023-08-28 09:49:33,1,-61
1783,2023-08-28 09:49:45,1,-78
1782,2023-08-28 09:49:57,1,-100
1781,2023-08-28 09:50:03,1,-71
1780,2023-08-28 09:50:15,1,-100
1779,2023-08-28 09:50:21,1,-61
1778,2023-08-28 09:50:33,1,-73
1777,2023-08-28 09:50:39,1,-65
1776,2023-08-28 09:51:09,2,-100
1775,2023-08-28 09:51:27,1,-100
1774,2023-08-28 09:51:33,2,-72
1773,2023-08-28 09:51:39,2,-79
1772,2023-08-28 09:51:51,2,-72
1771,2023-08-28 09:51:57,2,-78
1770,2023-08-28 09:52:21,1,-60
1769,2023-08-28 09:52:27,1,-72
1768,2023-08-28 09:52:33,1,-61
1767,2023-08-28 09:52:39,2,-100
1766,2023-08-28 09:52:51,2,-78
1765,2023-08-28 09:53:33,2,-100
1764,2023-08-28 09:53:39,2,-72
1763,2023-08-28 09:53:45,1,-69
1762,2023-08-28 09:54:15,2,-79
1761,2023-08-28 09:54:21,2,-71
1760,2023-08-28 09:54:45,1,-62
1759,2023-08-28 09:54:51,1,-68
1758,2023-08-28 09:55:09,1,-74
1757,2023-08-28 09:55:21,2,-100
1756,2023-08-28 09:55:27,2,-77
1755,2023-08-28 09:55:51,1,-67
1754,2023-08-28 09:55:51,2,-71
1753,2023-08-28 09:56:27,1,-60
1752,2023-08-28 09:56:51,1,-73
1751,2023-08-28 09:56:57,1,-60
1750,2023-08-28 09:56:57,2,-77
1749,2023-08-28 09:57:03,2,-71
1748,2023-08-28 09:57:21,1,-70
1747,2023-08-28 09:57:21,2,-78
1746,2023-08-28 09:57:27,1,-61
1745,2023-08-28 09:57:39,1,-69
1744,2023-08-28 09:57:39,2,-70
1743,2023-08-28 09:57:46,2,-77
1742,2023-08-28 09:58:21,1,-60
1741,2023-08-28 09:58:40,1,-66
1740,2023-08-28 09:58:58,1,-74
1739,2023-08-28 09:59:04,2,-71
1738,2023-08-28 09:59:22,2,-79
1737,2023-08-28 09:59:28,1,-68
1736,2023-08-28 09:59:34,1,-61
1735,2023-08-28 09:59:34,2,-73
1734,2023-08-28 09:59:52,1,-70
1733,2023-08-28 09:59:58,1,-58
1732,2023-08-28 10:00:04,1,-68
1731,2023-08-28 10:00:40,2,-79
1730,2023-08-28 10:00:46,2,-73
1729,2023-08-28 10:01:10,2,-79
1728,2023-08-28 10:01:16,1,-58
1727,2023-08-28 10:01:22,2,-73
1726,2023-08-28 10:01:28,1,-68
1725,2023-08-28 10:01:28,2,-80
1724,2023-08-28 10:01:40,1,-61
1723,2023-08-28 10:01:40,2,-73
1722,2023-08-28 10:01:52,1,-70
1721,2023-08-28 10:02:04,1,-60
1720,2023-08-28 10:02:40,1,-73
1719,2023-08-28 10:02:52,1,-60
1718,2023-08-28 10:03:04,1,-71
1717,2023-08-28 10:03:10,1,-65
1716,2023-08-28 10:03:46,1,-58
1715,2023-08-28 10:04:22,1,-66
1714,2023-08-28 10:04:34,2,-80
1713,2023-08-28 10:04:40,2,-71
1712,2023-08-28 10:04:52,2,-80
1711,2023-08-28 10:05:04,1,-60
1710,2023-08-28 10:05:16,1,-69
1709,2023-08-28 10:05:34,1,-100
1708,2023-08-28 10:05:40,1,-67
1707,2023-08-28 10:05:46,1,-60
1706,2023-08-28 10:05:52,1,-72
1705,2023-08-28 10:06:04,1,-60
1704,2023-08-28 10:06:10,1,-71
1703,2023-08-28 10:06:10,2,-72
1702,2023-08-28 10:06:22,2,-78
1701,2023-08-28 10:06:28,1,-59
1700,2023-08-28 10:06:34,1,-67
1699,2023-08-28 10:06:46,1,-61
1698,2023-08-28 10:07:22,2,-72
1697,2023-08-28 10:07:22,1,-100
1696,2023-08-28 10:07:34,1,-59
1695,2023-08-28 10:08:04,1,-67
1694,2023-08-28 10:08:16,1,-61
1693,2023-08-28 10:08:16,2,-100
1692,2023-08-28 10:08:28,2,-76
1691,2023-08-28 10:08:34,1,-69
1690,2023-08-28 10:08:40,1,-59
1689,2023-08-28 10:08:46,2,-70
1688,2023-08-28 10:08:52,2,-78
1687,2023-08-28 10:09:10,2,-71
1686,2023-08-28 10:09:16,1,-69
1685,2023-08-28 10:09:34,1,-58
1684,2023-08-28 10:09:52,1,-64
1683,2023-08-28 10:10:05,2,-100
1682,2023-08-28 10:10:11,1,-71
1681,2023-08-28 10:10:11,2,-74
1680,2023-08-28 10:10:47,1,-61
1679,2023-08-28 10:10:59,1,-100
1678,2023-08-28 10:11:05,1,-61
1677,2023-08-28 10:11:47,1,-67
1676,2023-08-28 10:11:53,1,-60
1675,2023-08-28 10:11:53,2,-100
1674,2023-08-28 10:12:05,2,-71
1673,2023-08-28 10:13:05,1,-70
1672,2023-08-28 10:13:05,2,-100
1671,2023-08-28 10:13:11,2,-77
1670,2023-08-28 10:13:35,1,-64
1669,2023-08-28 10:13:47,2,-71
1668,2023-08-28 10:13:59,2,-79
1667,2023-08-28 10:14:11,2,-73
1666,2023-08-28 10:14:17,1,-60
1665,2023-08-28 10:15:11,2,-100
1664,2023-08-28 10:15:17,1,-68
1663,2023-08-28 10:15:17,2,-73
1662,2023-08-28 10:15:29,1,-62
1661,2023-08-28 10:15:47,1,-68
1660,2023-08-28 10:15:59,1,-60
1659,2023-08-28 10:16:23,1,-71
1658,2023-08-28 10:16:29,1,-63
1657,2023-08-28 10:17:05,1,-69
1656,2023-08-28 10:17:11,1,-61
1655,2023-08-28 10:17:35,2,-79
1654,2023-08-28 10:17:41,2,-73
1653,2023-08-28 10:17:59,1,-67
1652,2023-08-28 10:18:11,1,-60
1651,2023-08-28 10:18:35,2,-82
1650,2023-08-28 10:18:47,2,-75
1649,2023-08-28 10:19:11,1,-68
1648,2023-08-28 10:19:47,1,-61
1647,2023-08-28 10:20:05,1,-69
1646,2023-08-28 10:20:11,1,-60
1645,2023-08-28 10:20:35,1,-68
1644,2023-08-28 10:20:53,1,-60
1643,2023-08-28 10:20:59,1,-66
1642,2023-08-28 10:21:05,2,-81
1641,2023-08-28 10:21:11,2,-72
1640,2023-08-28 10:21:30,1,-59
1639,2023-08-28 10:21:30,2,-80
1638,2023-08-28 10:21:47,1,-65
1637,2023-08-28 10:21:54,2,-72
1636,2023-08-28 10:22:06,2,-78
1635,2023-08-28 10:22:36,1,-71
1634,2023-08-28 10:22:42,1,-60
1633,2023-08-28 10:22:54,1,-68
1632,2023-08-28 10:23:18,1,-59
1631,2023-08-28 10:23:48,2,-72
1630,2023-08-28 10:23:54,2,-78
1629,2023-08-28 10:24:00,1,-68
1628,2023-08-28 10:24:12,1,-100
1627,2023-08-28 10:24:24,1,-59
1626,2023-08-28 10:24:36,1,-68
1625,2023-08-28 10:25:00,1,-60
1624,2023-08-28 10:25:06,2,-100
1623,2023-08-28 10:25:18,2,-76
1622,2023-08-28 10:25:54,1,-71
1621,2023-08-28 10:26:00,1,-61
1620,2023-08-28 10:26:06,1,-71
1619,2023-08-28 10:26:18,1,-61
1618,2023-08-28 10:26:18,2,-100
1617,2023-08-28 10:26:30,2,-76
1616,2023-08-28 10:27:42,1,-67
1615,2023-08-28 10:27:54,1,-60
1614,2023-08-28 10:28:12,1,-67
1613,2023-08-28 10:28:24,1,-61
1612,2023-08-28 10:29:00,1,-69
1611,2023-08-28 10:29:06,1,-62
1610,2023-08-28 10:31:06,2,-100
1609,2023-08-28 10:31:12,2,-76
1608,2023-08-28 10:31:42,2,-100
1607,2023-08-28 10:32:18,2,-73
1606,2023-08-28 10:32:36,2,-100
1605,2023-08-28 10:33:00,2,-73
1604,2023-08-28 10:33:12,2,-100
1603,2023-08-28 10:33:18,2,-73
1602,2023-08-28 10:35:36,2,-100
1601,2023-08-28 10:35:42,2,-76
1600,2023-08-28 10:36:30,2,-100
1599,2023-08-28 10:36:36,2,-75
1598,2023-08-28 10:37:06,2,-100
1597,2023-08-28 10:37:13,2,-75
1596,2023-08-28 10:37:43,2,-100
1595,2023-08-28 10:38:01,2,-74
1594,2023-08-28 10:38:55,2,-100
1593,2023-08-28 10:39:01,2,-76
1592,2023-08-28 10:39:31,2,-100
1591,2023-08-28 10:39:37,2,-75
1590,2023-08-28 10:41:37,2,-100
1589,2023-08-28 10:41:49,2,-73
1588,2023-08-28 10:42:13,2,-100
1587,2023-08-28 10:43:13,2,-73
1586,2023-08-28 10:44:01,2,-100
1585,2023-08-28 10:44:13,2,-73
1584,2023-08-28 10:44:37,2,-100
1583,2023-08-28 10:44:49,2,-72
1582,2023-08-28 10:45:19,2,-79
1581,2023-08-28 10:45:31,2,-73
1580,2023-08-28 10:46:19,1,-68
1579,2023-08-28 10:46:25,2,-100
1578,2023-08-28 10:46:31,2,-74
1577,2023-08-28 10:46:49,1,-62
1576,2023-08-28 10:48:14,2,-100
1575,2023-08-28 10:48:20,2,-72
1574,2023-08-28 10:48:50,2,-100
1573,2023-08-28 10:48:56,2,-78
1572,2023-08-28 10:49:26,1,-72
1571,2023-08-28 10:49:38,1,-64
1570,2023-08-28 10:49:44,1,-72
1569,2023-08-28 10:49:50,1,-61
1568,2023-08-28 10:49:56,1,-70
1567,2023-08-28 10:50:08,1,-60
1566,2023-08-28 10:51:08,1,-66
1565,2023-08-28 10:51:50,2,-100
1564,2023-08-28 10:51:56,2,-74
1563,2023-08-28 10:52:08,2,-100
1562,2023-08-28 10:52:14,2,-74
1561,2023-08-28 10:52:20,1,-59
1560,2023-08-28 10:52:26,1,-74
1559,2023-08-28 10:52:44,1,-64
1558,2023-08-28 10:52:44,2,-100
1557,2023-08-28 10:53:02,1,-100
1556,2023-08-28 10:53:08,2,-78
1555,2023-08-28 10:53:14,1,-66
1554,2023-08-28 10:53:50,1,-74
1553,2023-08-28 10:53:56,2,-100
1552,2023-08-28 10:54:02,1,-60
1551,2023-08-28 10:54:14,2,-74
1550,2023-08-28 10:54:38,2,-80
1549,2023-08-28 10:55:14,2,-73
1548,2023-08-28 10:55:20,1,-66
1547,2023-08-28 10:55:32,1,-60
1546,2023-08-28 10:56:02,2,-100
1545,2023-08-28 10:56:02,1,-100
1544,2023-08-28 10:56:14,1,-66
1543,2023-08-28 10:56:20,2,-76
1542,2023-08-28 10:59:03,2,-100
1541,2023-08-28 10:59:09,2,-81
1540,2023-08-28 10:59:21,2,-74
1539,2023-08-28 11:00:03,1,-60
1538,2023-08-28 11:00:09,1,-66
1537,2023-08-28 11:02:21,2,-100
1536,2023-08-28 11:02:27,2,-79
1535,2023-08-28 11:02:57,1,-60
1534,2023-08-28 11:02:57,2,-100
1533,2023-08-28 11:03:09,2,-78
1532,2023-08-28 11:03:39,1,-67
1531,2023-08-28 11:04:03,1,-59
1530,2023-08-28 11:04:09,1,-68
1529,2023-08-28 11:04:21,1,-62
1528,2023-08-28 11:05:15,1,-68
1527,2023-08-28 11:05:21,1,-60
1526,2023-08-28 11:05:45,1,-66
1525,2023-08-28 11:05:57,2,-100
1524,2023-08-28 11:06:03,1,-65
1523,2023-08-28 11:06:09,2,-75
1522,2023-08-28 11:06:15,1,-100
1521,2023-08-28 11:06:27,1,-65
1520,2023-08-28 11:08:57,1,-100
1519,2023-08-28 11:08:57,2,-100
1518,2023-08-28 11:09:03,1,-66
1517,2023-08-28 11:09:21,2,-72
1516,2023-08-28 11:09:57,2,-78
1515,2023-08-28 11:10:46,2,-100
1514,2023-08-28 11:10:52,2,-80
1513,2023-08-28 11:11:28,1,-60
1512,2023-08-28 11:11:58,2,-74
1511,2023-08-28 11:12:34,2,-80
1510,2023-08-28 11:12:40,1,-66
1509,2023-08-28 11:13:16,1,-60
1508,2023-08-28 11:13:28,1,-66
1507,2023-08-28 11:14:22,2,-100
1506,2023-08-28 11:14:34,2,-75
1505,2023-08-28 11:16:34,1,-59
1504,2023-08-28 11:17:46,1,-66
1503,2023-08-28 11:18:10,1,-60
1502,2023-08-28 11:18:16,2,-100
1501,2023-08-28 11:18:22,2,-75
1500,2023-08-28 11:18:28,1,-67
1499,2023-08-28 11:18:58,2,-81
1498,2023-08-28 11:19:10,2,-100
1497,2023-08-28 11:20:04,2,-76
1496,2023-08-28 11:20:16,1,-61
1495,2023-08-28 11:20:41,2,-100
1494,2023-08-28 11:20:47,1,-67
1493,2023-08-28 11:20:47,2,-76
1492,2023-08-28 11:20:53,1,-60
1491,2023-08-28 11:21:05,1,-67
1490,2023-08-28 11:21:17,1,-61
1489,2023-08-28 11:21:23,1,-67
1488,2023-08-28 11:23:41,2,-100
1487,2023-08-28 11:23:47,2,-76
1486,2023-08-28 11:24:23,1,-61
1485,2023-08-28 11:24:47,1,-68
1484,2023-08-28 11:24:53,1,-62
1483,2023-08-28 11:25:29,2,-100
1482,2023-08-28 11:25:47,2,-78
1481,2023-08-28 11:25:55,1,-68
1480,2023-08-28 11:26:30,1,-61
1479,2023-08-28 11:26:42,2,-100
1478,2023-08-28 11:26:48,2,-76
1477,2023-08-28 11:27:36,1,-69
1476,2023-08-28 11:27:36,2,-100
1475,2023-08-28 11:27:42,2,-80
1474,2023-08-28 11:28:00,2,-74
1473,2023-08-28 11:28:12,2,-100
1472,2023-08-28 11:28:18,2,-79
1471,2023-08-28 11:28:30,2,-100
1470,2023-08-28 11:28:48,2,-81
1469,2023-08-28 11:30:00,2,-100
1468,2023-08-28 11:30:06,1,-63
1467,2023-08-28 11:30:18,2,-76
1466,2023-08-28 11:30:54,2,-100
1465,2023-08-28 11:31:06,2,-77
1464,2023-08-28 11:32:06,1,-70
1463,2023-08-28 11:32:19,1,-64
1462,2023-08-28 11:32:43,2,-100
1461,2023-08-28 11:33:07,2,-79
1460,2023-08-28 11:33:37,2,-100
1459,2023-08-28 11:33:43,1,-59
1458,2023-08-28 11:33:49,1,-65
1457,2023-08-28 11:33:49,2,-79
1456,2023-08-28 11:34:31,2,-100
1455,2023-08-28 11:34:49,2,-75
1454,2023-08-28 11:35:07,1,-100
1453,2023-08-28 11:35:13,1,-64
1452,2023-08-28 11:35:25,2,-81
1451,2023-08-28 11:35:43,2,-100
1450,2023-08-28 11:35:49,2,-76
1449,2023-08-28 11:36:37,1,-100
1448,2023-08-28 11:36:55,1,-63
1447,2023-08-28 11:37:01,1,-70
1446,2023-08-28 11:37:13,1,-64
1445,2023-08-28 11:38:37,1,-70
1444,2023-08-28 11:38:49,1,-62
1443,2023-08-28 11:38:55,1,-69
1442,2023-08-28 11:39:01,2,-100
1441,2023-08-28 11:39:07,1,-62
1440,2023-08-28 11:39:07,2,-79
1439,2023-08-28 11:40:49,2,-100
1438,2023-08-28 11:41:37,2,-75
1437,2023-08-28 11:43:14,1,-68
1436,2023-08-28 11:43:32,2,-100
1435,2023-08-28 11:43:38,2,-76
1434,2023-08-28 11:43:44,1,-62
1433,2023-08-28 11:43:50,2,-100
1432,2023-08-28 11:43:56,2,-80
1431,2023-08-28 11:44:08,2,-100
1430,2023-08-28 11:44:20,2,-78
1429,2023-08-28 11:44:44,2,-72
1428,2023-08-28 11:45:56,2,-100
1427,2023-08-28 11:46:02,2,-71
1426,2023-08-28 11:46:26,1,-70
1425,2023-08-28 11:46:32,1,-63
1424,2023-08-28 11:47:08,1,-69
1423,2023-08-28 11:47:44,1,-60
1422,2023-08-28 11:48:02,1,-66
1421,2023-08-28 11:48:02,2,-79
1420,2023-08-28 11:48:32,2,-73
1419,2023-08-28 11:48:58,2,-100
1418,2023-08-28 11:49:10,2,-73
1417,2023-08-28 11:49:34,2,-100
1416,2023-08-28 11:49:40,1,-60
1415,2023-08-28 11:49:52,2,-76
1414,2023-08-28 11:50:04,1,-67
1413,2023-08-28 11:50:40,1,-61
1412,2023-08-28 11:50:46,1,-68
1411,2023-08-28 11:51:16,1,-60
1410,2023-08-28 11:51:22,1,-66
1409,2023-08-28 11:51:58,2,-100
1408,2023-08-28 11:52:10,2,-75
1407,2023-08-28 11:53:10,2,-100
1406,2023-08-28 11:53:16,2,-74
1405,2023-08-28 11:56:29,1,-60
1404,2023-08-28 11:58:05,1,-66
1403,2023-08-28 11:58:23,1,-58
1402,2023-08-28 11:58:35,1,-64
1401,2023-08-28 11:58:35,2,-100
1400,2023-08-28 11:58:41,2,-76
1399,2023-08-28 12:00:05,2,-100
1398,2023-08-28 12:00:17,2,-75
1397,2023-08-28 12:01:54,2,-100
1396,2023-08-28 12:02:29,2,-77
1395,2023-08-28 12:03:41,1,-58
1394,2023-08-28 12:04:01,1,-100
1393,2023-08-28 12:04:36,1,-61
1392,2023-08-28 12:04:36,2,-100
1391,2023-08-28 12:06:08,1,-67
1390,2023-08-28 12:06:08,2,-100
1389,2023-08-28 12:06:14,2,-74
1388,2023-08-28 12:06:14,1,-60
1387,2023-08-28 12:06:26,1,-66
1386,2023-08-28 12:06:56,1,-60
1385,2023-08-28 12:07:26,1,-66
1384,2023-08-28 12:08:32,2,-100
1383,2023-08-28 12:08:38,2,-73
1382,2023-08-28 12:08:56,2,-81
1381,2023-08-28 12:09:08,1,-100
1380,2023-08-28 12:09:14,2,-74
1379,2023-08-28 12:09:26,1,-65
1378,2023-08-28 12:09:44,1,-100
1377,2023-08-28 12:09:56,1,-63
1376,2023-08-28 12:10:20,2,-100
1375,2023-08-28 12:10:26,2,-73
1374,2023-08-28 12:10:56,2,-79
1373,2023-08-28 12:11:08,2,-73
1372,2023-08-28 12:11:14,1,-70
1371,2023-08-28 12:11:32,1,-100
1370,2023-08-28 12:11:44,1,-67
1369,2023-08-28 12:12:32,1,-60
1368,2023-08-28 12:12:44,1,-66
1367,2023-08-28 12:13:02,2,-100
1366,2023-08-28 12:14:20,2,-73
1365,2023-08-28 12:14:51,2,-100
1364,2023-08-28 12:15:09,2,-75
1363,2023-08-28 12:15:09,1,-100
1362,2023-08-28 12:15:15,1,-62
1361,2023-08-28 12:19:09,1,-68
1360,2023-08-28 12:19:21,1,-62
1359,2023-08-28 12:19:21,2,-100
1358,2023-08-28 12:19:27,2,-75
1357,2023-08-28 12:19:45,1,-68
1356,2023-08-28 12:19:51,1,-61
1355,2023-08-28 12:20:45,1,-68
1354,2023-08-28 12:20:51,1,-61
1353,2023-08-28 12:21:15,1,-67
1352,2023-08-28 12:21:27,2,-100
1351,2023-08-28 12:21:33,2,-77
1350,2023-08-28 12:22:33,1,-61
1349,2023-08-28 12:23:05,1,-68
1348,2023-08-28 12:23:11,1,-61
1347,2023-08-28 12:23:17,1,-67
1346,2023-08-28 12:23:29,1,-60
1345,2023-08-28 12:23:47,1,-67
1344,2023-08-28 12:24:17,1,-60
1343,2023-08-28 12:24:23,1,-69
1342,2023-08-28 12:24:29,1,-61
1341,2023-08-28 12:24:47,1,-68
1340,2023-08-28 12:24:53,1,-62
1339,2023-08-28 12:24:59,1,-69
1338,2023-08-28 12:25:05,1,-63
1337,2023-08-28 12:26:35,2,-71
1336,2023-08-28 12:27:11,1,-100
1335,2023-08-28 12:27:17,1,-67
1334,2023-08-28 12:28:36,1,-61
1333,2023-08-28 12:29:06,2,-80
1332,2023-08-28 12:29:18,1,-71
1331,2023-08-28 12:29:30,1,-63
1330,2023-08-28 12:29:36,2,-73
1329,2023-08-28 12:30:12,1,-100
1328,2023-08-28 12:30:30,2,-100
1327,2023-08-28 12:30:36,1,-65
1326,2023-08-28 12:31:18,2,-82
1325,2023-08-28 12:31:24,2,-72
1324,2023-08-28 12:32:18,1,-100
1323,2023-08-28 12:32:24,1,-63
1322,2023-08-28 12:32:54,1,-100
1321,2023-08-28 12:33:00,1,-63
1320,2023-08-28 12:33:12,2,-100
1319,2023-08-28 12:33:24,2,-76
1318,2023-08-28 12:34:24,2,-100
1317,2023-08-28 12:34:30,2,-73
1316,2023-08-28 12:34:42,2,-100
1315,2023-08-28 12:34:48,2,-74
1314,2023-08-28 12:34:48,1,-72
1313,2023-08-28 12:35:06,1,-66
1312,2023-08-28 12:35:48,1,-60
1311,2023-08-28 12:36:31,2,-100
1310,2023-08-28 12:36:31,1,-100
1309,2023-08-28 12:36:34,1,-70
1308,2023-08-28 12:36:52,1,-61
1307,2023-08-28 12:36:52,2,-73
1306,2023-08-28 12:38:52,1,-67
1305,2023-08-28 12:39:04,1,-59
1304,2023-08-28 12:39:29,1,-100
1303,2023-08-28 12:39:29,2,-100
1302,2023-08-28 12:39:47,2,-76
1301,2023-08-28 12:39:53,1,-61
1300,2023-08-28 12:40:05,1,-100
1299,2023-08-28 12:40:11,1,-59
1298,2023-08-28 12:40:17,1,-66
1297,2023-08-28 12:40:23,2,-100
1296,2023-08-28 12:40:35,2,-76
1295,2023-08-28 12:40:53,1,-59
1294,2023-08-28 12:41:35,2,-100
1293,2023-08-28 12:41:47,1,-66
1292,2023-08-28 12:42:23,1,-60
1291,2023-08-28 12:42:29,1,-68
1290,2023-08-28 12:42:59,1,-59
1289,2023-08-28 12:43:05,2,-100
1288,2023-08-28 12:43:11,2,-74
1287,2023-08-28 12:43:17,1,-65
1286,2023-08-28 12:43:41,2,-100
1285,2023-08-28 12:43:41,1,-100
1284,2023-08-28 12:43:47,1,-64
1283,2023-08-28 12:43:59,2,-73
1282,2023-08-28 12:44:11,2,-80
1281,2023-08-28 12:44:17,2,-72
1280,2023-08-28 12:44:29,2,-79
1279,2023-08-28 12:44:53,2,-73
1278,2023-08-28 12:46:05,1,-100
1277,2023-08-28 12:46:11,1,-61
1276,2023-08-28 12:46:29,1,-67
1275,2023-08-28 12:47:29,1,-60
1274,2023-08-28 12:47:53,2,-81
1273,2023-08-28 12:48:11,2,-100
1272,2023-08-28 12:48:23,1,-66
1271,2023-08-28 12:48:24,2,-72
1270,2023-08-28 12:48:42,2,-79
1269,2023-08-28 12:49:06,2,-100
1268,2023-08-28 12:49:18,1,-60
1267,2023-08-28 12:49:18,2,-72
1266,2023-08-28 12:49:42,2,-100
1265,2023-08-28 12:49:48,2,-72
1264,2023-08-28 12:50:24,1,-70
1263,2023-08-28 12:50:30,1,-63
1262,2023-08-28 12:50:42,2,-81
1261,2023-08-28 12:50:54,2,-100
1260,2023-08-28 12:51:00,2,-74
1259,2023-08-28 12:51:12,2,-100
1258,2023-08-28 12:51:18,2,-73
1257,2023-08-28 12:51:30,2,-100
1256,2023-08-28 12:51:36,2,-78
1255,2023-08-28 12:52:00,2,-72
1254,2023-08-28 12:52:24,1,-100
1253,2023-08-28 12:52:30,1,-63
1252,2023-08-28 12:52:48,1,-70
1251,2023-08-28 12:52:54,1,-60
1250,2023-08-28 12:53:00,1,-70
1249,2023-08-28 12:53:36,1,-62
1248,2023-08-28 12:53:42,1,-73
1247,2023-08-28 12:53:48,1,-64
1246,2023-08-28 12:54:00,2,-78
1245,2023-08-28 12:54:30,1,-100
1244,2023-08-28 12:54:36,1,-63
1243,2023-08-28 12:55:42,2,-100
1242,2023-08-28 12:55:54,2,-74
1241,2023-08-28 12:57:12,2,-100
1240,2023-08-28 12:57:19,1,-70
1239,2023-08-28 12:57:24,1,-64
1238,2023-08-28 12:57:42,2,-75
1237,2023-08-28 12:57:49,1,-71
1236,2023-08-28 12:58:01,1,-62
1235,2023-08-28 12:58:25,1,-68
1234,2023-08-28 12:59:19,2,-100
1233,2023-08-28 12:59:25,1,-60
1232,2023-08-28 12:59:37,2,-75
1231,2023-08-28 12:59:49,1,-67
1230,2023-08-28 13:00:01,1,-60
1229,2023-08-28 13:00:07,1,-71
1228,2023-08-28 13:00:13,1,-63
1227,2023-08-28 13:00:13,2,-100
1226,2023-08-28 13:00:25,1,-70
1225,2023-08-28 13:00:37,2,-79
1224,2023-08-28 13:00:49,1,-100
1223,2023-08-28 13:00:55,1,-73
1222,2023-08-28 13:01:01,1,-60
1221,2023-08-28 13:01:07,1,-73
1220,2023-08-28 13:01:19,1,-61
1219,2023-08-28 13:01:25,1,-69
1218,2023-08-28 13:01:49,1,-62
1217,2023-08-28 13:02:01,2,-100
1216,2023-08-28 13:02:07,1,-69
1215,2023-08-28 13:02:07,2,-76
1214,2023-08-28 13:02:13,1,-61
1213,2023-08-28 13:02:37,1,-69
1212,2023-08-28 13:02:43,1,-61
1211,2023-08-28 13:02:55,2,-100
1210,2023-08-28 13:03:01,2,-76
1209,2023-08-28 13:03:31,1,-69
1208,2023-08-28 13:03:37,1,-61
1207,2023-08-28 13:03:55,1,-69
1206,2023-08-28 13:04:07,2,-100
1205,2023-08-28 13:04:13,2,-75
1204,2023-08-28 13:05:19,2,-100
1203,2023-08-28 13:05:37,2,-77
1202,2023-08-28 13:05:55,2,-100
1201,2023-08-28 13:06:02,2,-75
1200,2023-08-28 13:06:14,1,-63
1199,2023-08-28 13:06:38,1,-71
1198,2023-08-28 13:06:50,1,-62
1197,2023-08-28 13:06:56,1,-70
1196,2023-08-28 13:07:02,1,-64
1195,2023-08-28 13:07:08,1,-71
1194,2023-08-28 13:07:14,1,-62
1193,2023-08-28 13:07:38,1,-71
1192,2023-08-28 13:07:44,1,-62
1191,2023-08-28 13:10:26,1,-70
1190,2023-08-28 13:10:38,1,-62
1189,2023-08-28 13:10:56,1,-70
1188,2023-08-28 13:11:02,1,-61
1187,2023-08-28 13:11:32,1,-70
1186,2023-08-28 13:11:39,1,-60
1185,2023-08-28 13:11:51,1,-70
1184,2023-08-28 13:11:57,1,-61
1183,2023-08-28 13:12:15,1,-69
1182,2023-08-28 13:12:39,1,-61
1181,2023-08-28 13:13:27,1,-69
1180,2023-08-28 13:14:57,1,-61
1179,2023-08-28 13:15:15,1,-69
1178,2023-08-28 13:15:21,1,-62
1177,2023-08-28 13:15:27,1,-69
1176,2023-08-28 13:15:33,1,-62
1175,2023-08-28 13:15:39,1,-70
1174,2023-08-28 13:15:45,1,-64
1173,2023-08-28 13:17:09,1,-70
1172,2023-08-28 13:17:21,2,-100
1171,2023-08-28 13:17:27,1,-61
1170,2023-08-28 13:17:39,1,-70
1169,2023-08-28 13:17:57,1,-64
1168,2023-08-28 13:18:03,2,-76
1167,2023-08-28 13:18:09,1,-70
1166,2023-08-28 13:18:21,1,-64
1165,2023-08-28 13:18:27,1,-70
1164,2023-08-28 13:18:33,1,-64
1163,2023-08-28 13:18:39,1,-70
1162,2023-08-28 13:19:09,1,-64
1161,2023-08-28 13:19:21,1,-71
1160,2023-08-28 13:19:45,1,-62
1159,2023-08-28 13:19:51,1,-70
1158,2023-08-28 13:19:57,1,-62
1157,2023-08-28 13:20:03,1,-70
1156,2023-08-28 13:20:09,1,-61
1155,2023-08-28 13:22:10,1,-100
1154,2023-08-28 13:22:32,1,-70
1153,2023-08-28 13:22:50,1,-64
1152,2023-08-28 13:23:14,1,-70
1151,2023-08-28 13:23:26,1,-64
1150,2023-08-28 13:29:08,2,-100
1149,2023-08-28 13:29:14,2,-76
1148,2023-08-28 13:29:20,1,-61
1147,2023-08-28 13:30:08,1,-69
1146,2023-08-28 13:30:20,1,-61
1145,2023-08-28 13:30:51,1,-69
1144,2023-08-28 13:31:03,1,-61
1143,2023-08-28 13:32:15,1,-68
1142,2023-08-28 13:33:03,1,-100
1141,2023-08-28 13:33:09,1,-61
1140,2023-08-28 13:33:27,1,-69
1139,2023-08-28 13:34:21,1,-61
1138,2023-08-28 13:34:57,1,-69
1137,2023-08-28 13:35:03,1,-61
1136,2023-08-28 13:35:21,1,-69
1135,2023-08-28 13:35:45,1,-100
1134,2023-08-28 13:35:51,1,-61
1133,2023-08-28 13:36:03,2,-100
1132,2023-08-28 13:36:09,2,-77
1131,2023-08-28 13:36:21,1,-100
1130,2023-08-28 13:36:33,1,-62
1129,2023-08-28 13:37:09,1,-70
1128,2023-08-28 13:38:21,1,-64
1127,2023-08-28 13:38:33,1,-70
1126,2023-08-28 13:38:57,1,-61
1125,2023-08-28 13:39:09,1,-70
1124,2023-08-28 13:39:57,1,-61
1123,2023-08-28 13:40:46,1,-69
1122,2023-08-28 13:40:52,1,-61
1121,2023-08-28 13:41:04,1,-69
1120,2023-08-28 13:41:28,1,-62
1119,2023-08-28 13:41:40,1,-69
1118,2023-08-28 13:43:22,1,-61
1117,2023-08-28 13:43:40,1,-69
1116,2023-08-28 13:43:46,1,-61
1115,2023-08-28 13:43:52,1,-69
1114,2023-08-28 13:44:04,1,-61
1113,2023-08-28 13:44:40,1,-69
1112,2023-08-28 13:45:04,2,-100
1111,2023-08-28 13:45:10,2,-81
1110,2023-08-28 13:45:28,1,-60
1109,2023-08-28 13:45:34,1,-69
1108,2023-08-28 13:45:40,1,-60
1107,2023-08-28 13:45:46,1,-69
1106,2023-08-28 13:45:46,2,-75
1105,2023-08-28 13:46:22,1,-61
1104,2023-08-28 13:46:28,1,-69
1103,2023-08-28 13:47:22,1,-61
1102,2023-08-28 13:48:04,1,-69
1101,2023-08-28 13:48:29,1,-61
1100,2023-08-28 13:48:52,1,-69
1099,2023-08-28 13:48:58,1,-61
1098,2023-08-28 13:49:16,2,-100
1097,2023-08-28 13:49:22,1,-69
1096,2023-08-28 13:49:22,2,-75
1095,2023-08-28 13:49:34,1,-100
1094,2023-08-28 13:49:46,1,-64
1093,2023-08-28 13:49:53,2,-100
1092,2023-08-28 13:49:59,2,-76
1091,2023-08-28 13:50:41,1,-70
1090,2023-08-28 13:50:47,1,-62
1089,2023-08-28 13:50:53,1,-70
1088,2023-08-28 13:51:11,1,-61
1087,2023-08-28 13:51:17,1,-70
1086,2023-08-28 13:51:47,1,-61
1085,2023-08-28 13:52:05,1,-70
1084,2023-08-28 13:52:11,1,-64
1083,2023-08-28 13:52:35,2,-100
1082,2023-08-28 13:52:41,2,-74
1081,2023-08-28 13:52:59,1,-70
1080,2023-08-28 13:53:11,1,-61
1079,2023-08-28 13:54:05,1,-100
1078,2023-08-28 13:54:11,1,-69
1077,2023-08-28 13:54:17,1,-61
1076,2023-08-28 13:54:23,1,-69
1075,2023-08-28 13:55:47,1,-62
1074,2023-08-28 13:56:29,1,-70
1073,2023-08-28 13:56:35,1,-64
1072,2023-08-28 13:57:59,1,-100
1071,2023-08-28 13:58:05,1,-64
1070,2023-08-28 13:58:29,1,-71
1069,2023-08-28 13:58:35,2,-100
1068,2023-08-28 13:58:47,2,-71
1067,2023-08-28 13:59:05,2,-78
1066,2023-08-28 13:59:53,2,-72
1065,2023-08-28 14:00:17,1,-71
1064,2023-08-28 14:00:29,1,-60
1063,2023-08-28 14:00:35,1,-69
1062,2023-08-28 14:00:53,1,-61
1061,2023-08-28 14:00:59,1,-73
1060,2023-08-28 14:01:05,1,-63
1059,2023-08-28 14:01:29,1,-76
1058,2023-08-28 14:01:36,1,-61
1057,2023-08-28 14:01:42,1,-71
1056,2023-08-28 14:01:48,1,-59
1055,2023-08-28 14:01:54,1,-68
1054,2023-08-28 14:02:30,1,-58
1053,2023-08-28 14:02:30,2,-79
1052,2023-08-28 14:02:42,1,-66
1051,2023-08-28 14:02:54,1,-60
1050,2023-08-28 14:03:00,2,-73
1049,2023-08-28 14:03:42,2,-81
1048,2023-08-28 14:03:48,2,-75
1047,2023-08-28 14:03:54,1,-66
1046,2023-08-28 14:04:00,1,-59
1045,2023-08-28 14:04:12,31,-60
1044,2023-08-28 14:04:24,1,-69
1043,2023-08-28 14:04:36,31,-100
1042,2023-08-28 14:04:54,1,-60
1041,2023-08-28 14:05:12,2,-100
1040,2023-08-28 14:05:18,2,-73
1039,2023-08-28 14:05:30,1,-67
1038,2023-08-28 14:05:54,1,-59
1037,2023-08-28 14:06:00,1,-68
1036,2023-08-28 14:06:18,1,-60
1035,2023-08-28 14:06:36,1,-67
1034,2023-08-28 14:07:06,1,-61
1033,2023-08-28 14:07:18,1,-67
1032,2023-08-28 14:07:36,1,-59
1031,2023-08-28 14:07:48,1,-71
1030,2023-08-28 14:08:00,1,-59
1029,2023-08-28 14:08:06,1,-66
1028,2023-08-28 14:08:30,2,-100
1027,2023-08-28 14:08:42,1,-58
1026,2023-08-28 14:09:18,1,-69
1025,2023-08-28 14:09:24,2,-72
1024,2023-08-28 14:09:42,2,-100
1023,2023-08-28 14:09:54,1,-62
1022,2023-08-28 14:09:54,2,-72
1021,2023-08-28 14:10:00,1,-68
1020,2023-08-28 14:10:36,2,-100
1019,2023-08-28 14:10:49,2,-73
1018,2023-08-28 14:11:49,1,-100
1017,2023-08-28 14:11:49,2,-100
1016,2023-08-28 14:11:55,1,-70
1015,2023-08-28 14:12:01,1,-60
1014,2023-08-28 14:12:01,2,-72
1013,2023-08-28 14:12:19,1,-67
1012,2023-08-28 14:12:43,1,-100
1011,2023-08-28 14:12:49,1,-66
1010,2023-08-28 14:13:01,1,-59
1009,2023-08-28 14:13:13,1,-66
1008,2023-08-28 14:13:19,2,-100
1007,2023-08-28 14:13:25,1,-59
1006,2023-08-28 14:13:25,2,-71
1005,2023-08-28 14:15:13,1,-70
1004,2023-08-28 14:15:19,1,-60
1003,2023-08-28 14:15:25,1,-69
1002,2023-08-28 14:15:43,1,-63
1001,2023-08-28 14:16:37,1,-73
1000,2023-08-28 14:16:49,1,-60
999,2023-08-28 14:17:13,1,-69
998,2023-08-28 14:17:25,1,-60
997,2023-08-28 14:19:55,1,-100
996,2023-08-28 14:20:01,1,-63
995,2023-08-28 14:22:14,1,-70
994,2023-08-28 14:22:14,1,-60
993,2023-08-28 14:22:19,2,-100
992,2023-08-28 14:22:37,1,-100
991,2023-08-28 14:22:43,2,-74
990,2023-08-28 14:23:19,1,-60
989,2023-08-28 14:23:31,1,-100
988,2023-08-28 14:23:37,1,-66
987,2023-08-28 14:24:01,1,-60
986,2023-08-28 14:24:44,2,-100
985,2023-08-28 14:25:02,1,-60
984,2023-08-28 14:25:02,2,-73
983,2023-08-28 14:25:20,1,-66
982,2023-08-28 14:25:32,1,-60
981,2023-08-28 14:26:50,1,-66
980,2023-08-28 14:27:26,2,-79
979,2023-08-28 14:27:45,1,-58
978,2023-08-28 14:27:56,1,-68
977,2023-08-28 14:28:02,2,-73
976,2023-08-28 14:28:44,1,-57
975,2023-08-28 14:29:02,1,-65
974,2023-08-28 14:29:14,2,-100
973,2023-08-28 14:29:27,1,-69
972,2023-08-28 14:29:32,2,-80
971,2023-08-28 14:29:38,1,-59
970,2023-08-28 14:29:38,2,-73
969,2023-08-28 14:29:44,1,-65
968,2023-08-28 14:30:02,1,-59
967,2023-08-28 14:30:08,1,-65
966,2023-08-28 14:30:38,1,-59
965,2023-08-28 14:30:44,1,-65
964,2023-08-28 14:30:44,2,-100
963,2023-08-28 14:30:50,2,-74
962,2023-08-28 14:32:15,1,-100
961,2023-08-28 14:32:21,1,-68
960,2023-08-28 14:32:21,2,-80
959,2023-08-28 14:32:45,2,-74
958,2023-08-28 14:33:27,2,-100
957,2023-08-28 14:33:39,2,-77
956,2023-08-28 14:34:09,1,-58
955,2023-08-28 14:34:15,1,-65
954,2023-08-28 14:34:27,1,-59
953,2023-08-28 14:34:33,1,-67
952,2023-08-28 14:34:57,1,-58
951,2023-08-28 14:35:03,1,-66
950,2023-08-28 14:35:27,1,-59
949,2023-08-28 14:35:33,1,-68
948,2023-08-28 14:35:39,1,-59
947,2023-08-28 14:35:51,1,-68
946,2023-08-28 14:35:57,1,-60
945,2023-08-28 14:36:15,1,-72
944,2023-08-28 14:36:21,1,-60
943,2023-08-28 14:36:27,1,-72
942,2023-08-28 14:36:27,2,-100
941,2023-08-28 14:36:33,1,-66
940,2023-08-28 14:36:33,2,-73
939,2023-08-28 14:36:39,1,-59
938,2023-08-28 14:36:51,1,-68
937,2023-08-28 14:37:09,1,-59
936,2023-08-28 14:37:15,1,-67
935,2023-08-28 14:37:21,1,-61
934,2023-08-28 14:37:27,1,-70
933,2023-08-28 14:37:39,2,-100
932,2023-08-28 14:37:45,2,-74
931,2023-08-28 14:37:57,1,-58
930,2023-08-28 14:37:57,2,-100
929,2023-08-28 14:38:03,1,-69
928,2023-08-28 14:38:03,2,-75
927,2023-08-28 14:38:51,2,-100
926,2023-08-28 14:38:57,2,-74
925,2023-08-28 14:39:09,1,-60
924,2023-08-28 14:39:15,1,-71
923,2023-08-28 14:39:21,1,-60
922,2023-08-28 14:39:45,1,-72
921,2023-08-28 14:39:51,1,-60
920,2023-08-28 14:40:09,1,-73
919,2023-08-28 14:40:15,1,-59
918,2023-08-28 14:40:27,1,-66
917,2023-08-28 14:40:33,2,-81
916,2023-08-28 14:40:39,1,-60
915,2023-08-28 14:40:39,2,-73
914,2023-08-28 14:40:45,1,-66
913,2023-08-28 14:40:45,2,-79
912,2023-08-28 14:40:51,1,-72
911,2023-08-28 14:40:51,2,-72
910,2023-08-28 14:40:57,2,-78
909,2023-08-28 14:41:09,1,-59
908,2023-08-28 14:41:15,1,-66
907,2023-08-28 14:41:21,1,-72
906,2023-08-28 14:41:51,1,-60
905,2023-08-28 14:42:09,2,-100
904,2023-08-28 14:42:16,2,-77
903,2023-08-28 14:42:28,1,-72
902,2023-08-28 14:42:34,1,-66
901,2023-08-28 14:42:40,1,-60
900,2023-08-28 14:42:46,1,-70
899,2023-08-28 14:42:46,2,-100
898,2023-08-28 14:42:52,2,-77
897,2023-08-28 14:42:58,1,-59
896,2023-08-28 14:43:10,1,-71
895,2023-08-28 14:43:22,1,-60
894,2023-08-28 14:43:40,1,-67
893,2023-08-28 14:43:40,2,-100
892,2023-08-28 14:43:52,1,-61
891,2023-08-28 14:43:52,2,-79
890,2023-08-28 14:44:16,2,-100
889,2023-08-28 14:44:22,2,-75
888,2023-08-28 14:44:34,1,-100
887,2023-08-28 14:44:40,1,-60
886,2023-08-28 14:44:52,1,-66
885,2023-08-28 14:45:16,2,-81
884,2023-08-28 14:45:22,1,-59
883,2023-08-28 14:45:28,1,-71
882,2023-08-28 14:45:34,1,-65
881,2023-08-28 14:45:46,1,-100
880,2023-08-28 14:45:52,1,-75
879,2023-08-28 14:45:58,2,-74
878,2023-08-28 14:46:16,2,-80
877,2023-08-28 14:46:22,1,-100
876,2023-08-28 14:46:28,1,-65
875,2023-08-28 14:46:40,1,-74
874,2023-08-28 14:46:46,1,-66
873,2023-08-28 14:47:10,2,-74
872,2023-08-28 14:47:46,1,-75
871,2023-08-28 14:47:52,1,-60
870,2023-08-28 14:48:04,1,-72
869,2023-08-28 14:48:10,1,-65
868,2023-08-28 14:48:10,2,-100
867,2023-08-28 14:48:22,1,-59
866,2023-08-28 14:48:22,2,-75
865,2023-08-28 14:48:34,1,-66
864,2023-08-28 14:48:40,1,-60
863,2023-08-28 14:48:40,2,-82
862,2023-08-28 14:48:52,1,-66
861,2023-08-28 14:48:52,2,-74
860,2023-08-28 14:49:04,1,-73
859,2023-08-28 14:49:10,1,-61
858,2023-08-28 14:49:22,1,-70
857,2023-08-28 14:49:58,2,-100
856,2023-08-28 14:50:04,1,-62
855,2023-08-28 14:50:10,1,-76
854,2023-08-28 14:50:10,2,-79
853,2023-08-28 14:50:16,1,-62
852,2023-08-28 14:50:34,1,-68
851,2023-08-28 14:50:40,1,-62
850,2023-08-28 14:50:52,2,-73
849,2023-08-28 14:51:52,1,-77
848,2023-08-28 14:51:58,1,-61
847,2023-08-28 14:52:04,2,-100
846,2023-08-28 14:52:16,2,-76
845,2023-08-28 14:52:22,1,-67
844,2023-08-28 14:52:28,1,-75
843,2023-08-28 14:52:40,1,-67
842,2023-08-28 14:52:46,1,-74
841,2023-08-28 14:53:40,1,-67
840,2023-08-28 14:53:52,1,-75
839,2023-08-28 14:54:10,1,-66
838,2023-08-28 14:54:22,1,-74
837,2023-08-28 14:54:46,1,-67
836,2023-08-28 14:55:05,1,-77
835,2023-08-28 14:55:23,1,-62
834,2023-08-28 14:55:41,1,-100
833,2023-08-28 14:55:47,1,-59
832,2023-08-28 14:55:53,1,-77
831,2023-08-28 14:55:59,1,-68
830,2023-08-28 14:56:17,2,-100
829,2023-08-28 14:56:23,2,-74
828,2023-08-28 14:56:35,1,-74
827,2023-08-28 14:56:47,1,-61
826,2023-08-28 14:57:11,1,-72
825,2023-08-28 14:57:17,1,-59
824,2023-08-28 14:57:23,1,-71
823,2023-08-28 14:57:47,1,-62
822,2023-08-28 14:57:59,1,-69
821,2023-08-28 14:58:05,1,-61
820,2023-08-28 14:58:53,1,-67
819,2023-08-28 14:59:17,1,-60
818,2023-08-28 14:59:35,1,-71
817,2023-08-28 14:59:59,1,-61
816,2023-08-28 15:00:11,2,-100
815,2023-08-28 15:00:17,2,-74
814,2023-08-28 15:00:23,1,-70
813,2023-08-28 15:00:29,1,-63
812,2023-08-28 15:00:41,1,-72
811,2023-08-28 15:00:47,1,-63
810,2023-08-28 15:01:53,1,-70
809,2023-08-28 15:01:59,1,-61
808,2023-08-28 15:02:41,1,-72
807,2023-08-28 15:02:47,1,-61
806,2023-08-28 15:02:59,1,-72
805,2023-08-28 15:03:05,1,-61
804,2023-08-28 15:03:11,1,-68
803,2023-08-28 15:03:17,1,-60
802,2023-08-28 15:03:23,1,-66
801,2023-08-28 15:03:41,1,-60
800,2023-08-28 15:03:47,1,-70
799,2023-08-28 15:03:59,1,-58
798,2023-08-28 15:04:05,1,-69
797,2023-08-28 15:04:11,1,-60
796,2023-08-28 15:04:23,1,-100
795,2023-08-28 15:04:23,2,-100
794,2023-08-28 15:04:42,1,-73
793,2023-08-28 15:04:53,1,-67
792,2023-08-28 15:04:53,2,-78
791,2023-08-28 15:04:59,2,-72
790,2023-08-28 15:06:11,1,-100
789,2023-08-28 15:06:17,1,-60
788,2023-08-28 15:06:29,2,-100
787,2023-08-28 15:06:35,1,-68
786,2023-08-28 15:06:41,1,-61
785,2023-08-28 15:06:41,2,-73
784,2023-08-28 15:06:47,1,-70
783,2023-08-28 15:07:53,1,-60
782,2023-08-28 15:07:59,1,-69
781,2023-08-28 15:08:17,1,-60
780,2023-08-28 15:08:23,1,-71
779,2023-08-28 15:08:35,1,-100
778,2023-08-28 15:08:41,1,-72
777,2023-08-28 15:09:00,1,-64
776,2023-08-28 15:09:30,2,-100
775,2023-08-28 15:09:48,2,-73
774,2023-08-28 15:10:42,1,-72
773,2023-08-28 15:11:18,1,-65
772,2023-08-28 15:12:00,1,-59
771,2023-08-28 15:12:24,1,-67
770,2023-08-28 15:12:36,1,-75
769,2023-08-28 15:12:48,1,-67
768,2023-08-28 15:13:12,1,-73
767,2023-08-28 15:13:18,1,-61
766,2023-08-28 15:13:24,1,-68
765,2023-08-28 15:13:30,1,-61
764,2023-08-28 15:13:42,2,-79
763,2023-08-28 15:13:48,2,-71
762,2023-08-28 15:14:12,1,-67
761,2023-08-28 15:14:30,1,-61
760,2023-08-28 15:14:48,1,-69
759,2023-08-28 15:15:12,1,-61
758,2023-08-28 15:15:30,1,-68
757,2023-08-28 15:15:36,1,-59
756,2023-08-28 15:15:42,1,-69
755,2023-08-28 15:15:48,2,-100
754,2023-08-28 15:15:54,2,-74
753,2023-08-28 15:16:06,2,-100
752,2023-08-28 15:16:12,2,-73
751,2023-08-28 15:16:24,2,-79
750,2023-08-28 15:16:54,1,-59
749,2023-08-28 15:16:54,2,-70
748,2023-08-28 15:17:00,1,-72
747,2023-08-28 15:17:07,2,-76
746,2023-08-28 15:18:00,1,-66
745,2023-08-28 15:18:12,1,-100
744,2023-08-28 15:18:18,1,-76
743,2023-08-28 15:18:24,1,-64
742,2023-08-28 15:18:42,1,-72
741,2023-08-28 15:18:48,2,-70
740,2023-08-28 15:19:06,1,-62
739,2023-08-28 15:19:31,1,-72
738,2023-08-28 15:19:55,1,-61
737,2023-08-28 15:20:01,2,-78
736,2023-08-28 15:20:13,1,-67
735,2023-08-28 15:20:19,2,-71
734,2023-08-28 15:20:37,2,-100
733,2023-08-28 15:20:49,2,-79
732,2023-08-28 15:20:55,2,-73
731,2023-08-28 15:20:55,1,-100
730,2023-08-28 15:21:07,1,-71
729,2023-08-28 15:21:19,1,-65
728,2023-08-28 15:21:37,1,-100
727,2023-08-28 15:21:37,1,-61
726,2023-08-28 15:21:47,2,-77
725,2023-08-28 15:21:50,1,-100
724,2023-08-28 15:21:56,1,-73
723,2023-08-28 15:22:08,2,-100
722,2023-08-28 15:22:14,1,-67
721,2023-08-28 15:22:32,2,-73
720,2023-08-28 15:23:14,1,-74
719,2023-08-28 15:23:26,1,-68
718,2023-08-28 15:23:44,1,-62
717,2023-08-28 15:23:56,1,-68
716,2023-08-28 15:24:02,1,-61
715,2023-08-28 15:24:08,1,-69
714,2023-08-28 15:24:14,1,-60
713,2023-08-28 15:25:02,1,-69
712,2023-08-28 15:25:02,2,-80
711,2023-08-28 15:25:14,1,-76
710,2023-08-28 15:25:20,1,-59
709,2023-08-28 15:25:26,2,-71
708,2023-08-28 15:25:32,2,-78
707,2023-08-28 15:25:38,1,-73
706,2023-08-28 15:25:38,2,-72
705,2023-08-28 15:25:44,1,-60
704,2023-08-28 15:25:50,1,-71
703,2023-08-28 15:25:56,1,-60
702,2023-08-28 15:26:21,1,-68
701,2023-08-28 15:26:27,1,-61
700,2023-08-28 15:26:39,2,-100
699,2023-08-28 15:26:45,2,-73
698,2023-08-28 15:26:51,1,-68
697,2023-08-28 15:27:15,1,-61
696,2023-08-28 15:27:27,1,-80
695,2023-08-28 15:27:45,1,-72
694,2023-08-28 15:28:09,2,-100
693,2023-08-28 15:28:15,2,-76
692,2023-08-28 15:28:21,1,-60
691,2023-08-28 15:28:27,1,-69
690,2023-08-28 15:28:33,1,-60
689,2023-08-28 15:28:33,2,-70
688,2023-08-28 15:28:51,2,-78
687,2023-08-28 15:28:57,2,-72
686,2023-08-28 15:29:09,1,-70
685,2023-08-28 15:29:21,1,-60
684,2023-08-28 15:29:39,1,-100
683,2023-08-28 15:29:45,1,-62
682,2023-08-28 15:29:57,1,-70
681,2023-08-28 15:29:57,2,-100
680,2023-08-28 15:30:09,1,-60
679,2023-08-28 15:30:21,2,-75
678,2023-08-28 15:30:45,1,-73
677,2023-08-28 15:30:51,1,-60
676,2023-08-28 15:30:57,1,-72
675,2023-08-28 15:31:03,1,-62
674,2023-08-28 15:31:45,1,-72
673,2023-08-28 15:31:51,1,-59
672,2023-08-28 15:32:03,1,-65
671,2023-08-28 15:32:09,1,-59
670,2023-08-28 15:32:15,1,-72
669,2023-08-28 15:32:21,1,-60
668,2023-08-28 15:32:27,1,-68
667,2023-08-28 15:32:33,1,-60
666,2023-08-28 15:32:45,1,-69
665,2023-08-28 15:32:51,1,-58
664,2023-08-28 15:32:57,1,-70
663,2023-08-28 15:33:09,1,-60
662,2023-08-28 15:34:15,1,-71
661,2023-08-28 15:35:21,1,-61
660,2023-08-28 15:35:39,1,-74
659,2023-08-28 15:35:51,1,-66
658,2023-08-28 15:36:45,1,-59
657,2023-08-28 15:36:56,1,-67
656,2023-08-28 15:37:20,1,-59
655,2023-08-28 15:37:26,1,-66
654,2023-08-28 15:37:38,1,-60
653,2023-08-28 15:37:44,1,-73
652,2023-08-28 15:37:50,1,-63
651,2023-08-28 15:37:50,2,-100
650,2023-08-28 15:37:56,2,-74
649,2023-08-28 15:38:02,1,-72
648,2023-08-28 15:38:08,1,-65
647,2023-08-28 15:38:20,1,-72
646,2023-08-28 15:38:38,1,-60
645,2023-08-28 15:39:08,1,-70
644,2023-08-28 15:39:14,1,-60
643,2023-08-28 15:39:38,1,-73
642,2023-08-28 15:39:44,1,-64
641,2023-08-28 15:40:32,1,-57
640,2023-08-28 15:40:57,1,-66
639,2023-08-28 15:41:27,1,-59
638,2023-08-28 15:41:39,1,-68
637,2023-08-28 15:42:45,1,-58
636,2023-08-28 15:42:51,1,-64
635,2023-08-28 15:43:03,1,-70
634,2023-08-28 15:43:09,1,-59
633,2023-08-28 15:43:21,1,-69
632,2023-08-28 15:43:39,1,-58
631,2023-08-28 15:43:45,1,-65
630,2023-08-28 15:43:51,1,-58
629,2023-08-28 15:44:03,1,-66
628,2023-08-28 15:44:21,1,-59
627,2023-08-28 15:44:27,1,-65
626,2023-08-28 15:45:27,1,-59
625,2023-08-28 15:45:39,1,-65
624,2023-08-28 15:45:57,1,-71
623,2023-08-28 15:46:39,1,-65
622,2023-08-28 15:46:51,1,-59
621,2023-08-28 15:47:27,2,-100
620,2023-08-28 15:47:33,2,-74
619,2023-08-28 15:47:39,1,-74
618,2023-08-28 15:47:51,1,-59
617,2023-08-28 15:48:15,1,-71
616,2023-08-28 15:48:21,1,-59
615,2023-08-28 15:48:40,1,-69
614,2023-08-28 15:49:05,2,-100
613,2023-08-28 15:49:15,2,-73
612,2023-08-28 15:49:16,1,-62
611,2023-08-28 15:49:22,1,-71
610,2023-08-28 15:49:28,1,-59
609,2023-08-28 15:49:34,1,-65
608,2023-08-28 15:49:52,2,-100
607,2023-08-28 15:49:58,2,-72
606,2023-08-28 15:49:58,1,-59
605,2023-08-28 15:50:04,1,-65
604,2023-08-28 15:50:22,2,-79
603,2023-08-28 15:50:28,2,-72
602,2023-08-28 15:50:46,2,-79
601,2023-08-28 15:50:52,2,-72
600,2023-08-28 15:51:40,1,-74
599,2023-08-28 15:51:46,1,-59
598,2023-08-28 15:51:58,2,-100
597,2023-08-28 15:52:10,2,-72
596,2023-08-28 15:52:10,1,-71
595,2023-08-28 15:52:16,1,-77
594,2023-08-28 15:52:22,1,-63
593,2023-08-28 15:52:28,1,-70
592,2023-08-28 15:52:40,1,-63
591,2023-08-28 15:52:46,1,-72
590,2023-08-28 15:52:52,1,-65
589,2023-08-28 15:52:58,1,-72
588,2023-08-28 15:53:10,2,-78
587,2023-08-28 15:53:22,1,-63
586,2023-08-28 15:53:28,2,-72
585,2023-08-28 15:53:28,1,-69
584,2023-08-28 15:53:34,1,-58
583,2023-08-28 15:54:40,1,-77
582,2023-08-28 15:54:46,1,-57
581,2023-08-28 15:54:52,1,-70
580,2023-08-28 15:54:58,1,-58
579,2023-08-28 15:55:10,1,-66
578,2023-08-28 15:55:16,1,-59
577,2023-08-28 15:55:34,2,-100
576,2023-08-28 15:55:40,2,-71
575,2023-08-28 15:56:16,1,-65
574,2023-08-28 15:56:29,1,-100
573,2023-08-28 15:56:40,1,-73
572,2023-08-28 15:56:52,1,-59
571,2023-08-28 15:57:05,1,-70
570,2023-08-28 15:57:05,2,-100
569,2023-08-28 15:57:17,2,-69
568,2023-08-28 15:57:23,2,-77
567,2023-08-28 15:57:23,1,-58
566,2023-08-28 15:57:29,1,-74
565,2023-08-28 15:57:35,1,-67
564,2023-08-28 15:57:53,1,-73
563,2023-08-28 15:58:53,1,-67
562,2023-08-28 15:59:11,1,-59
561,2023-08-28 15:59:35,2,-71
560,2023-08-28 15:59:59,1,-66
559,2023-08-28 16:00:05,1,-57
558,2023-08-28 16:00:17,1,-65
557,2023-08-28 16:00:29,1,-76
556,2023-08-28 16:00:41,1,-59
555,2023-08-28 16:00:53,1,-75
554,2023-08-28 16:01:05,1,-65
553,2023-08-28 16:01:17,1,-76
552,2023-08-28 16:01:17,2,-100
551,2023-08-28 16:01:29,2,-72
550,2023-08-28 16:01:35,1,-60
549,2023-08-28 16:01:59,1,-71
548,2023-08-28 16:02:11,1,-60
547,2023-08-28 16:02:29,1,-76
546,2023-08-28 16:02:35,1,-58
545,2023-08-28 16:03:11,1,-72
544,2023-08-28 16:03:29,1,-59
543,2023-08-28 16:03:35,1,-73
542,2023-08-28 16:03:41,1,-67
541,2023-08-28 16:03:53,1,-73
540,2023-08-28 16:03:59,1,-58
539,2023-08-28 16:04:05,1,-70
538,2023-08-28 16:04:29,1,-59
537,2023-08-28 16:04:41,1,-65
536,2023-08-28 16:04:53,1,-58
535,2023-08-28 16:05:29,1,-72
534,2023-08-28 16:05:41,1,-59
533,2023-08-28 16:06:11,1,-74
532,2023-08-28 16:06:17,1,-59
531,2023-08-28 16:06:23,1,-75
530,2023-08-28 16:06:23,2,-100
529,2023-08-28 16:06:29,1,-58
528,2023-08-28 16:06:35,1,-69
527,2023-08-28 16:06:41,2,-75
526,2023-08-28 16:06:41,1,-60
525,2023-08-28 16:06:59,1,-72
524,2023-08-28 16:07:05,1,-59
523,2023-08-28 16:07:35,2,-100
522,2023-08-28 16:07:41,2,-77
521,2023-08-28 16:07:42,1,-65
520,2023-08-28 16:07:47,1,-57
519,2023-08-28 16:07:53,1,-64
518,2023-08-28 16:08:11,1,-73
517,2023-08-28 16:08:17,1,-67
516,2023-08-28 16:08:30,1,-58
515,2023-08-28 16:08:30,2,-100
514,2023-08-28 16:08:36,1,-65
513,2023-08-28 16:08:42,2,-74
512,2023-08-28 16:08:48,1,-57
511,2023-08-28 16:09:00,1,-73
510,2023-08-28 16:09:18,1,-66
509,2023-08-28 16:09:36,1,-74
508,2023-08-28 16:09:48,1,-59
507,2023-08-28 16:10:12,1,-67
506,2023-08-28 16:10:18,1,-58
505,2023-08-28 16:10:30,1,-74
504,2023-08-28 16:10:42,1,-59
503,2023-08-28 16:10:48,1,-72
502,2023-08-28 16:10:54,1,-58
501,2023-08-28 16:11:00,1,-65
500,2023-08-28 16:11:06,1,-72
499,2023-08-28 16:11:30,1,-65
498,2023-08-28 16:11:36,1,-59
497,2023-08-28 16:11:42,1,-65
496,2023-08-28 16:12:24,2,-100
495,2023-08-28 16:12:30,2,-75
494,2023-08-28 16:12:54,1,-72
493,2023-08-28 16:13:36,1,-58
492,2023-08-28 16:13:42,1,-68
491,2023-08-28 16:14:12,1,-78
490,2023-08-28 16:14:18,1,-69
489,2023-08-28 16:14:30,1,-60
488,2023-08-28 16:14:36,1,-73
487,2023-08-28 16:14:48,1,-63
486,2023-08-28 16:15:06,2,-100
485,2023-08-28 16:15:12,1,-73
484,2023-08-28 16:15:24,1,-66
483,2023-08-28 16:15:30,1,-58
482,2023-08-28 16:15:36,1,-65
481,2023-08-28 16:15:54,1,-71
480,2023-08-28 16:16:00,1,-65
479,2023-08-28 16:16:12,1,-59
478,2023-08-28 16:16:18,1,-66
477,2023-08-28 16:16:36,2,-100
476,2023-08-28 16:16:42,2,-75
475,2023-08-28 16:17:18,2,-81
474,2023-08-28 16:17:24,2,-73
473,2023-08-28 16:18:12,1,-72
472,2023-08-28 16:18:42,1,-59
471,2023-08-28 16:19:06,1,-72
470,2023-08-28 16:19:18,1,-59
469,2023-08-28 16:19:18,2,-100
468,2023-08-28 16:19:25,2,-77
467,2023-08-28 16:19:36,1,-73
466,2023-08-28 16:19:54,1,-58
465,2023-08-28 16:20:06,1,-68
464,2023-08-28 16:20:13,1,-61
463,2023-08-28 16:20:18,1,-73
462,2023-08-28 16:20:43,1,-66
461,2023-08-28 16:21:01,1,-58
460,2023-08-28 16:21:07,1,-66
459,2023-08-28 16:21:13,1,-59
458,2023-08-28 16:21:19,2,-71
457,2023-08-28 16:21:37,1,-71
456,2023-08-28 16:21:43,1,-59
455,2023-08-28 16:21:43,2,-100
454,2023-08-28 16:21:49,2,-73
453,2023-08-28 16:21:49,1,-71
452,2023-08-28 16:21:55,1,-58
451,2023-08-28 16:22:19,1,-73
450,2023-08-28 16:22:25,1,-59
449,2023-08-28 16:22:49,1,-66
448,2023-08-28 16:22:55,1,-58
447,2023-08-28 16:23:01,1,-66
446,2023-08-28 16:23:49,1,-58
445,2023-08-28 16:23:49,2,-100
444,2023-08-28 16:23:55,2,-74
443,2023-08-28 16:23:55,1,-66
442,2023-08-28 16:24:13,1,-59
441,2023-08-28 16:24:19,1,-68
440,2023-08-28 16:24:25,2,-80
439,2023-08-28 16:24:25,1,-58
438,2023-08-28 16:24:43,2,-100
437,2023-08-28 16:24:43,1,-100
436,2023-08-28 16:24:49,2,-75
435,2023-08-28 16:24:55,1,-73
434,2023-08-28 16:25:01,1,-67
433,2023-08-28 16:25:43,1,-61
432,2023-08-28 16:25:49,1,-71
431,2023-08-28 16:25:55,2,-100
430,2023-08-28 16:26:13,1,-58
429,2023-08-28 16:26:31,2,-78
428,2023-08-28 16:26:43,1,-70
427,2023-08-28 16:26:49,1,-58
426,2023-08-28 16:27:07,1,-100
425,2023-08-28 16:27:13,1,-59
424,2023-08-28 16:27:19,1,-71
423,2023-08-28 16:27:25,2,-100
422,2023-08-28 16:27:31,2,-74
421,2023-08-28 16:27:43,1,-59
420,2023-08-28 16:28:13,1,-69
419,2023-08-28 16:28:25,1,-59
418,2023-08-28 16:29:49,1,-70
417,2023-08-28 16:30:19,1,-58
416,2023-08-28 16:30:25,2,-100
415,2023-08-28 16:30:43,2,-74
414,2023-08-28 16:30:43,1,-71
413,2023-08-28 16:31:13,1,-58
412,2023-08-28 16:31:37,1,-100
411,2023-08-28 16:31:55,1,-58
410,2023-08-28 16:32:01,1,-65
409,2023-08-28 16:32:31,1,-100
408,2023-08-28 16:32:38,1,-58
407,2023-08-28 16:32:44,1,-64
406,2023-08-28 16:32:50,1,-58
405,2023-08-28 16:34:02,2,-100
404,2023-08-28 16:34:14,2,-71
403,2023-08-28 16:34:50,1,-64
402,2023-08-28 16:35:02,1,-58
401,2023-08-28 16:35:14,1,-64
400,2023-08-28 16:35:14,2,-100
399,2023-08-28 16:35:20,2,-72
398,2023-08-28 16:35:20,1,-78
397,2023-08-28 16:35:32,1,-100
396,2023-08-28 16:35:50,1,-64
395,2023-08-28 16:36:08,2,-100
394,2023-08-28 16:36:08,1,-100
393,2023-08-28 16:36:14,2,-73
392,2023-08-28 16:36:38,1,-78
391,2023-08-28 16:37:02,1,-64
390,2023-08-28 16:37:20,1,-80
389,2023-08-28 16:37:26,1,-58
388,2023-08-28 16:37:32,1,-81
387,2023-08-28 16:37:38,1,-65
386,2023-08-28 16:37:44,1,-57
385,2023-08-28 16:38:20,1,-64
384,2023-08-28 16:38:32,1,-78
383,2023-08-28 16:38:51,1,-64
382,2023-08-28 16:38:51,2,-100
381,2023-08-28 16:39:09,2,-71
380,2023-08-28 16:39:27,1,-79
379,2023-08-28 16:39:27,2,-100
378,2023-08-28 16:39:33,1,-57
377,2023-08-28 16:39:39,2,-71
376,2023-08-28 16:39:39,1,-64
375,2023-08-28 16:39:45,1,-57
374,2023-08-28 16:39:57,1,-64
373,2023-08-28 16:40:03,1,-57
372,2023-08-28 16:40:03,2,-100
371,2023-08-28 16:40:09,2,-75
370,2023-08-28 16:40:21,1,-64
369,2023-08-28 16:40:27,1,-58
368,2023-08-28 16:41:15,1,-100
367,2023-08-28 16:41:27,1,-58
366,2023-08-28 16:41:57,1,-64
365,2023-08-28 16:42:03,1,-57
364,2023-08-28 16:42:15,1,-78
363,2023-08-28 16:42:21,1,-64
362,2023-08-28 16:42:33,1,-58
361,2023-08-28 16:42:39,1,-65
360,2023-08-28 16:42:45,1,-57
359,2023-08-28 16:43:03,1,-64
358,2023-08-28 16:43:27,1,-58
357,2023-08-28 16:43:39,1,-100
356,2023-08-28 16:43:45,1,-66
355,2023-08-28 16:43:57,1,-100
354,2023-08-28 16:44:15,1,-79
353,2023-08-28 16:44:21,1,-58
352,2023-08-28 16:45:09,1,-100
351,2023-08-28 16:45:15,1,-74
350,2023-08-28 16:45:21,1,-64
349,2023-08-28 16:45:33,1,-58
348,2023-08-28 16:45:51,1,-65
347,2023-08-28 16:46:27,1,-57
346,2023-08-28 16:46:46,1,-76
345,2023-08-28 16:46:52,1,-58
344,2023-08-28 16:47:22,1,-65
343,2023-08-28 16:47:28,1,-58
342,2023-08-28 16:48:04,1,-73
341,2023-08-28 16:48:16,1,-59
340,2023-08-28 16:48:28,1,-66
339,2023-08-28 16:48:46,1,-59
338,2023-08-28 16:48:58,1,-67
337,2023-08-28 16:49:16,1,-74
336,2023-08-28 16:49:22,1,-57
335,2023-08-28 16:49:28,1,-66
334,2023-08-28 16:49:40,2,-100
333,2023-08-28 16:49:46,2,-77
332,2023-08-28 16:49:46,1,-59
331,2023-08-28 16:49:52,1,-72
330,2023-08-28 16:49:58,2,-100
329,2023-08-28 16:50:04,2,-72
328,2023-08-28 16:50:04,1,-58
327,2023-08-28 16:50:10,1,-74
326,2023-08-28 16:50:16,1,-58
325,2023-08-28 16:50:28,1,-74
324,2023-08-28 16:50:40,1,-59
323,2023-08-28 16:51:22,1,-66
322,2023-08-28 16:51:34,1,-58
321,2023-08-28 16:51:40,1,-72
320,2023-08-28 16:51:46,1,-58
319,2023-08-28 16:51:52,1,-65
318,2023-08-28 16:52:04,1,-72
317,2023-08-28 16:52:10,1,-58
316,2023-08-28 16:52:22,2,-100
315,2023-08-28 16:52:28,2,-73
314,2023-08-28 16:52:28,1,-66
313,2023-08-28 16:53:10,1,-59
312,2023-08-28 16:53:16,1,-66
311,2023-08-28 16:53:28,1,-75
310,2023-08-28 16:53:34,1,-67
309,2023-08-28 16:53:34,2,-100
308,2023-08-28 16:53:40,2,-75
307,2023-08-28 16:53:46,1,-73
306,2023-08-28 16:53:46,28,-72
305,2023-08-28 16:53:52,2,-100
304,2023-08-28 16:53:58,1,-60
303,2023-08-28 16:54:04,2,-74
302,2023-08-28 16:54:10,1,-72
301,2023-08-28 16:54:10,28,-100
300,2023-08-28 16:54:34,1,-59
299,2023-08-28 16:54:40,1,-72
298,2023-08-28 16:55:04,1,-100
297,2023-08-28 16:55:10,1,-71
296,2023-08-28 16:55:22,1,-58
295,2023-08-28 16:55:28,1,-76
294,2023-08-28 16:55:46,1,-57
293,2023-08-28 16:55:58,1,-100
292,2023-08-28 16:56:16,1,-75
291,2023-08-28 16:56:22,1,-66
290,2023-08-28 16:56:34,1,-100
289,2023-08-28 16:56:41,1,-59
288,2023-08-28 16:57:11,2,-100
287,2023-08-28 16:57:11,1,-100
286,2023-08-28 16:57:29,2,-73
285,2023-08-28 16:57:53,1,-58
284,2023-08-28 16:57:59,1,-73
283,2023-08-28 16:57:59,2,-79
282,2023-08-28 16:58:11,1,-65
281,2023-08-28 16:58:17,1,-75
280,2023-08-28 16:58:17,2,-73
279,2023-08-28 16:58:23,1,-58
278,2023-08-28 16:58:35,1,-74
277,2023-08-28 16:58:41,1,-66
276,2023-08-28 16:58:47,1,-60
275,2023-08-28 16:58:53,2,-79
274,2023-08-28 16:58:59,1,-73
273,2023-08-28 16:58:59,2,-72
272,2023-08-28 16:59:11,1,-60
271,2023-08-28 16:59:23,1,-67
270,2023-08-28 16:59:35,2,-78
269,2023-08-28 16:59:41,2,-71
268,2023-08-28 16:59:53,1,-58
267,2023-08-28 16:59:59,1,-72
266,2023-08-28 17:00:11,1,-66
265,2023-08-28 17:00:17,1,-58
264,2023-08-28 17:00:23,1,-64
263,2023-08-28 17:00:35,1,-58
262,2023-08-28 17:00:41,2,-78
261,2023-08-28 17:00:47,1,-64
260,2023-08-28 17:01:23,1,-74
259,2023-08-28 17:01:29,1,-58
258,2023-08-28 17:01:35,1,-73
257,2023-08-28 17:01:59,1,-79
256,2023-08-28 17:01:59,2,-100
255,2023-08-28 17:02:05,1,-72
254,2023-08-28 17:02:23,2,-73
253,2023-08-28 17:02:35,1,-78
252,2023-08-28 17:02:35,2,-100
251,2023-08-28 17:02:41,1,-66
250,2023-08-28 17:02:47,1,-73
249,2023-08-28 17:03:11,1,-57
248,2023-08-28 17:03:29,1,-71
247,2023-08-28 17:03:30,2,-74
246,2023-08-28 17:03:42,1,-59
245,2023-08-28 17:04:12,2,-80
244,2023-08-28 17:04:18,1,-69
243,2023-08-28 17:04:24,1,-60
242,2023-08-28 17:04:42,1,-71
241,2023-08-28 17:04:42,2,-100
240,2023-08-28 17:05:18,2,-78
239,2023-08-28 17:05:24,1,-58
238,2023-08-28 17:05:36,1,-72
237,2023-08-28 17:05:54,1,-65
236,2023-08-28 17:05:55,2,-72
235,2023-08-28 17:06:01,1,-58
234,2023-08-28 17:06:25,1,-65
233,2023-08-28 17:06:37,1,-59
232,2023-08-28 17:06:43,2,-78
231,2023-08-28 17:07:13,1,-77
230,2023-08-28 17:07:25,1,-59
229,2023-08-28 17:07:37,1,-65
228,2023-08-28 17:07:49,1,-72
227,2023-08-28 17:07:55,1,-78
226,2023-08-28 17:08:01,1,-60
225,2023-08-28 17:08:07,1,-76
224,2023-08-28 17:08:19,1,-59
223,2023-08-28 17:08:19,2,-100
222,2023-08-28 17:08:25,2,-74
221,2023-08-28 17:08:31,1,-72
220,2023-08-28 17:08:37,1,-58
219,2023-08-28 17:09:01,1,-73
218,2023-08-28 17:09:07,1,-60
217,2023-08-28 17:09:19,1,-73
216,2023-08-28 17:09:31,1,-58
215,2023-08-28 17:09:37,1,-65
214,2023-08-28 17:09:43,1,-58
213,2023-08-28 17:09:55,1,-72
212,2023-08-28 17:10:01,2,-80
211,2023-08-28 17:10:07,1,-59
210,2023-08-28 17:10:13,2,-74
209,2023-08-28 17:10:19,1,-67
208,2023-08-28 17:10:31,1,-59
207,2023-08-28 17:10:43,1,-67
206,2023-08-28 17:10:55,1,-59
205,2023-08-28 17:11:01,1,-66
204,2023-08-28 17:11:07,1,-60
203,2023-08-28 17:11:31,1,-67
202,2023-08-28 17:11:43,1,-60
201,2023-08-28 17:12:01,1,-66
200,2023-08-28 17:12:49,1,-75
199,2023-08-28 17:12:55,1,-63
198,2023-08-28 17:13:01,1,-75
197,2023-08-28 17:13:01,2,-81
196,2023-08-28 17:13:25,1,-60
195,2023-08-28 17:13:25,2,-100
194,2023-08-28 17:13:31,2,-80
193,2023-08-28 17:14:01,1,-74
192,2023-08-28 17:14:01,2,-100
191,2023-08-28 17:14:07,1,-66
190,2023-08-28 17:14:07,2,-76
189,2023-08-28 17:14:37,1,-100
188,2023-08-28 17:14:43,1,-65
187,2023-08-28 17:15:01,1,-77
186,2023-08-28 17:15:32,1,-100
185,2023-08-28 17:15:38,1,-59
184,2023-08-28 17:15:50,1,-76
183,2023-08-28 17:15:56,1,-65
182,2023-08-28 17:16:32,1,-59
181,2023-08-28 17:16:50,1,-76
180,2023-08-28 17:17:02,2,-100
179,2023-08-28 17:17:08,1,-76
178,2023-08-28 17:17:08,2,-74
177,2023-08-28 17:17:14,1,-67
176,2023-08-28 17:17:26,1,-77
175,2023-08-28 17:17:38,1,-60
174,2023-08-28 17:17:56,1,-100
173,2023-08-28 17:17:56,2,-100
172,2023-08-28 17:18:02,1,-71
171,2023-08-28 17:18:02,2,-72
170,2023-08-28 17:18:32,1,-100
169,2023-08-28 17:18:32,2,-100
168,2023-08-28 17:18:38,1,-73
167,2023-08-28 17:18:44,1,-61
166,2023-08-28 17:18:44,2,-72
165,2023-08-28 17:19:08,2,-100
164,2023-08-28 17:19:14,2,-74
163,2023-08-28 17:21:20,1,-67
162,2023-08-28 17:21:32,1,-59
161,2023-08-28 17:22:02,1,-68
160,2023-08-28 17:22:20,1,-59
159,2023-08-28 17:22:32,1,-67
158,2023-08-28 17:23:02,1,-61
157,2023-08-28 17:23:20,1,-100
156,2023-08-28 17:23:20,2,-100
155,2023-08-28 17:23:26,1,-61
154,2023-08-28 17:23:32,2,-75
153,2023-08-28 17:24:56,1,-69
152,2023-08-28 17:25:08,2,-100
151,2023-08-28 17:25:14,1,-76
150,2023-08-28 17:25:20,2,-76
149,2023-08-28 17:25:32,1,-62
148,2023-08-28 17:25:44,1,-75
147,2023-08-28 17:25:44,2,-100
146,2023-08-28 17:25:50,2,-72
145,2023-08-28 17:26:02,1,-100
144,2023-08-28 17:26:44,1,-65
143,2023-08-28 17:26:50,1,-74
142,2023-08-28 17:26:56,1,-64
141,2023-08-28 17:27:14,1,-74
140,2023-08-28 17:27:26,1,-65
139,2023-08-28 17:27:44,1,-73
138,2023-08-28 17:27:50,1,-62
137,2023-08-28 17:27:56,2,-79
136,2023-08-28 17:28:08,1,-73
135,2023-08-28 17:28:14,1,-61
134,2023-08-28 17:28:32,2,-73
133,2023-08-28 17:28:50,1,-71
132,2023-08-28 17:28:57,1,-60
131,2023-08-28 17:29:15,2,-79
130,2023-08-28 17:29:27,1,-68
129,2023-08-28 17:29:39,1,-75
128,2023-08-28 17:29:45,1,-68
127,2023-08-28 17:29:51,1,-74
126,2023-08-28 17:29:57,2,-73
125,2023-08-28 17:30:27,1,-67
124,2023-08-28 17:30:39,1,-80
123,2023-08-28 17:30:45,1,-62
122,2023-08-28 17:30:57,1,-77
121,2023-08-28 17:31:03,1,-60
120,2023-08-28 17:31:15,1,-67
119,2023-08-28 17:31:27,1,-60
118,2023-08-28 17:31:33,1,-67
117,2023-08-28 17:31:51,1,-59
116,2023-08-28 17:32:09,1,-67
115,2023-08-28 17:32:15,1,-59
114,2023-08-28 17:32:27,1,-66
113,2023-08-28 17:33:33,1,-73
112,2023-08-28 17:33:37,2,-100
111,2023-08-28 17:33:39,2,-73
110,2023-08-28 17:33:57,1,-62
109,2023-08-28 17:34:09,2,-100
108,2023-08-28 17:34:15,1,-60
107,2023-08-28 17:34:15,2,-74
106,2023-08-28 17:34:21,1,-69
105,2023-08-28 17:34:21,2,-80
104,2023-08-28 17:34:27,2,-74
103,2023-08-28 17:34:33,1,-77
102,2023-08-28 17:34:39,1,-67
101,2023-08-28 17:34:45,1,-61
100,2023-08-28 17:35:15,1,-67
99,2023-08-28 17:35:21,1,-61
98,2023-08-28 17:35:21,2,-80
97,2023-08-28 17:35:27,1,-67
96,2023-08-28 17:35:27,2,-72
95,2023-08-28 17:35:57,1,-100
94,2023-08-28 17:36:10,1,-60
93,2023-08-28 17:36:21,1,-67
92,2023-08-28 17:36:33,1,-100
91,2023-08-28 17:36:45,1,-67
90,2023-08-28 17:37:15,1,-59
89,2023-08-28 17:37:39,1,-66
88,2023-08-28 17:37:52,1,-60
87,2023-08-28 17:38:04,1,-66
86,2023-08-28 17:38:10,1,-59
85,2023-08-28 17:38:10,2,-80
84,2023-08-28 17:38:16,1,-65
83,2023-08-28 17:38:22,1,-73
82,2023-08-28 17:38:28,1,-65
81,2023-08-28 17:38:40,2,-73
80,2023-08-28 17:39:40,1,-73
79,2023-08-28 17:39:52,1,-60
78,2023-08-28 17:39:58,1,-67
77,2023-08-28 17:40:10,1,-100
76,2023-08-28 17:40:16,1,-75
75,2023-08-28 17:40:22,1,-69
74,2023-08-28 17:40:46,2,-100
73,2023-08-28 17:40:52,1,-61
72,2023-08-28 17:41:04,2,-74
71,2023-08-28 17:41:46,1,-75
70,2023-08-28 17:41:52,1,-59
69,2023-08-28 17:42:04,1,-72
68,2023-08-28 17:42:16,1,-60
67,2023-08-28 17:42:34,1,-100
66,2023-08-28 17:42:40,1,-67
65,2023-08-28 17:42:52,1,-73
64,2023-08-28 17:43:10,2,-100
63,2023-08-28 17:43:16,1,-61
62,2023-08-28 17:43:16,2,-74
61,2023-08-28 17:43:28,1,-100
60,2023-08-28 17:43:52,1,-73
59,2023-08-28 17:44:58,2,-100
58,2023-08-28 17:45:04,1,-57
57,2023-08-28 17:45:04,2,-76
56,2023-08-28 17:45:22,1,-68
55,2023-08-28 17:45:46,1,-60
54,2023-08-28 17:45:52,1,-70
53,2023-08-28 17:46:22,1,-60
52,2023-08-28 17:46:28,1,-71
51,2023-08-28 17:46:28,2,-100
50,2023-08-28 17:46:34,2,-74
49,2023-08-28 17:47:04,1,-60
48,2023-08-28 17:47:04,2,-100
47,2023-08-28 17:47:10,2,-76
46,2023-08-28 17:47:17,1,-66
45,2023-08-28 17:47:35,1,-60
44,2023-08-28 17:47:41,1,-67
43,2023-08-28 17:47:53,1,-58
42,2023-08-28 17:48:05,1,-67
41,2023-08-28 17:48:11,1,-59
40,2023-08-28 17:48:17,1,-77
39,2023-08-28 17:48:23,1,-69
38,2023-08-28 17:48:29,1,-59
37,2023-08-28 17:48:35,1,-70
36,2023-08-28 17:48:35,28,-76
35,2023-08-28 17:48:53,28,-100
34,2023-08-28 17:49:29,1,-58
33,2023-08-28 17:49:35,1,-73
32,2023-08-28 17:49:41,1,-60
31,2023-08-28 17:49:47,1,-72
30,2023-08-28 17:49:53,1,-66
29,2023-08-28 17:50:05,1,-58
28,2023-08-28 17:50:11,1,-71
27,2023-08-28 17:50:23,1,-59
26,2023-08-28 17:50:23,2,-100
25,2023-08-28 17:50:29,1,-73
24,2023-08-28 17:50:29,2,-81
23,2023-08-28 17:50:41,1,-60
22,2023-08-28 17:50:41,2,-100
21,2023-08-28 17:50:47,1,-73
20,2023-08-28 17:50:47,2,-73
19,2023-08-28 17:50:53,1,-60
18,2023-08-28 17:51:29,1,-73
17,2023-08-28 17:51:35,1,-59
16,2023-08-28 17:51:47,1,-72
15,2023-08-28 17:52:23,1,-65
14,2023-08-28 17:52:53,1,-58
13,2023-08-28 17:53:05,1,-67
12,2023-08-28 17:56:23,1,-100
11,2023-08-28 17:56:35,1,-71
10,2023-08-28 17:56:53,1,-62
9,2023-08-28 17:56:59,1,-70
8,2023-08-28 17:57:59,1,-61
7,2023-08-28 17:58:05,2,-79
6,2023-08-28 17:58:29,1,-70
5,2023-08-28 17:58:35,1,-62
4,2023-08-28 17:58:48,2,-73
3,2023-08-28 17:58:53,1,-71
2,2023-08-28 17:59:06,1,-64
1,2023-08-28 17:59:36,2,-79
0,2023-08-28 17:59:54,1,-75
