Stamp,Model
25/09/2023 09:06:56,SPT120018W
25/09/2023 09:08:02,SPT120018W
25/09/2023 09:16:27,SPT120018W
25/09/2023 09:17:54,SPT120018W
25/09/2023 09:19:55,SPT120018W
25/09/2023 09:21:47,SPT120018W
25/09/2023 09:25:03,SPT120018W
25/09/2023 09:25:41,SPT120018W
25/09/2023 09:26:23,SPT120018W
25/09/2023 09:27:11,SPT120018W
25/09/2023 09:31:35,SPT120018W
25/09/2023 09:32:24,SPT120018W
25/09/2023 09:33:00,SPT120018W
25/09/2023 09:33:50,SPT120018W
25/09/2023 09:35:05,SPT120018W
25/09/2023 09:36:07,SPT120018W
25/09/2023 09:37:28,SPT120018W
25/09/2023 09:39:48,SPT120018W
25/09/2023 09:40:26,HAMLET-49
25/09/2023 09:41:10,HAMLET-49
25/09/2023 09:41:56,HAMLET-49
25/09/2023 09:42:30,SPT120018W
25/09/2023 09:42:56,HAMLET-49
25/09/2023 09:43:57,SPT120018W
25/09/2023 09:45:41,SPT120018W
25/09/2023 09:47:43,SPT120018W
25/09/2023 09:48:41,HAMLET-49
25/09/2023 09:49:28,SPT120018W
25/09/2023 09:51:06,SPT120018W
25/09/2023 09:51:44,HAMLET-49
25/09/2023 09:52:29,SPT120018W
25/09/2023 09:52:37,HAMLET-49
25/09/2023 09:53:13,HAMLET-49
25/09/2023 09:53:23,SPT120018W
25/09/2023 09:54:40,SPT120018W
25/09/2023 09:54:58,HAMLET-49
25/09/2023 09:55:57,SPT120018W
25/09/2023 09:56:42,HAMLET-49
25/09/2023 09:58:28,SPT120018W
25/09/2023 09:59:25,HAMLET-49
25/09/2023 10:00:47,SPT120018W
25/09/2023 10:01:54,HAMLET-49
25/09/2023 10:01:55,SPT120018W
25/09/2023 10:03:20,SPT120018W
25/09/2023 10:04:11,SPT120018W
25/09/2023 10:04:43,HAMLET-49
25/09/2023 10:05:06,SPT120018W
25/09/2023 10:06:15,SPT120018W
25/09/2023 10:07:12,HAMLET-49
25/09/2023 10:08:15,SPT120018W
25/09/2023 10:09:28,SPT120018W
25/09/2023 10:11:21,SPT120018W
25/09/2023 10:11:30,HAMLET-49
25/09/2023 10:12:11,HAMLET-49
25/09/2023 10:12:25,SPT120018W
25/09/2023 10:13:57,HAMLET-49
25/09/2023 10:14:08,SPT120018W
25/09/2023 10:14:43,HAMLET-49
25/09/2023 10:15:10,SPT120018W
25/09/2023 10:16:23,HAMLET-49
25/09/2023 10:16:45,SPT120018W
25/09/2023 10:17:03,HAMLET-49
25/09/2023 10:18:00,HAMLET-49
25/09/2023 10:18:21,SPT120018W
25/09/2023 10:19:53,HAMLET-49
25/09/2023 10:20:01,SPT120018W
25/09/2023 10:22:09,HAMLET-49
25/09/2023 10:22:21,SPT120018W
25/09/2023 10:23:56,HAMLET-49
25/09/2023 10:24:07,SPT120018W
25/09/2023 10:24:39,HAMLET-49
25/09/2023 10:26:17,HAMLET-49
25/09/2023 10:27:16,SPT120018W
25/09/2023 10:28:19,SPT120018W
25/09/2023 10:28:26,HAMLET-49
25/09/2023 10:29:21,SPT120018W
25/09/2023 10:30:13,SPT120018W
25/09/2023 10:30:38,HAMLET-49
25/09/2023 10:31:19,HAMLET-49
25/09/2023 10:47:00,SPT120018W
25/09/2023 10:47:28,HAMLET-49
25/09/2023 10:47:44,SPT120018W
25/09/2023 10:48:07,HAMLET-49
25/09/2023 10:49:04,SPT120018W
25/09/2023 10:50:09,SPT120018W
25/09/2023 10:50:21,HAMLET-49
25/09/2023 10:51:48,SPT120018W
25/09/2023 10:52:37,HAMLET-49
25/09/2023 10:53:27,SPT120018W
25/09/2023 10:54:36,HAMLET-49
25/09/2023 10:57:01,HAMLET-49
25/09/2023 10:57:03,SPT120018W
25/09/2023 10:57:44,HAMLET-49
25/09/2023 10:58:01,SPT120018W
25/09/2023 10:58:51,SPT120018W
25/09/2023 10:59:42,HAMLET-49
25/09/2023 11:00:17,SPT120018W
25/09/2023 11:01:44,HAMLET-49
25/09/2023 11:01:55,SPT120018W
25/09/2023 11:03:08,HAMLET-49
25/09/2023 11:03:26,SPT120018W
25/09/2023 11:04:44,HAMLET-49
25/09/2023 11:05:03,SPT120018W
25/09/2023 11:06:19,SPT120018W
25/09/2023 11:07:07,HAMLET-49
25/09/2023 11:08:47,SPT120018W
25/09/2023 11:11:17,SPT120018W
25/09/2023 11:12:15,SPT120018W
25/09/2023 11:12:56,HAMLET-49
25/09/2023 11:14:05,SPT120018W
25/09/2023 11:14:44,HAMLET-49
25/09/2023 11:14:59,SPT120018W
25/09/2023 11:15:45,SPT120018W
25/09/2023 11:16:33,SPT120018W
25/09/2023 11:16:39,HAMLET-49
25/09/2023 11:17:21,SPT120018W
25/09/2023 11:18:13,SPT120018W
25/09/2023 11:19:05,HAMLET-49
25/09/2023 11:19:38,SPT120018W
25/09/2023 11:20:54,HAMLET-49
25/09/2023 11:22:53,HAMLET-49
25/09/2023 11:23:12,SPT120018W
25/09/2023 11:24:00,SPT120018W
25/09/2023 11:24:51,HAMLET-49
25/09/2023 11:25:08,SPT120018W
25/09/2023 11:26:27,HAMLET-49
25/09/2023 11:26:35,SPT120018W
25/09/2023 11:27:53,SPT120018W
25/09/2023 11:28:48,HAMLET-49
25/09/2023 11:30:03,SPT120018W
25/09/2023 11:30:58,HAMLET-49
25/09/2023 11:31:02,SPT120018W
25/09/2023 11:32:53,SPT120018W
25/09/2023 11:32:54,HAMLET-49
25/09/2023 11:33:43,SPT120018W
25/09/2023 11:35:27,SPT120018W
25/09/2023 11:36:25,HAMLET-49
25/09/2023 11:36:41,SPT120018W
25/09/2023 11:37:44,SPT120018W
25/09/2023 11:38:22,HAMLET-49
25/09/2023 11:39:10,SPT120018W
25/09/2023 11:41:30,SPT120018W
25/09/2023 11:41:51,HAMLET-49
25/09/2023 11:42:34,SPT120018W
25/09/2023 11:43:18,SPT120018W
25/09/2023 11:44:13,HAMLET-49
25/09/2023 11:44:44,SPT120018W
25/09/2023 11:45:45,SPT120018W
25/09/2023 11:47:21,SPT120018W
25/09/2023 11:47:55,HAMLET-49
25/09/2023 11:48:17,SPT120018W
25/09/2023 11:49:16,SPT120018W
25/09/2023 11:49:34,HAMLET-49
25/09/2023 11:50:03,SPT120018W
25/09/2023 11:51:09,SPT120018W
25/09/2023 11:51:12,HAMLET-49
25/09/2023 11:53:16,SPT120018W
25/09/2023 11:53:24,HAMLET-49
25/09/2023 11:54:06,SPT120018W
25/09/2023 11:56:04,HAMLET-49
25/09/2023 11:56:43,SPT120018W
25/09/2023 11:58:03,HAMLET-49
25/09/2023 11:58:24,SPT120018W
25/09/2023 12:00:10,SPT120018W
25/09/2023 12:00:48,HAMLET-49
25/09/2023 12:01:50,SPT120018W
25/09/2023 12:02:39,SPT120018W
25/09/2023 12:03:14,HAMLET-49
25/09/2023 12:04:57,HAMLET-49
25/09/2023 12:05:40,SPT120018W
25/09/2023 12:06:33,HAMLET-49
25/09/2023 12:07:21,SPT120018W
25/09/2023 12:07:51,HAMLET-49
25/09/2023 12:08:09,SPT120018W
25/09/2023 12:09:34,HAMLET-49
25/09/2023 12:09:45,SPT120018W
25/09/2023 12:11:42,HAMLET-49
25/09/2023 12:12:50,SPT120018W
25/09/2023 12:13:28,HAMLET-49
25/09/2023 12:14:46,SPT120018W
25/09/2023 12:14:53,HAMLET-49
25/09/2023 12:15:34,SPT120018W
25/09/2023 12:16:36,SPT120018W
25/09/2023 12:16:46,HAMLET-49
25/09/2023 12:17:40,SPT120018W
25/09/2023 12:18:44,SPT120018W
25/09/2023 12:19:05,HAMLET-49
25/09/2023 12:19:38,SPT120018W
25/09/2023 12:21:30,SPT120018W
25/09/2023 12:21:37,HAMLET-49
25/09/2023 12:23:11,SPT120018W
25/09/2023 12:23:50,HAMLET-49
25/09/2023 12:25:14,SPT120018W
25/09/2023 12:25:44,HAMLET-49
25/09/2023 12:26:44,SPT120018W
25/09/2023 12:27:43,HAMLET-49
25/09/2023 12:27:51,SPT120018W
25/09/2023 12:29:26,SPT120018W
25/09/2023 12:30:08,HAMLET-49
25/09/2023 12:30:24,SPT120018W
25/09/2023 12:32:06,SPT120018W
25/09/2023 12:32:43,HAMLET-49
25/09/2023 12:33:25,SPT120018W
25/09/2023 12:34:36,HAMLET-49
25/09/2023 12:34:43,SPT120018W
25/09/2023 12:36:34,SPT120018W
25/09/2023 12:37:30,HAMLET-49
25/09/2023 12:37:48,SPT120018W
25/09/2023 12:39:13,HAMLET-49
25/09/2023 12:39:23,SPT120018W
25/09/2023 12:40:11,SPT120018W
25/09/2023 12:40:55,HAMLET-49
25/09/2023 12:41:04,SPT120018W
25/09/2023 12:42:04,SPT120018W
25/09/2023 12:43:38,SPT120018W
25/09/2023 12:43:46,HAMLET-49
25/09/2023 12:45:06,SPT120018W
25/09/2023 12:45:50,HAMLET-49
25/09/2023 12:46:22,SPT120018W
25/09/2023 12:48:01,SPT120018W
25/09/2023 12:48:20,HAMLET-49
25/09/2023 12:49:03,SPT120018W
25/09/2023 12:50:18,SPT120018W
25/09/2023 12:52:25,SPT120018W
25/09/2023 12:53:25,SPT120018W
25/09/2023 12:54:45,SPT120018W
25/09/2023 12:55:38,SPT120018W
25/09/2023 12:56:38,HAMLET-49
25/09/2023 12:57:06,SPT120018W
25/09/2023 12:58:01,SPT120018W
25/09/2023 12:58:41,HAMLET-49
25/09/2023 12:58:47,SPT120018W
25/09/2023 14:01:27,SPT120018W
25/09/2023 14:04:50,SPT120018W
25/09/2023 14:05:47,SPT120018W
25/09/2023 14:06:57,SPT120018W
25/09/2023 14:09:10,SPT120018W
25/09/2023 14:09:55,HAMLET-49
25/09/2023 14:12:25,SPT120018W
25/09/2023 14:12:38,HAMLET-49
25/09/2023 14:13:51,SPT120018W
25/09/2023 14:15:50,SPT120018W
25/09/2023 14:16:43,SPT120018W
25/09/2023 14:19:38,SPT120018W
25/09/2023 14:20:13,HAMLET-49
25/09/2023 14:20:37,SPT120018W
25/09/2023 14:22:01,HAMLET-49
25/09/2023 14:22:13,SPT120018W
25/09/2023 14:23:10,SPT120018W
25/09/2023 14:24:02,SPT120018W
25/09/2023 14:24:05,HAMLET-49
25/09/2023 14:24:59,SPT120018W
25/09/2023 14:26:45,HAMLET-49
25/09/2023 14:27:04,SPT120018W
25/09/2023 14:28:24,SPT120018W
25/09/2023 14:29:27,HAMLET-49
25/09/2023 14:29:50,SPT120018W
25/09/2023 14:30:53,SPT120018W
25/09/2023 14:31:48,HAMLET-49
25/09/2023 14:32:17,SPT120018W
25/09/2023 14:33:29,HAMLET-49
25/09/2023 14:33:32,SPT120018W
25/09/2023 14:35:12,SPT120018W
25/09/2023 14:35:16,HAMLET-49
25/09/2023 14:36:58,HAMLET-49
25/09/2023 14:37:04,SPT120018W
25/09/2023 14:38:47,HAMLET-49
25/09/2023 14:40:37,HAMLET-49
25/09/2023 14:41:39,SPT120018W
25/09/2023 14:42:55,SPT120018W
25/09/2023 14:44:16,SPT120018W
25/09/2023 14:44:27,HAMLET-49
25/09/2023 14:46:19,SPT120018W
25/09/2023 14:46:23,HAMLET-49
25/09/2023 14:47:01,HAMLET-49
25/09/2023 14:48:33,SPT120018W
25/09/2023 14:49:24,HAMLET-49
25/09/2023 14:51:16,SPT120018W
25/09/2023 14:51:27,HAMLET-49
25/09/2023 14:53:01,SPT120018W
25/09/2023 14:53:13,HAMLET-49
25/09/2023 14:54:19,SPT120018W
25/09/2023 14:55:02,HAMLET-49
25/09/2023 14:55:08,SPT120018W
25/09/2023 14:56:38,SPT120018W
25/09/2023 14:56:46,HAMLET-49
25/09/2023 14:58:02,SPT120018W
25/09/2023 14:59:34,SPT120018W
25/09/2023 15:00:11,SPT120018W
25/09/2023 15:01:31,SPT120018W
25/09/2023 15:02:13,HAMLET-49
25/09/2023 15:03:13,SPT120018W
25/09/2023 15:04:12,HAMLET-49
25/09/2023 15:04:27,SPT120018W
25/09/2023 15:05:46,SPT120018W
25/09/2023 15:06:51,SPT120018W
25/09/2023 15:07:16,HAMLET-49
25/09/2023 15:07:54,SPT120018W
25/09/2023 15:09:54,SPT120018W
25/09/2023 15:10:23,HAMLET-49
25/09/2023 15:11:17,SPT120018W
25/09/2023 15:12:26,SPT120018W
25/09/2023 15:12:27,HAMLET-49
25/09/2023 15:13:47,SPT120018W
25/09/2023 15:14:43,HAMLET-49
25/09/2023 15:15:00,SPT120018W
25/09/2023 15:16:25,SPT120018W
25/09/2023 15:16:31,HAMLET-49
25/09/2023 15:18:04,SPT120018W
25/09/2023 15:20:10,SPT120018W
25/09/2023 15:20:34,HAMLET-49
25/09/2023 15:21:16,SPT120018W
25/09/2023 15:22:05,SPT120018W
25/09/2023 15:22:56,HAMLET-49
25/09/2023 15:23:27,SPT120018W
25/09/2023 15:24:47,HAMLET-49
25/09/2023 15:26:31,HAMLET-49
25/09/2023 15:26:41,SPT120018W
25/09/2023 15:27:44,SPT120018W
25/09/2023 15:28:26,HAMLET-49
25/09/2023 15:28:41,SPT120018W
25/09/2023 15:29:36,SPT120018W
25/09/2023 15:30:19,HAMLET-49
25/09/2023 15:30:26,SPT120018W
25/09/2023 15:32:19,HAMLET-49
25/09/2023 15:33:02,SPT120018W
25/09/2023 15:34:09,SPT120018W
25/09/2023 15:34:12,HAMLET-49
25/09/2023 15:35:05,SPT120018W
25/09/2023 15:36:38,SPT120018W
25/09/2023 15:36:49,HAMLET-49
25/09/2023 15:37:45,SPT120018W
25/09/2023 15:39:02,HAMLET-49
25/09/2023 15:39:19,SPT120018W
25/09/2023 15:40:59,HAMLET-49
25/09/2023 15:41:03,SPT120018W
25/09/2023 15:41:54,SPT120018W
25/09/2023 15:42:46,SPT120018W
25/09/2023 15:43:36,SPT120018W
25/09/2023 15:43:45,HAMLET-49
25/09/2023 15:45:21,SPT120018W
25/09/2023 15:46:07,HAMLET-49
25/09/2023 15:46:45,SPT120018W
25/09/2023 15:48:20,SPT120018W
25/09/2023 15:48:21,HAMLET-49
25/09/2023 15:49:44,SPT120018W
25/09/2023 15:50:21,SPT120018W
25/09/2023 15:50:24,HAMLET-49
25/09/2023 15:51:07,SPT120018W
25/09/2023 15:52:13,SPT120018W
25/09/2023 15:52:22,HAMLET-49
25/09/2023 15:53:58,SPT120018W
25/09/2023 15:55:03,HAMLET-49
25/09/2023 15:55:24,SPT120018W
25/09/2023 15:56:11,SPT120018W
25/09/2023 15:57:09,SPT120018W
25/09/2023 15:59:30,SPT120018W
25/09/2023 16:00:21,SPT120018W
25/09/2023 16:01:16,SPT120018W
25/09/2023 16:02:10,SPT120018W
25/09/2023 16:02:23,HAMLET-49
25/09/2023 16:03:00,SPT120018W
25/09/2023 16:04:50,SPT120018W
25/09/2023 16:05:37,SPT120018W
25/09/2023 16:05:54,HAMLET-49
25/09/2023 16:07:00,SPT120018W
25/09/2023 16:08:03,HAMLET-49
25/09/2023 16:09:40,SPT120018W
25/09/2023 16:10:37,SPT120018W
25/09/2023 16:11:55,SPT120018W
25/09/2023 16:13:21,SPT120018W
25/09/2023 16:15:38,SPT120018W
25/09/2023 16:16:54,SPT120018W
25/09/2023 16:18:06,SPT120018W
25/09/2023 16:18:56,SPT120018W
25/09/2023 16:19:54,SPT120018W
25/09/2023 16:20:47,HAMLET-49
25/09/2023 16:21:03,SPT120018W
25/09/2023 16:22:05,HAMLET-49
25/09/2023 16:22:31,SPT120018W
25/09/2023 16:24:00,SPT120018W
25/09/2023 16:24:43,HAMLET-49
25/09/2023 16:25:08,SPT120018W
25/09/2023 16:27:14,SPT120018W
25/09/2023 16:28:41,SPT120018W
25/09/2023 16:30:20,SPT120018W
25/09/2023 16:48:57,SPT120018W
25/09/2023 16:51:02,SPT120018W
25/09/2023 16:52:46,SPT120018W
25/09/2023 16:53:23,SPT120018W
25/09/2023 16:54:09,SPT120018W
25/09/2023 16:55:31,SPT120018W
25/09/2023 16:57:11,SPT120018W
25/09/2023 16:58:25,SPT120018W
25/09/2023 16:59:16,SPT120018W
25/09/2023 17:03:00,SPT120018W
25/09/2023 17:03:48,SPT120018W
25/09/2023 17:04:36,SPT120018W
25/09/2023 17:05:14,SPT120018W
25/09/2023 17:06:01,SPT120018W
25/09/2023 17:06:39,SPT120018W
25/09/2023 17:07:28,SPT120018W
25/09/2023 17:08:24,SPT120018W
25/09/2023 17:09:28,SPT120018W
25/09/2023 17:11:20,SPT120018W
25/09/2023 17:12:00,SPT120018W
25/09/2023 17:13:02,SPT120018W
25/09/2023 17:13:53,SPT120018W
25/09/2023 17:14:57,SPT120018W
25/09/2023 17:17:06,SPT120018W
25/09/2023 17:18:26,SPT120018W
25/09/2023 17:19:36,SPT120018W
25/09/2023 17:21:27,SPT120018W
25/09/2023 17:22:19,SPT120018W
25/09/2023 17:23:50,SPT120018W
25/09/2023 17:25:24,SPT120018W
25/09/2023 17:26:02,SPT120018W
25/09/2023 17:26:43,ORIONT-40
25/09/2023 17:26:54,SPT120018W
25/09/2023 17:28:11,SPT120018W
25/09/2023 17:29:03,SPT120018W
25/09/2023 17:30:10,SPT120018W
25/09/2023 17:31:28,SPT120018W
25/09/2023 17:32:49,SPT120018W
25/09/2023 17:34:22,SPT120018W
25/09/2023 17:34:38,ORIONT-40
25/09/2023 17:35:44,SPT120018W
25/09/2023 17:37:10,SPT120018W
25/09/2023 17:38:42,SPT120018W
25/09/2023 17:40:04,SPT120018W
25/09/2023 17:41:18,SPT120018W
25/09/2023 17:42:36,ORIONT-40
25/09/2023 17:42:51,SPT120018W
25/09/2023 17:43:56,ORIONT-40
25/09/2023 17:43:57,SPT120018W
25/09/2023 17:45:03,SPT120018W
25/09/2023 17:45:29,ORIONT-40
25/09/2023 17:46:27,SPT120018W
25/09/2023 17:47:20,SPT120018W
25/09/2023 17:47:24,ORIONT-40
25/09/2023 17:48:14,SPT120018W
25/09/2023 17:49:04,SPT120018W
25/09/2023 17:50:19,SPT120018W
25/09/2023 17:51:28,SPT120018W
25/09/2023 17:52:11,ORIONT-40
25/09/2023 17:53:00,SPT120018W
25/09/2023 17:53:36,SPT120018W
25/09/2023 17:54:54,SPT120018W
25/09/2023 17:55:54,SPT120018W
25/09/2023 17:57:00,SPT120018W
25/09/2023 17:57:36,ORIONT-40
25/09/2023 18:10:31,ORIONT-40
26/09/2023 09:00:51,SPT120018W
26/09/2023 09:02:50,ORIONT-40
26/09/2023 09:02:51,SPT120018W
26/09/2023 09:04:49,SPT120018W
26/09/2023 09:05:53,SPT120018W
26/09/2023 09:07:10,ORIONT-40
26/09/2023 09:07:11,SPT120018W
26/09/2023 09:08:29,ORIONT-40
26/09/2023 09:08:34,SPT120018W
26/09/2023 09:09:38,SPT120018W
26/09/2023 09:10:26,SPT120018W
26/09/2023 09:11:13,SPT120018W
26/09/2023 09:12:20,SPT120018W
26/09/2023 09:13:52,SPT120018W
26/09/2023 09:15:01,SPT120018W
26/09/2023 09:15:01,ORIONT-40
26/09/2023 09:16:11,SPT120018W
26/09/2023 09:16:57,SPT120018W
26/09/2023 09:17:54,SPT120018W
26/09/2023 09:18:34,ORIONT-40
26/09/2023 09:19:08,SPT120018W
26/09/2023 09:21:13,SPT120018W
26/09/2023 09:22:04,SPT120018W
26/09/2023 09:23:05,SPT120018W
26/09/2023 09:24:22,ORIONT-40
26/09/2023 09:24:24,SPT120018W
26/09/2023 09:25:28,SPT120018W
26/09/2023 09:25:39,ORIONT-40
26/09/2023 09:26:06,SPT120018W
26/09/2023 09:27:04,SPT120018W
26/09/2023 09:28:00,SPT120018W
26/09/2023 09:28:13,ORIONT-40
26/09/2023 09:29:13,SPT120018W
26/09/2023 09:29:52,ORIONT-40
26/09/2023 09:30:31,SPT120018W
26/09/2023 09:30:50,ORIONT-40
26/09/2023 09:31:59,SPT120018W
26/09/2023 09:33:11,SPT120018W
26/09/2023 09:34:20,SPT120018W
26/09/2023 09:35:56,SPT120018W
26/09/2023 09:37:10,SPT120018W
26/09/2023 09:38:39,SPT120018W
26/09/2023 09:39:44,SPT120018W
26/09/2023 09:40:42,SPT120018W
26/09/2023 09:41:58,SPT120018W
26/09/2023 09:43:44,SPT120018W
26/09/2023 09:44:38,SPT120018W
26/09/2023 09:45:53,SPT120018W
26/09/2023 09:47:00,SPT120018W
26/09/2023 09:48:05,SPT120018W
26/09/2023 09:49:38,SPT120018W
26/09/2023 09:51:08,SPT120018W
26/09/2023 09:51:54,SPT120018W
26/09/2023 09:52:59,SPT120018W
26/09/2023 09:53:53,SPT120018W
26/09/2023 09:54:48,SPT120018W
26/09/2023 09:56:44,SPT120018W
26/09/2023 09:57:41,SPT120018W
26/09/2023 09:58:39,SPT120018W
26/09/2023 09:59:39,SPT120018W
26/09/2023 10:00:30,SPT120018W
26/09/2023 10:02:08,SPT120018W
26/09/2023 10:03:40,SPT120018W
26/09/2023 10:04:27,ORIONT-40
26/09/2023 10:05:09,SPT120018W
26/09/2023 10:06:11,SPT120018W
26/09/2023 10:06:56,ORIONT-40
26/09/2023 10:07:25,SPT120018W
26/09/2023 10:08:37,SPT120018W
26/09/2023 10:10:18,ORIONT-40
26/09/2023 10:11:03,SPT120018W
26/09/2023 10:12:22,SPT120018W
26/09/2023 10:13:09,SPT120018W
26/09/2023 10:14:44,SPT120018W
26/09/2023 10:16:23,SPT120018W
26/09/2023 10:17:37,SPT120018W
26/09/2023 10:18:33,SPT120018W
26/09/2023 10:19:33,SPT120018W
26/09/2023 10:20:11,SPT120018W
26/09/2023 10:20:50,SPT120018W
26/09/2023 10:21:46,SPT120018W
26/09/2023 10:21:52,ORIONT-40
26/09/2023 10:22:29,SPT120018W
26/09/2023 10:23:28,SPT120018W
26/09/2023 10:23:36,SPT120018W
26/09/2023 10:24:06,SPT120018W
26/09/2023 10:25:22,SPT120018W
26/09/2023 10:25:31,SPT120018W
26/09/2023 10:26:12,SPT120018W
26/09/2023 10:27:09,SPT120018W
26/09/2023 10:27:13,SPT120018W
26/09/2023 10:27:56,ORIONT-40
26/09/2023 10:28:32,SPT120018W
26/09/2023 10:30:06,SPT120018W
26/09/2023 10:30:08,SPT120018W
26/09/2023 10:30:26,ORIONT-40
26/09/2023 10:38:04,ORIONT-40
26/09/2023 10:42:01,ORIONT-40
26/09/2023 10:44:38,ORIONT-40
26/09/2023 10:47:20,SPT120018W
26/09/2023 10:47:35,ORIONT-40
26/09/2023 10:47:54,SPT120018W
26/09/2023 10:48:36,ORIONT-40
26/09/2023 10:49:00,SPT120018W
26/09/2023 10:49:26,SPT120018W
26/09/2023 10:50:11,SPT120018W
26/09/2023 10:51:06,SPT120018W
26/09/2023 10:51:37,SPT120018W
26/09/2023 10:51:48,ORIONT-40
26/09/2023 10:52:27,SPT120018W
26/09/2023 10:53:16,SPT120018W
26/09/2023 10:54:40,SPT120018W
26/09/2023 10:55:52,SPT120018W
26/09/2023 10:56:05,ORIONT-40
26/09/2023 10:56:20,SPT120018W
26/09/2023 10:56:57,SPT120018W
26/09/2023 10:57:30,SPT120018W
26/09/2023 10:58:02,ORIONT-40
26/09/2023 10:58:11,SPT120018W
26/09/2023 10:58:30,SPT120018W
26/09/2023 10:59:21,SPT120018W
26/09/2023 10:59:26,ORIONT-40
26/09/2023 10:59:27,SPT120018W
26/09/2023 11:00:53,SPT120018W
26/09/2023 11:01:20,ORIONT-40
26/09/2023 11:01:43,SPT120018W
26/09/2023 11:01:44,SPT120018W
26/09/2023 11:03:06,SPT120018W
26/09/2023 11:04:08,SPT120018W
26/09/2023 11:06:10,SPT120018W
26/09/2023 11:06:30,SPT120018W
26/09/2023 11:07:07,SPT120018W
26/09/2023 11:07:12,ORIONT-40
26/09/2023 11:08:09,SPT120018W
26/09/2023 11:09:11,SPT120018W
26/09/2023 11:09:21,SPT120018W
26/09/2023 11:09:52,SPT120018W
26/09/2023 11:10:25,ORIONT-40
26/09/2023 11:10:34,SPT120018W
26/09/2023 11:10:34,SPT120018W
26/09/2023 11:12:22,SPT120018W
26/09/2023 11:12:36,ORIONT-40
26/09/2023 11:13:06,SPT120018W
26/09/2023 11:13:59,SPT120018W
26/09/2023 11:14:48,SPT120018W
26/09/2023 11:14:51,SPT120018W
26/09/2023 11:15:46,SPT120018W
26/09/2023 11:16:15,ORIONT-40
26/09/2023 11:16:42,SPT120018W
26/09/2023 11:17:00,SPT120018W
26/09/2023 11:18:04,SPT120018W
26/09/2023 11:18:28,SPT120018W
26/09/2023 11:19:16,SPT120018W
26/09/2023 11:19:47,SPT120018W
26/09/2023 11:20:34,SPT120018W
26/09/2023 11:21:54,OCTAN-40
26/09/2023 11:21:58,SPT120018W
26/09/2023 11:22:13,SPT120018W
26/09/2023 11:24:09,SPT120018W
26/09/2023 11:24:32,OCTAN-40
26/09/2023 11:25:24,SPT120018W
26/09/2023 11:26:29,SPT120018W
26/09/2023 11:26:39,SPT120018W
26/09/2023 11:26:55,OCTAN-40
26/09/2023 11:27:31,SPT120018W
26/09/2023 11:28:38,SPT120018W
26/09/2023 11:29:25,SPT120018W
26/09/2023 11:29:40,OCTAN-40
26/09/2023 11:30:09,SPT120018W
26/09/2023 11:30:52,SPT120018W
26/09/2023 11:31:39,SPT120018W
26/09/2023 11:31:59,SPT120018W
26/09/2023 11:32:59,SPT120018W
26/09/2023 11:34:04,SPT120018W
26/09/2023 11:34:24,SPT120018W
26/09/2023 11:35:39,SPT120018W
26/09/2023 11:35:41,SPT120018W
26/09/2023 11:36:45,SPT120018W
26/09/2023 11:37:06,SPT120018W
26/09/2023 11:37:35,SPT120018W
26/09/2023 11:38:19,SPT120018W
26/09/2023 11:38:41,SPT120018W
26/09/2023 11:39:32,SPT120018W
26/09/2023 11:40:19,SPT120018W
26/09/2023 11:40:58,SPT120018W
26/09/2023 11:41:48,SPT120018W
26/09/2023 11:42:06,SPT120018W
26/09/2023 11:43:05,SPT120018W
26/09/2023 11:43:48,SPT120018W
26/09/2023 11:44:27,SPT120018W
26/09/2023 11:45:04,SPT120018W
26/09/2023 11:45:28,SPT120018W
26/09/2023 11:45:49,SPT120018W
26/09/2023 11:47:00,SPT120018W
26/09/2023 11:47:13,SPT120018W
26/09/2023 11:48:06,SPT120018W
26/09/2023 11:49:19,SPT120018W
26/09/2023 11:49:24,SPT120018W
26/09/2023 11:50:24,SPT120018W
26/09/2023 11:50:56,SPT120018W
26/09/2023 11:51:36,SPT120018W
26/09/2023 11:52:55,SPT120018W
26/09/2023 11:53:23,SPT120018W
26/09/2023 11:54:07,SPT120018W
26/09/2023 11:54:08,SPT120018W
26/09/2023 11:54:44,SPT120018W
26/09/2023 11:55:14,SPT120018W
26/09/2023 11:55:36,SPT120018W
26/09/2023 11:56:21,SPT120018W
26/09/2023 11:56:35,SPT120018W
26/09/2023 11:57:06,SPT120018W
26/09/2023 11:57:58,SPT120018W
26/09/2023 11:57:59,SPT120018W
26/09/2023 11:59:23,SPT120018W
26/09/2023 11:59:59,SPT120018W
26/09/2023 12:00:33,SPT120018W
26/09/2023 12:00:52,SPT120018W
26/09/2023 12:01:43,SPT120018W
26/09/2023 12:02:28,SPT120018W
26/09/2023 12:03:08,SPT120018W
26/09/2023 12:03:55,SPT120018W
26/09/2023 12:04:57,SPT120018W
26/09/2023 12:05:10,SPT120018W
26/09/2023 12:06:09,SPT120018W
26/09/2023 12:07:04,SPT120018W
26/09/2023 12:07:22,SPT120018W
26/09/2023 12:08:03,SPT120018W
26/09/2023 12:09:07,SPT120018W
26/09/2023 12:09:24,SPT120018W
26/09/2023 12:10:24,SPT120018W
26/09/2023 12:11:50,SPT120018W
26/09/2023 12:11:52,SPT120018W
26/09/2023 12:13:41,SPT120018W
26/09/2023 12:13:51,SPT120018W
26/09/2023 12:14:24,SPT120018W
26/09/2023 12:15:12,SPT120018W
26/09/2023 12:15:28,SPT120018W
26/09/2023 12:16:06,SPT120018W
26/09/2023 12:16:37,SPT120018W
26/09/2023 12:17:03,SPT120018W
26/09/2023 12:17:53,SPT120018W
26/09/2023 12:17:57,SPT120018W
26/09/2023 12:19:18,SPT120018W
26/09/2023 12:19:30,SPT120018W
26/09/2023 12:20:09,SPT120018W
26/09/2023 12:20:53,SPT120018W
26/09/2023 12:21:14,SPT120018W
26/09/2023 12:22:23,SPT120018W
26/09/2023 12:22:43,SPT120018W
26/09/2023 12:23:41,SPT120018W
26/09/2023 12:24:33,SPT120018W
26/09/2023 12:24:34,SPT120018W
26/09/2023 12:25:21,SPT120018W
26/09/2023 12:26:18,SPT120018W
26/09/2023 12:26:43,SPT120018W
26/09/2023 12:27:28,SPT120018W
26/09/2023 12:27:54,SPT120018W
26/09/2023 12:29:35,SPT120018W
26/09/2023 12:29:41,SPT120018W
26/09/2023 12:30:36,SPT120018W
26/09/2023 12:30:49,SPT120018W
26/09/2023 12:31:38,SPT120018W
26/09/2023 12:32:28,SPT120018W
26/09/2023 12:33:13,SPT120018W
26/09/2023 12:34:03,SPT120018W
26/09/2023 12:34:28,SPT120018W
26/09/2023 12:35:25,SPT120018W
26/09/2023 12:35:31,SPT120018W
26/09/2023 12:36:36,SPT120018W
26/09/2023 12:36:50,SPT120018W
26/09/2023 12:37:37,SPT120018W
26/09/2023 12:38:00,SPT120018W
26/09/2023 12:38:17,SPT120018W
26/09/2023 12:39:03,SPT120018W
26/09/2023 12:39:34,SPT120018W
26/09/2023 12:40:29,SPT120018W
26/09/2023 12:40:41,SPT120018W
26/09/2023 12:41:17,SPT120018W
26/09/2023 12:42:07,SPT120018W
26/09/2023 12:42:27,SPT120018W
26/09/2023 12:43:25,SPT120018W
26/09/2023 12:43:38,SPT120018W
26/09/2023 12:44:58,SPT120018W
26/09/2023 12:45:47,SPT120018W
26/09/2023 12:45:56,SPT120018W
26/09/2023 12:47:01,SPT120018W
26/09/2023 12:48:06,SPT120018W
26/09/2023 12:48:24,SPT120018W
26/09/2023 12:49:07,SPT120018W
26/09/2023 12:49:21,SPT120018W
26/09/2023 12:50:47,SPT120018W
26/09/2023 12:50:59,SPT120018W
26/09/2023 12:52:04,SPT120018W
26/09/2023 12:52:11,SPT120018W
26/09/2023 12:53:10,SPT120018W
26/09/2023 12:53:58,SPT120018W
26/09/2023 12:54:45,SPT120018W
26/09/2023 12:55:33,SPT120018W
26/09/2023 12:55:46,SPT120018W
26/09/2023 12:56:38,SPT120018W
26/09/2023 12:56:56,SPT120018W
26/09/2023 12:57:45,SPT120018W
26/09/2023 13:59:28,SPT120018W
26/09/2023 14:01:37,OCTAN-40
26/09/2023 14:02:08,SPT120018W
26/09/2023 14:03:11,SPT120018W
26/09/2023 14:04:11,OCTAN-40
26/09/2023 14:04:23,SPT120018W
26/09/2023 14:05:35,SPT120018W
26/09/2023 14:06:38,OCTAN-40
26/09/2023 14:06:47,SPT120018W
26/09/2023 14:08:39,SPT120018W
26/09/2023 14:08:58,OCTAN-40
26/09/2023 14:10:06,SPT120018W
26/09/2023 14:11:11,SPT120018W
26/09/2023 14:11:16,OCTAN-40
26/09/2023 14:12:57,SPT120018W
26/09/2023 14:13:44,OCTAN-40
26/09/2023 14:13:49,SPT120018W
26/09/2023 14:14:47,SPT120018W
26/09/2023 14:16:05,SPT120018W
26/09/2023 14:16:58,OCTAN-40
26/09/2023 14:17:36,SPT120018W
26/09/2023 14:18:29,OCTAN-40
26/09/2023 14:18:54,SPT120018W
26/09/2023 14:20:04,OCTAN-40
26/09/2023 14:20:14,SPT120018W
26/09/2023 14:21:27,SPT120018W
26/09/2023 14:22:14,OCTAN-40
26/09/2023 14:22:50,SPT120018W
26/09/2023 14:24:14,SPT120018W
26/09/2023 14:24:53,OCTAN-40
26/09/2023 14:25:26,SPT120018W
26/09/2023 14:26:30,SPT120018W
26/09/2023 14:26:51,OCTAN-40
26/09/2023 14:27:28,SPT120018W
26/09/2023 14:27:42,OCTAN-40
26/09/2023 14:28:34,SPT120018W
26/09/2023 14:29:05,OCTAN-40
26/09/2023 14:29:51,OCTAN-40
26/09/2023 14:29:56,SPT120018W
26/09/2023 14:30:45,OCTAN-40
26/09/2023 14:31:12,SPT120018W
26/09/2023 14:32:32,OCTAN-40
26/09/2023 14:32:54,SPT120018W
26/09/2023 14:33:52,SPT120018W
26/09/2023 14:34:41,OCTAN-40
26/09/2023 14:35:44,SPT120018W
26/09/2023 14:36:53,OCTAN-40
26/09/2023 14:37:06,SPT120018W
26/09/2023 14:38:20,SPT120018W
26/09/2023 14:39:03,OCTAN-40
26/09/2023 14:39:20,SPT120018W
26/09/2023 14:40:23,SPT120018W
26/09/2023 14:41:30,OCTAN-40
26/09/2023 14:41:35,SPT120018W
26/09/2023 14:43:08,SPT120018W
26/09/2023 14:44:00,SPT120018W
26/09/2023 14:44:28,OCTAN-40
26/09/2023 14:45:16,SPT120018W
26/09/2023 14:45:58,OCTAN-40
26/09/2023 14:47:00,SPT120018W
26/09/2023 14:47:59,SPT120018W
26/09/2023 14:48:05,OCTAN-40
26/09/2023 14:49:01,SPT120018W
26/09/2023 14:49:06,OCTAN-40
26/09/2023 14:50:12,SPT120018W
26/09/2023 14:50:35,OCTAN-40
26/09/2023 14:51:33,SPT120018W
26/09/2023 14:51:38,OCTAN-40
26/09/2023 14:52:28,SPT120018W
26/09/2023 14:53:55,SPT120018W
26/09/2023 14:54:59,SPT120018W
26/09/2023 14:56:06,SPT120018W
26/09/2023 14:57:03,SPT120018W
26/09/2023 14:58:49,SPT120018W
26/09/2023 15:00:19,SPT120018W
26/09/2023 15:01:00,SPT120018W
26/09/2023 15:01:53,SPT120018W
26/09/2023 15:02:46,SPT120018W
26/09/2023 15:03:55,SPT120018W
26/09/2023 15:05:13,SPT120018W
26/09/2023 15:06:38,SPT120018W
26/09/2023 15:07:34,SPT120018W
26/09/2023 15:08:46,SPT120018W
26/09/2023 15:09:46,SPT120018W
26/09/2023 15:11:03,SPT120018W
26/09/2023 15:12:13,SPT120018W
26/09/2023 15:13:23,SPT120018W
26/09/2023 15:15:14,SPT120018W
26/09/2023 15:16:06,SPT120018W
26/09/2023 15:17:51,SPT120018W
26/09/2023 15:18:43,SPT120018W
26/09/2023 15:19:51,SPT120018W
26/09/2023 15:21:10,SPT120018W
26/09/2023 15:22:28,SPT120018W
26/09/2023 15:23:37,SPT120018W
26/09/2023 15:25:06,SPT120018W
26/09/2023 15:25:56,SPT120018W
26/09/2023 15:27:10,SPT120018W
26/09/2023 15:28:34,SPT120018W
26/09/2023 15:30:15,SPT120018W
26/09/2023 15:31:37,SPT120018W
26/09/2023 15:32:08,SPT120018W
26/09/2023 15:32:56,SPT120018W
26/09/2023 15:33:19,SPT120018W
26/09/2023 15:34:03,SPT120018W
26/09/2023 15:34:31,SPT120018W
26/09/2023 15:35:23,SPT120018W
26/09/2023 15:35:57,SPT120018W
26/09/2023 15:36:28,SPT120018W
26/09/2023 15:37:04,SPT120018W
26/09/2023 15:37:23,SPT120018W
26/09/2023 15:37:49,SPT120018W
26/09/2023 15:39:05,SPT120018W
26/09/2023 15:39:15,SPT120018W
26/09/2023 15:40:07,SPT120018W
26/09/2023 15:40:18,SPT120018W
26/09/2023 15:41:09,SPT120018W
26/09/2023 15:41:26,SPT120018W
26/09/2023 15:42:32,SPT120018W
26/09/2023 15:42:42,SPT120018W
26/09/2023 15:43:36,SPT120018W
26/09/2023 15:44:14,SPT120018W
26/09/2023 15:44:19,SPT120018W
26/09/2023 15:45:01,SPT120018W
26/09/2023 15:45:47,SPT120018W
26/09/2023 15:46:01,SPT120018W
26/09/2023 15:47:01,SPT120018W
26/09/2023 15:47:21,SPT120018W
26/09/2023 15:48:07,SPT120018W
26/09/2023 15:48:08,SPT120018W
26/09/2023 15:49:12,SPT120018W
26/09/2023 15:49:28,SPT120018W
26/09/2023 15:49:51,SPT120018W
26/09/2023 15:50:42,SPT120018W
26/09/2023 15:51:12,SPT120018W
26/09/2023 15:51:50,SPT120018W
26/09/2023 15:53:13,SPT120018W
26/09/2023 15:54:28,SPT120018W
26/09/2023 15:55:26,SPT120018W
26/09/2023 15:56:23,SPT120018W
26/09/2023 15:57:31,SPT120018W
26/09/2023 15:57:59,SPT120018W
26/09/2023 15:58:40,SPT120018W
26/09/2023 15:58:56,SPT120018W
26/09/2023 16:00:04,SPT120018W
26/09/2023 16:00:23,SPT120018W
26/09/2023 16:01:13,SPT120018W
26/09/2023 16:01:18,SPT120018W
26/09/2023 16:02:11,SPT120018W
26/09/2023 16:02:47,SPT120018W
26/09/2023 16:02:58,SPT120018W
26/09/2023 16:03:34,SPT120018W
26/09/2023 16:04:11,SPT120018W
26/09/2023 16:05:38,SPT120018W
26/09/2023 16:05:39,SPT120018W
26/09/2023 16:06:26,SPT120018W
26/09/2023 16:07:02,SPT120018W
26/09/2023 16:07:25,SPT120018W
26/09/2023 16:08:15,SPT120018W
26/09/2023 16:09:06,SPT120018W
26/09/2023 16:10:14,SPT120018W
26/09/2023 16:11:01,SPT120018W
26/09/2023 16:11:10,SPT120018W
26/09/2023 16:12:06,SPT120018W
26/09/2023 16:12:55,SPT120018W
26/09/2023 16:13:09,SPT120018W
26/09/2023 16:13:47,SPT120018W
26/09/2023 16:14:46,SPT120018W
26/09/2023 16:15:11,SPT120018W
26/09/2023 16:15:44,SPT120018W
26/09/2023 16:16:12,SPT120018W
26/09/2023 16:16:50,SPT120018W
26/09/2023 16:17:57,SPT120018W
26/09/2023 16:18:01,SPT120018W
26/09/2023 16:19:41,SPT120018W
26/09/2023 16:19:43,SPT120018W
26/09/2023 16:20:49,SPT120018W
26/09/2023 16:20:53,SPT120018W
26/09/2023 16:22:24,SPT120018W
26/09/2023 16:22:30,SPT120018W
26/09/2023 16:23:24,SPT120018W
26/09/2023 16:23:30,SPT120018W
26/09/2023 16:24:14,SPT120018W
26/09/2023 16:24:50,SPT120018W
26/09/2023 16:25:33,SPT120018W
26/09/2023 16:26:12,SPT120018W
26/09/2023 16:27:11,SPT120018W
26/09/2023 16:27:54,SPT120018W
26/09/2023 16:29:15,SPT120018W
26/09/2023 16:30:09,SPT120018W
26/09/2023 16:30:27,SPT120018W
26/09/2023 16:48:06,SPT120018W
26/09/2023 16:49:07,SPT120018W
26/09/2023 16:49:36,SPT120018W
26/09/2023 16:50:13,SPT120018W
26/09/2023 16:50:34,SPT120018W
26/09/2023 16:52:02,SPT120018W
26/09/2023 16:52:18,SPT120018W
26/09/2023 16:53:10,SPT120018W
26/09/2023 16:53:30,SPT120018W
26/09/2023 16:54:27,SPT120018W
26/09/2023 16:54:43,SPT120018W
26/09/2023 16:55:55,SPT120018W
26/09/2023 16:56:06,SPT120018W
26/09/2023 16:56:54,SPT120018W
26/09/2023 16:57:34,SPT120018W
26/09/2023 16:58:33,SPT120018W
26/09/2023 16:59:01,SPT120018W
26/09/2023 16:59:33,SPT120018W
26/09/2023 17:00:00,SPT120018W
26/09/2023 17:01:08,SPT120018W
26/09/2023 17:01:13,SPT120018W
26/09/2023 17:02:18,SPT120018W
26/09/2023 17:02:39,SPT120018W
26/09/2023 17:03:30,SPT120018W
26/09/2023 17:04:04,SPT120018W
26/09/2023 17:05:18,SPT120018W
26/09/2023 17:06:00,SPT120018W
26/09/2023 17:06:51,SPT120018W
26/09/2023 17:07:05,SPT120018W
26/09/2023 17:07:50,SPT120018W
26/09/2023 17:08:30,SPT120018W
26/09/2023 17:08:39,SPT120018W
26/09/2023 17:09:18,SPT120018W
26/09/2023 17:09:30,SPT120018W
26/09/2023 17:10:22,SPT120018W
26/09/2023 17:10:24,SPT120018W
26/09/2023 17:11:32,SPT120018W
26/09/2023 17:11:45,SPT120018W
26/09/2023 17:12:59,SPT120018W
26/09/2023 17:13:35,SPT120018W
26/09/2023 17:14:06,SPT120018W
26/09/2023 17:14:31,SPT120018W
26/09/2023 17:15:19,SPT120018W
26/09/2023 17:15:51,SPT120018W
26/09/2023 17:16:35,SPT120018W
26/09/2023 17:17:16,SPT120018W
26/09/2023 17:18:25,SPT120018W
26/09/2023 17:18:31,SPT120018W
26/09/2023 17:19:55,SPT120018W
26/09/2023 17:20:20,SPT120018W
26/09/2023 17:21:07,SPT120018W
26/09/2023 17:21:24,SPT120018W
26/09/2023 17:22:33,SPT120018W
26/09/2023 17:22:38,SPT120018W
26/09/2023 17:23:35,SPT120018W
26/09/2023 17:24:04,SPT120018W
26/09/2023 17:24:11,SPT120018W
26/09/2023 17:24:58,SPT120018W
26/09/2023 17:25:33,SPT120018W
26/09/2023 17:26:14,SPT120018W
26/09/2023 17:26:32,SPT120018W
26/09/2023 17:26:56,SPT120018W
26/09/2023 17:27:11,SPT120018W
26/09/2023 17:28:17,SPT120018W
26/09/2023 17:28:37,SPT120018W
26/09/2023 17:29:36,SPT120018W
26/09/2023 17:29:58,SPT120018W
26/09/2023 17:30:45,SPT120018W
26/09/2023 17:31:00,SPT120018W
26/09/2023 17:31:53,SPT120018W
26/09/2023 17:32:18,SPT120018W
26/09/2023 17:33:36,SPT120018W
26/09/2023 17:33:53,SPT120018W
26/09/2023 17:34:49,SPT120018W
26/09/2023 17:35:51,SPT120018W
26/09/2023 17:36:18,SPT120018W
26/09/2023 17:37:28,SPT120018W
26/09/2023 17:38:46,SPT120018W
26/09/2023 17:38:47,SPT120018W
26/09/2023 17:39:27,SPT120018W
26/09/2023 17:39:56,SPT120018W
26/09/2023 17:41:11,SPT120018W
26/09/2023 17:41:51,SPT120018W
26/09/2023 17:42:37,SPT120018W
26/09/2023 17:42:57,SPT120018W
26/09/2023 17:43:39,SPT120018W
26/09/2023 17:44:09,SPT120018W
26/09/2023 17:44:50,SPT120018W
26/09/2023 17:45:15,SPT120018W
26/09/2023 17:46:37,SPT120018W
26/09/2023 17:46:45,SPT120018W
26/09/2023 17:47:47,SPT120018W
26/09/2023 17:48:01,SPT120018W
26/09/2023 17:49:03,SPT120018W
26/09/2023 17:50:06,SPT120018W
26/09/2023 17:50:50,SPT120018W
26/09/2023 17:51:40,SPT120018W
26/09/2023 17:52:50,SPT120018W
26/09/2023 17:54:05,SPT120018W
26/09/2023 17:54:54,SPT120018W
26/09/2023 17:55:45,SPT120018W
26/09/2023 17:56:50,SPT120018W
26/09/2023 17:57:57,SPT120018W
26/09/2023 17:58:18,SPT120018W
27/09/2023 08:59:03,SPT120018W
27/09/2023 09:00:15,SPT120018W
27/09/2023 09:02:30,SPT120018W
27/09/2023 09:02:31,SPT120018W
27/09/2023 09:04:14,SPT120018W
27/09/2023 09:05:06,SPT120018W
27/09/2023 09:05:28,SPT120018W
27/09/2023 09:06:57,SPT120018W
27/09/2023 09:07:58,SPT120018W
27/09/2023 09:09:49,SPT120018W
27/09/2023 09:09:49,SPT120018W
27/09/2023 09:10:45,SPT120018W
27/09/2023 09:10:51,SPT120018W
27/09/2023 09:11:53,SPT120018W
27/09/2023 09:12:23,SPT120018W
27/09/2023 09:13:37,SPT120018W
27/09/2023 09:14:40,SPT120018W
27/09/2023 09:15:16,SPT120018W
27/09/2023 09:15:29,SPT120018W
27/09/2023 09:16:28,SPT120018W
27/09/2023 09:16:33,SPT120018W
27/09/2023 09:17:42,SPT120018W
27/09/2023 09:17:55,SPT120018W
27/09/2023 09:19:13,SPT120018W
27/09/2023 09:19:32,SPT120018W
27/09/2023 09:20:17,SPT120018W
27/09/2023 09:20:49,SPT120018W
27/09/2023 09:21:49,SPT120018W
27/09/2023 09:22:49,SPT120018W
27/09/2023 09:23:24,SPT120018W
27/09/2023 09:24:31,SPT120018W
27/09/2023 09:25:50,SPT120018W
27/09/2023 09:26:04,SPT120018W
27/09/2023 09:26:50,SPT120018W
27/09/2023 09:27:28,SPT120018W
27/09/2023 09:27:49,SPT120018W
27/09/2023 09:28:49,SPT120018W
27/09/2023 09:30:36,SPT120018W
27/09/2023 09:30:37,SPT120018W
27/09/2023 09:31:23,SPT120018W
27/09/2023 09:31:44,SPT120018W
27/09/2023 09:33:54,SPT120018W
27/09/2023 09:34:01,SPT120018W
27/09/2023 09:34:34,SPT120018W
27/09/2023 09:35:21,SPT120018W
27/09/2023 09:35:30,SPT120018W
27/09/2023 09:36:07,SPT120018W
27/09/2023 09:36:48,SPT120018W
27/09/2023 09:36:57,SPT120018W
27/09/2023 09:37:43,SPT120018W
27/09/2023 09:37:46,SPT120018W
27/09/2023 09:38:39,SPT120018W
27/09/2023 09:39:23,SPT120018W
27/09/2023 09:40:19,SPT120018W
27/09/2023 09:40:39,SPT120018W
27/09/2023 09:41:25,SPT120018W
27/09/2023 09:41:51,SPT120018W
27/09/2023 09:42:49,SPT120018W
27/09/2023 09:44:05,SPT120018W
27/09/2023 09:44:22,SPT120018W
27/09/2023 09:45:24,SPT120018W
27/09/2023 09:46:00,SPT120018W
27/09/2023 09:46:38,SPT120018W
27/09/2023 09:46:47,SPT120018W
27/09/2023 09:48:24,SPT120018W
27/09/2023 09:49:00,SPT120018W
27/09/2023 09:49:12,SPT120018W
27/09/2023 09:49:53,SPT120018W
27/09/2023 09:50:09,SPT120018W
27/09/2023 09:50:53,SPT120018W
27/09/2023 09:51:10,SPT120018W
27/09/2023 09:51:51,SPT120018W
27/09/2023 09:52:26,SPT120018W
27/09/2023 09:54:03,SPT120018W
27/09/2023 09:54:43,SPT120018W
27/09/2023 09:55:00,SPT120018W
27/09/2023 09:55:59,SPT120018W
27/09/2023 09:56:22,SPT120018W
27/09/2023 09:57:10,SPT120018W
27/09/2023 09:57:23,SPT120018W
27/09/2023 09:58:35,SPT120018W
27/09/2023 09:59:26,SPT120018W
27/09/2023 10:00:02,SPT120018W
27/09/2023 10:01:32,SPT120018W
27/09/2023 10:02:10,SPT120018W
27/09/2023 10:02:25,SPT120018W
27/09/2023 10:03:19,SPT120018W
27/09/2023 10:03:37,SPT120018W
27/09/2023 10:04:24,SPT120018W
27/09/2023 10:04:34,SPT120018W
27/09/2023 10:05:31,SPT120018W
27/09/2023 10:05:52,SPT120018W
27/09/2023 10:06:42,SPT120018W
27/09/2023 10:06:57,SPT120018W
27/09/2023 10:07:38,SPT120018W
27/09/2023 10:07:59,SPT120018W
27/09/2023 10:09:06,SPT120018W
27/09/2023 10:09:12,SPT120018W
27/09/2023 10:10:02,SPT120018W
27/09/2023 10:10:06,SPT120018W
27/09/2023 10:11:00,SPT120018W
27/09/2023 10:11:20,SPT120018W
27/09/2023 10:11:58,SPT120018W
27/09/2023 10:12:46,SPT120018W
27/09/2023 10:13:02,SPT120018W
27/09/2023 10:14:00,SPT120018W
27/09/2023 10:14:12,SPT120018W
27/09/2023 10:15:32,SPT120018W
27/09/2023 10:15:33,SPT120018W
27/09/2023 10:16:26,SPT120018W
27/09/2023 10:16:54,SPT120018W
27/09/2023 10:17:29,SPT120018W
27/09/2023 10:18:43,SPT120018W
27/09/2023 10:19:10,SPT120018W
27/09/2023 10:19:59,SPT120018W
27/09/2023 10:20:08,SPT120018W
27/09/2023 10:21:54,SPT120018W
27/09/2023 10:22:52,SPT120018W
27/09/2023 10:23:49,SPT120018W
27/09/2023 10:24:51,SPT120018W
27/09/2023 10:25:51,SPT120018W
27/09/2023 10:25:54,SPT120018W
27/09/2023 10:27:02,SPT120018W
27/09/2023 10:27:03,SPT120018W
27/09/2023 10:27:51,SPT120018W
27/09/2023 10:28:40,SPT120018W
27/09/2023 10:28:50,SPT120018W
27/09/2023 10:29:30,SPT120018W
27/09/2023 10:30:15,SPT120018W
27/09/2023 10:31:08,SPT120018W
27/09/2023 10:47:15,SPT120018W
27/09/2023 10:48:18,SPT120018W
27/09/2023 10:48:25,SPT120018W
27/09/2023 10:49:41,SPT120018W
27/09/2023 10:49:54,SPT120018W
27/09/2023 10:50:33,SPT120018W
27/09/2023 10:51:34,SPT120018W
27/09/2023 10:51:57,SPT120018W
27/09/2023 10:52:54,SPT120018W
27/09/2023 10:53:45,SPT120018W
27/09/2023 10:53:47,SPT120018W
27/09/2023 10:54:42,SPT120018W
27/09/2023 10:54:47,SPT120018W
27/09/2023 10:55:38,SPT120018W
27/09/2023 10:55:45,SPT120018W
27/09/2023 10:56:42,SPT120018W
27/09/2023 10:56:43,SPT120018W
27/09/2023 10:58:15,SPT120018W
27/09/2023 10:58:23,SPT120018W
27/09/2023 10:59:37,SPT120018W
27/09/2023 10:59:43,SPT120018W
27/09/2023 11:00:31,SPT120018W
27/09/2023 11:00:53,SPT120018W
27/09/2023 11:01:30,SPT120018W
27/09/2023 11:02:04,SPT120018W
27/09/2023 11:02:30,SPT120018W
27/09/2023 11:02:55,SPT120018W
27/09/2023 11:03:32,SPT120018W
27/09/2023 11:04:01,SPT120018W
27/09/2023 11:04:47,SPT120018W
27/09/2023 11:05:34,SPT120018W
27/09/2023 11:06:36,SPT120018W
27/09/2023 11:06:44,SPT120018W
27/09/2023 11:07:48,SPT120018W
27/09/2023 11:07:58,SPT120018W
27/09/2023 11:09:10,SPT120018W
27/09/2023 11:09:19,SPT120018W
27/09/2023 11:10:30,SPT120018W
27/09/2023 11:10:39,SPT120018W
27/09/2023 11:12:28,SPT120018W
27/09/2023 11:12:40,SPT120018W
27/09/2023 11:13:28,SPT120018W
27/09/2023 11:13:39,SPT120018W
27/09/2023 11:14:20,SPT120018W
27/09/2023 11:14:50,SPT120018W
27/09/2023 11:15:17,SPT120018W
27/09/2023 11:15:51,SPT120018W
27/09/2023 11:16:59,SPT120018W
27/09/2023 11:17:45,SPT120018W
27/09/2023 11:17:50,SPT120018W
27/09/2023 11:18:44,SPT120018W
27/09/2023 11:19:46,SPT120018W
27/09/2023 11:20:57,SPT120018W
27/09/2023 11:21:02,SPT120018W
27/09/2023 11:21:56,SPT120018W
27/09/2023 11:22:33,SPT120018W
27/09/2023 11:23:10,SPT120018W
27/09/2023 11:23:10,SPT120018W
27/09/2023 11:23:58,SPT120018W
27/09/2023 11:24:07,SPT120018W
27/09/2023 11:24:48,SPT120018W
27/09/2023 11:25:38,SPT120018W
27/09/2023 11:25:41,SPT120018W
27/09/2023 11:26:31,SPT120018W
27/09/2023 11:26:43,SPT120018W
27/09/2023 11:27:40,SPT120018W
27/09/2023 11:27:58,SPT120018W
27/09/2023 11:28:17,SPT120018W
27/09/2023 11:29:01,SPT120018W
27/09/2023 11:29:31,SPT120018W
27/09/2023 11:30:03,SPT120018W
27/09/2023 11:30:47,SPT120018W
27/09/2023 11:31:14,SPT120018W
27/09/2023 11:32:15,SPT120018W
27/09/2023 11:33:14,SPT120018W
27/09/2023 11:33:20,SPT120018W
27/09/2023 11:34:21,SPT120018W
27/09/2023 11:34:34,SPT120018W
27/09/2023 11:35:17,SPT120018W
27/09/2023 11:35:42,SPT120018W
27/09/2023 11:36:40,SPT120018W
27/09/2023 11:37:05,SPT120018W
27/09/2023 11:38:13,SPT120018W
27/09/2023 11:38:50,SPT120018W
27/09/2023 11:38:56,SPT120018W
27/09/2023 11:40:12,SPT120018W
27/09/2023 11:40:15,SPT120018W
27/09/2023 11:40:50,SPT120018W
27/09/2023 11:41:39,SPT120018W
27/09/2023 11:42:29,SPT120018W
27/09/2023 11:42:43,SPT120018W
27/09/2023 11:43:48,SPT120018W
27/09/2023 11:43:59,SPT120018W
27/09/2023 11:44:30,SPT120018W
27/09/2023 11:44:45,SPT120018W
27/09/2023 11:45:22,SPT120018W
27/09/2023 11:45:34,SPT120018W
27/09/2023 11:46:19,SPT120018W
27/09/2023 11:46:42,SPT120018W
27/09/2023 11:48:18,SPT120018W
27/09/2023 11:48:56,SPT120018W
27/09/2023 11:49:18,SPT120018W
27/09/2023 11:49:58,SPT120018W
27/09/2023 11:50:14,SPT120018W
27/09/2023 11:51:08,SPT120018W
27/09/2023 11:51:13,SPT120018W
27/09/2023 11:51:59,SPT120018W
27/09/2023 11:52:14,SPT120018W
27/09/2023 11:53:02,SPT120018W
27/09/2023 11:53:50,SPT120018W
27/09/2023 11:54:17,SPT120018W
27/09/2023 11:55:23,SPT120018W
27/09/2023 11:55:40,SPT120018W
27/09/2023 11:56:48,SPT120018W
27/09/2023 11:57:05,SPT120018W
27/09/2023 11:57:56,SPT120018W
27/09/2023 11:58:02,SPT120018W
27/09/2023 11:59:05,SPT120018W
27/09/2023 11:59:17,SPT120018W
27/09/2023 12:00:15,SPT120018W
27/09/2023 12:00:55,SPT120018W
27/09/2023 12:01:27,SPT120018W
27/09/2023 12:02:11,SPT120018W
27/09/2023 12:02:56,SPT120018W
27/09/2023 12:03:50,SPT120018W
27/09/2023 12:04:10,SPT120018W
27/09/2023 12:05:03,SPT120018W
27/09/2023 12:05:22,SPT120018W
27/09/2023 12:06:19,SPT120018W
27/09/2023 12:06:33,SPT120018W
27/09/2023 12:07:16,SPT120018W
27/09/2023 12:07:48,SPT120018W
27/09/2023 12:08:56,SPT120018W
27/09/2023 12:09:26,SPT120018W
27/09/2023 12:10:34,SPT120018W
27/09/2023 12:11:00,SPT120018W
27/09/2023 12:11:57,SPT120018W
27/09/2023 12:13:04,SPT120018W
27/09/2023 12:13:12,SPT120018W
27/09/2023 12:13:56,SPT120018W
27/09/2023 12:14:37,SPT120018W
27/09/2023 12:14:47,SPT120018W
27/09/2023 12:15:45,SPT120018W
27/09/2023 12:16:24,SPT120018W
27/09/2023 12:17:25,SPT120018W
27/09/2023 12:17:52,SPT120018W
27/09/2023 12:18:20,SPT120018W
27/09/2023 12:19:33,SPT120018W
27/09/2023 12:20:29,SPT120018W
27/09/2023 12:21:16,SPT120018W
27/09/2023 12:21:37,SPT120018W
27/09/2023 12:22:25,SPT120018W
27/09/2023 12:22:55,SPT120018W
27/09/2023 12:23:37,SPT120018W
27/09/2023 12:24:20,SPT120018W
27/09/2023 12:24:45,SPT120018W
27/09/2023 12:25:49,SPT120018W
27/09/2023 12:26:06,SPT120018W
27/09/2023 12:27:09,SPT120018W
27/09/2023 12:28:14,SPT120018W
27/09/2023 12:28:15,SPT120018W
27/09/2023 12:28:51,SPT120018W
27/09/2023 12:29:24,SPT120018W
27/09/2023 12:29:49,SPT120018W
27/09/2023 12:30:59,SPT120018W
27/09/2023 12:31:11,SPT120018W
27/09/2023 12:32:22,SPT120018W
27/09/2023 12:32:52,SPT120018W
27/09/2023 12:34:28,SPT120018W
27/09/2023 12:34:47,SPT120018W
27/09/2023 12:36:07,SPT120018W
27/09/2023 12:36:10,SPT120018W
27/09/2023 12:37:14,SPT120018W
27/09/2023 12:37:59,SPT120018W
27/09/2023 12:38:42,SPT120018W
27/09/2023 12:39:21,SPT120018W
27/09/2023 12:39:35,SPT120018W
27/09/2023 12:40:59,SPT120018W
27/09/2023 12:41:03,SPT120018W
27/09/2023 12:42:25,SPT120018W
27/09/2023 12:42:29,SPT120018W
27/09/2023 12:43:07,SPT120018W
27/09/2023 12:43:31,SPT120018W
27/09/2023 12:43:52,SPT120018W
27/09/2023 12:44:31,SPT120018W
27/09/2023 12:45:33,SPT120018W
27/09/2023 12:45:45,SPT120018W
27/09/2023 12:46:50,SPT120018W
27/09/2023 12:47:32,SPT120018W
27/09/2023 12:49:07,SPT120018W
27/09/2023 12:49:20,SPT120018W
27/09/2023 12:51:03,SPT120018W
27/09/2023 12:51:07,SPT120018W
27/09/2023 12:51:56,SPT120018W
27/09/2023 12:52:24,SPT120018W
27/09/2023 12:52:57,SPT120018W
27/09/2023 12:53:26,SPT120018W
27/09/2023 12:53:55,SPT120018W
27/09/2023 12:54:42,SPT120018W
27/09/2023 12:56:04,SPT120018W
27/09/2023 12:56:45,SPT120018W
27/09/2023 12:56:54,SPT120018W
27/09/2023 12:58:03,SPT120018W
27/09/2023 14:00:28,SPT120018W
27/09/2023 14:00:37,SPT120018W
27/09/2023 14:01:26,SPT120018W
27/09/2023 14:02:28,SPT120018W
27/09/2023 14:03:34,SPT120018W
27/09/2023 14:04:00,SPT120018W
27/09/2023 14:04:24,SPT120018W
27/09/2023 14:05:02,SPT120018W
27/09/2023 14:05:51,SPT120018W
27/09/2023 14:05:58,SPT120018W
27/09/2023 14:06:48,SPT120018W
27/09/2023 14:06:55,SPT120018W
27/09/2023 14:08:16,SPT120018W
27/09/2023 14:08:40,SPT120018W
27/09/2023 14:10:09,SPT120018W
27/09/2023 14:10:35,SPT120018W
27/09/2023 14:11:28,SPT120018W
27/09/2023 14:12:08,SPT120018W
27/09/2023 14:12:35,SPT120018W
27/09/2023 14:12:56,SPT120018W
27/09/2023 14:14:13,SPT120018W
27/09/2023 14:14:20,SPT120018W
27/09/2023 14:15:49,SPT120018W
27/09/2023 14:17:27,SPT120018W
27/09/2023 14:17:40,SPT120018W
27/09/2023 14:18:24,SPT120018W
27/09/2023 14:19:27,SPT120018W
27/09/2023 14:20:23,SPT120018W
27/09/2023 14:20:25,SPT120018W
27/09/2023 14:21:22,SPT120018W
27/09/2023 14:21:45,SPT120018W
27/09/2023 14:22:20,SPT120018W
27/09/2023 14:23:15,SPT120018W
27/09/2023 14:23:21,SPT120018W
27/09/2023 14:24:36,SPT120018W
27/09/2023 14:25:42,SPT120018W
27/09/2023 14:25:53,SPT120018W
27/09/2023 14:26:48,SPT120018W
27/09/2023 14:27:47,SPT120018W
27/09/2023 14:27:50,SPT120018W
27/09/2023 14:28:56,SPT120018W
27/09/2023 14:28:57,SPT120018W
27/09/2023 14:30:02,SPT120018W
27/09/2023 14:30:31,SPT120018W
27/09/2023 14:31:22,SPT120018W
27/09/2023 14:31:26,SPT120018W
27/09/2023 14:32:22,SPT120018W
27/09/2023 14:34:08,SPT120018W
27/09/2023 14:34:23,SPT120018W
27/09/2023 14:35:22,SPT120018W
27/09/2023 14:35:42,SPT120018W
27/09/2023 14:36:45,SPT120018W
27/09/2023 14:37:09,SPT120018W
27/09/2023 14:38:38,SPT120018W
27/09/2023 14:39:12,SPT120018W
27/09/2023 14:39:35,SPT120018W
27/09/2023 14:41:04,SPT120018W
27/09/2023 14:43:30,SPT120018W
27/09/2023 14:43:32,SPT120018W
27/09/2023 14:44:17,SPT120018W
27/09/2023 14:44:31,SPT120018W
27/09/2023 14:45:10,SPT120018W
27/09/2023 14:45:56,SPT120018W
27/09/2023 14:47:13,SPT120018W
27/09/2023 14:48:26,SPT120018W
27/09/2023 14:50:02,SPT120018W
27/09/2023 14:50:03,SPT120018W
27/09/2023 14:51:32,SPT120018W
27/09/2023 14:53:09,SPT120018W
27/09/2023 14:53:14,SPT120018W
27/09/2023 14:54:39,SPT120018W
27/09/2023 14:55:34,SPT120018W
27/09/2023 14:55:54,SPT120018W
27/09/2023 14:56:23,SPT120018W
27/09/2023 14:56:54,SPT120018W
27/09/2023 14:57:31,SPT120018W
27/09/2023 14:58:22,SPT120018W
27/09/2023 14:59:06,SPT120018W
27/09/2023 14:59:43,SPT120018W
27/09/2023 15:00:03,SPT120018W
27/09/2023 15:00:40,SPT120018W
27/09/2023 15:01:37,SPT120018W
27/09/2023 15:01:46,SPT120018W
27/09/2023 15:02:41,SPT120018W
27/09/2023 15:02:53,SPT120018W
27/09/2023 15:04:12,SPT120018W
27/09/2023 15:05:37,SPT120018W
27/09/2023 15:05:39,SPT120018W
27/09/2023 15:06:36,SPT120018W
27/09/2023 15:07:27,SPT120018W
27/09/2023 15:08:41,SPT120018W
27/09/2023 15:08:49,SPT120018W
27/09/2023 15:09:43,SPT120018W
27/09/2023 15:10:09,SPT120018W
27/09/2023 15:10:27,SPT120018W
27/09/2023 15:11:03,SPT120018W
27/09/2023 15:11:48,SPT120018W
27/09/2023 15:12:20,SPT120018W
27/09/2023 15:13:07,SPT120018W
27/09/2023 15:13:20,SPT120018W
27/09/2023 15:13:58,SPT120018W
27/09/2023 15:14:22,SPT120018W
27/09/2023 15:14:51,SPT120018W
27/09/2023 15:15:25,SPT120018W
27/09/2023 15:16:02,SPT120018W
27/09/2023 15:17:34,SPT120018W
27/09/2023 15:17:51,SPT120018W
27/09/2023 15:19:17,SPT120018W
27/09/2023 15:19:42,SPT120018W
27/09/2023 15:20:17,SPT120018W
27/09/2023 15:22:00,SPT120018W
27/09/2023 15:22:25,SPT120018W
27/09/2023 15:23:15,SPT120018W
27/09/2023 15:23:50,SPT120018W
27/09/2023 15:24:20,SPT120018W
27/09/2023 15:25:27,SPT120018W
27/09/2023 15:25:45,SPT120018W
27/09/2023 15:26:34,SPT120018W
27/09/2023 15:27:28,SPT120018W
27/09/2023 15:27:37,SPT120018W
27/09/2023 15:28:40,SPT120018W
27/09/2023 15:29:05,SPT120018W
27/09/2023 15:29:58,SPT120018W
27/09/2023 15:30:25,SPT120018W
27/09/2023 15:31:09,SPT120018W
27/09/2023 15:31:21,SPT120018W
27/09/2023 15:32:13,SPT120018W
27/09/2023 15:32:45,SPT120018W
27/09/2023 15:33:49,SPT120018W
27/09/2023 15:34:10,SPT120018W
27/09/2023 15:35:48,SPT120018W
27/09/2023 15:36:33,SPT120018W
27/09/2023 15:37:20,SPT120018W
27/09/2023 15:37:20,SPT120018W
27/09/2023 15:38:13,SPT120018W
27/09/2023 15:39:06,SPT120018W
27/09/2023 15:40:13,SPT120018W
27/09/2023 15:40:42,SPT120018W
27/09/2023 15:41:11,SPT120018W
27/09/2023 15:42:52,SPT120018W
27/09/2023 15:43:21,SPT120018W
27/09/2023 15:44:23,SPT120018W
27/09/2023 15:44:26,SPT120018W
27/09/2023 15:45:25,SPT120018W
27/09/2023 15:46:28,SPT120018W
27/09/2023 15:46:54,SPT120018W
27/09/2023 15:47:54,SPT120018W
27/09/2023 15:48:11,SPT120018W
27/09/2023 15:48:59,SPT120018W
27/09/2023 15:49:51,SPT120018W
27/09/2023 15:50:20,SPT120018W
27/09/2023 15:50:49,SPT120018W
27/09/2023 15:51:46,SPT120018W
27/09/2023 15:52:08,SPT120018W
27/09/2023 15:53:05,SPT120018W
27/09/2023 15:53:19,SPT120018W
27/09/2023 15:54:33,SPT120018W
27/09/2023 15:55:19,SPT120018W
27/09/2023 15:56:20,SPT120018W
27/09/2023 15:56:54,SPT120018W
27/09/2023 15:57:58,SPT120018W
27/09/2023 15:58:58,SPT120018W
27/09/2023 15:59:02,SPT120018W
27/09/2023 16:00:11,SPT120018W
27/09/2023 16:00:12,SPT120018W
27/09/2023 16:01:05,SPT120018W
27/09/2023 16:01:32,SPT120018W
27/09/2023 16:01:52,SPT120018W
27/09/2023 16:02:44,SPT120018W
27/09/2023 16:03:34,SPT120018W
27/09/2023 16:03:39,SPT120018W
27/09/2023 16:05:09,SPT120018W
27/09/2023 16:05:30,SPT120018W
27/09/2023 16:06:26,SPT120018W
27/09/2023 16:07:33,SPT120018W
27/09/2023 16:08:29,SPT120018W
27/09/2023 16:08:38,SPT120018W
27/09/2023 16:09:30,SPT120018W
27/09/2023 16:10:15,SPT120018W
27/09/2023 16:10:56,SPT120018W
27/09/2023 16:11:39,SPT120018W
27/09/2023 16:12:46,SPT120018W
27/09/2023 16:14:00,SPT120018W
27/09/2023 16:15:22,SPT120018W
27/09/2023 16:16:35,SPT120018W
27/09/2023 16:17:49,SPT120018W
27/09/2023 16:18:24,SPT120018W
27/09/2023 16:18:47,SPT120018W
27/09/2023 16:19:19,SPT120018W
27/09/2023 16:20:03,SPT120018W
27/09/2023 16:21:13,SPT120018W
27/09/2023 16:22:25,SPT120018W
27/09/2023 16:22:37,SPT120018W
27/09/2023 16:23:23,SPT120018W
27/09/2023 16:23:55,SPT120018W
27/09/2023 16:24:35,SPT120018W
27/09/2023 16:26:12,SPT120018W
27/09/2023 16:26:47,SPT120018W
27/09/2023 16:27:01,SPT120018W
27/09/2023 16:27:43,SPT120018W
27/09/2023 16:28:18,SPT120018W
27/09/2023 16:28:38,SPT120018W
27/09/2023 16:29:39,SPT120018W
27/09/2023 16:47:39,SPT120018W
27/09/2023 16:47:39,SPT120018W
27/09/2023 16:48:35,SPT120018W
27/09/2023 16:50:26,SPT120018W
27/09/2023 16:51:07,SPT120018W
27/09/2023 16:51:26,SPT120018W
27/09/2023 16:52:21,SPT120018W
27/09/2023 16:52:57,SPT120018W
27/09/2023 16:53:46,SPT120018W
27/09/2023 16:54:01,SPT120018W
27/09/2023 16:54:43,SPT120018W
27/09/2023 16:55:37,SPT120018W
27/09/2023 16:56:15,SPT120018W
27/09/2023 16:56:53,SPT120018W
27/09/2023 16:57:49,SPT120018W
27/09/2023 16:58:28,SPT120018W
27/09/2023 16:59:22,SPT120018W
27/09/2023 16:59:25,SPT120018W
27/09/2023 17:00:10,SPT120018W
27/09/2023 17:01:01,SPT120018W
27/09/2023 17:01:37,SPT120018W
27/09/2023 17:01:51,SPT120018W
27/09/2023 17:02:51,SPT120018W
27/09/2023 17:03:05,SPT120018W
27/09/2023 17:04:12,SPT120018W
27/09/2023 17:05:44,SPT120018W
27/09/2023 17:06:14,SPT120018W
27/09/2023 17:06:28,SPT120018W
27/09/2023 17:07:22,SPT120018W
27/09/2023 17:07:29,SPT120018W
27/09/2023 17:08:23,SPT120018W
27/09/2023 17:09:03,SPT120018W
27/09/2023 17:09:50,SPT120018W
27/09/2023 17:10:33,SPT120018W
27/09/2023 17:11:32,SPT120018W
27/09/2023 17:11:52,SPT120018W
27/09/2023 17:12:40,SPT120018W
27/09/2023 17:13:05,SPT120018W
27/09/2023 17:13:49,SPT120018W
27/09/2023 17:14:23,SPT120018W
27/09/2023 17:15:09,SPT120018W
27/09/2023 17:16:26,SPT120018W
27/09/2023 17:16:43,SPT120018W
27/09/2023 17:17:42,SPT120018W
27/09/2023 17:18:02,SPT120018W
27/09/2023 17:19:00,SPT120018W
27/09/2023 17:19:59,SPT120018W
27/09/2023 17:20:02,SPT120018W
27/09/2023 17:21:32,SPT120018W
27/09/2023 17:22:00,SPT120018W
27/09/2023 17:23:02,SPT120018W
27/09/2023 17:23:07,SPT120018W
27/09/2023 17:23:53,SPT120018W
27/09/2023 17:24:29,SPT120018W
27/09/2023 17:24:55,SPT120018W
27/09/2023 17:25:38,SPT120018W
27/09/2023 17:27:06,SPT120018W
27/09/2023 17:27:15,SPT120018W
27/09/2023 17:28:28,SPT120018W
27/09/2023 17:28:59,SPT120018W
27/09/2023 17:29:21,SPT120018W
27/09/2023 17:30:02,SPT120018W
27/09/2023 17:30:56,SPT120018W
27/09/2023 17:31:49,SPT120018W
27/09/2023 17:32:37,SPT120018W
27/09/2023 17:33:31,SPT120018W
27/09/2023 17:34:06,SPT120018W
27/09/2023 17:35:14,SPT120018W
27/09/2023 17:35:52,SPT120018W
27/09/2023 17:36:42,SPT120018W
27/09/2023 17:37:02,SPT120018W
27/09/2023 17:37:57,SPT120018W
27/09/2023 17:38:38,SPT120018W
27/09/2023 17:39:16,SPT120018W
27/09/2023 17:39:30,SPT120018W
27/09/2023 17:40:46,SPT120018W
27/09/2023 17:41:08,SPT120018W
27/09/2023 17:41:57,SPT120018W
27/09/2023 17:42:03,SPT120018W
27/09/2023 17:43:12,SPT120018W
27/09/2023 17:43:54,SPT120018W
27/09/2023 17:44:32,SPT120018W
27/09/2023 17:45:09,SPT120018W
27/09/2023 17:45:38,SPT120018W
27/09/2023 17:45:57,SPT120018W
27/09/2023 17:46:51,SPT120018W
27/09/2023 17:46:58,SPT120018W
27/09/2023 17:47:53,SPT120018W
27/09/2023 17:47:56,SPT120018W
27/09/2023 17:49:18,SPT120018W
27/09/2023 17:49:22,SPT120018W
27/09/2023 17:51:02,SPT120018W
27/09/2023 17:51:29,SPT120018W
27/09/2023 17:52:19,SPT120018W
27/09/2023 17:52:58,SPT120018W
27/09/2023 17:53:06,SPT120018W
27/09/2023 17:53:52,SPT120018W
27/09/2023 17:53:53,SPT120018W
27/09/2023 17:54:52,SPT120018W
27/09/2023 17:55:32,SPT120018W
2023-09-28 09:01:57,SPT120018W
2023-09-28 09:03:02,SPT120018W
2023-09-28 09:06:04,SPT120018W
2023-09-28 09:07:45,SPT120018W
2023-09-28 09:08:29,SPT120018W
2023-09-28 09:09:38,SPT120018W
2023-09-28 09:09:40,SPT120018W
2023-09-28 09:10:33,SPT120018W
2023-09-28 09:11:38,SPT120018W
2023-09-28 09:12:20,SPT120018W
2023-09-28 09:13:09,SPT120018W
2023-09-28 09:14:24,SPT120018W
2023-09-28 09:14:54,SPT120018W
2023-09-28 09:15:25,SPT120018W
2023-09-28 09:16:14,SPT120018W
2023-09-28 09:16:43,SPT120018W
2023-09-28 09:17:46,SPT120018W
2023-09-28 09:19:20,SPT120018W
2023-09-28 09:19:27,SPT120018W
2023-09-28 09:21:20,SPT120018W
2023-09-28 09:21:34,SPT120018W
2023-09-28 09:22:57,SPT120018W
2023-09-28 09:24:39,SPT120018W
2023-09-28 09:24:56,SPT120018W
2023-09-28 09:26:11,SPT120018W
2023-09-28 09:26:56,SPT120018W
2023-09-28 09:27:34,SPT120018W
2023-09-28 09:27:41,SPT120018W
2023-09-28 09:28:52,SPT120018W
2023-09-28 09:29:13,SPT120018W
2023-09-28 09:30:15,SPT120018W
2023-09-28 09:30:45,SPT120018W
2023-09-28 09:31:41,SPT120018W
2023-09-28 09:31:47,SPT120018W
2023-09-28 09:32:54,SPT120018W
2023-09-28 09:33:17,SPT120018W
2023-09-28 09:34:11,SPT120018W
2023-09-28 09:35:04,SPT120018W
2023-09-28 09:35:49,SPT120018W
2023-09-28 09:36:10,SPT120018W
2023-09-28 09:37:20,SPT120018W
2023-09-28 09:37:28,SPT120018W
2023-09-28 09:39:10,SPT120018W
2023-09-28 09:39:48,SPT120018W
2023-09-28 09:41:47,SPT120018W
2023-09-28 09:42:10,SPT120018W
2023-09-28 09:42:47,SPT120018W
2023-09-28 09:43:58,SPT120018W
2023-09-28 09:44:05,SPT120018W
2023-09-28 09:45:11,SPT120018W
2023-09-28 09:45:25,SPT120018W
2023-09-28 09:46:22,SPT120018W
2023-09-28 09:46:24,SPT120018W
2023-09-28 09:48:45,SPT120018W
2023-09-28 09:49:11,SPT120018W
2023-09-28 09:49:41,SPT120018W
2023-09-28 09:49:52,SPT120018W
2023-09-28 09:50:47,SPT120018W
2023-09-28 09:51:01,SPT120018W
2023-09-28 09:51:58,SPT120018W
2023-09-28 09:52:00,SPT120018W
2023-09-28 09:52:38,SPT120018W
2023-09-28 09:53:24,SPT120018W
2023-09-28 09:53:35,SPT120018W
2023-09-28 09:54:44,SPT120018W
2023-09-28 09:54:45,SPT120018W
2023-09-28 09:55:41,SPT120018W
2023-09-28 09:55:55,SPT120018W
2023-09-28 09:57:18,SPT120018W
2023-09-28 09:57:41,SPT120018W
2023-09-28 09:58:35,SPT120018W
2023-09-28 09:59:31,SPT120018W
2023-09-28 09:59:37,SPT120018W
2023-09-28 10:00:26,SPT120018W
2023-09-28 10:00:42,SPT120018W
2023-09-28 10:01:56,SPT120018W
2023-09-28 10:02:13,SPT120018W
2023-09-28 10:02:47,SPT120018W
2023-09-28 10:03:57,SPT120018W
2023-09-28 10:04:09,SPT120018W
2023-09-28 10:05:06,SPT120018W
2023-09-28 10:05:29,SPT120018W
2023-09-28 10:06:17,SPT120018W
2023-09-28 10:06:21,SPT120018W
2023-09-28 10:07:19,SPT120018W
2023-09-28 10:07:38,SPT120018W
2023-09-28 10:08:13,SPT120018W
2023-09-28 10:09:14,SPT120018W
2023-09-28 10:09:22,SPT120018W
2023-09-28 10:10:54,SPT120018W
2023-09-28 10:11:08,SPT120018W
2023-09-28 10:11:55,SPT120018W
2023-09-28 10:13:01,SPT120018W
2023-09-28 10:14:00,SPT120018W
2023-09-28 10:14:09,SPT120018W
2023-09-28 10:15:06,SPT120018W
2023-09-28 10:15:45,SPT120018W
2023-09-28 10:16:10,SPT120018W
2023-09-28 10:16:38,SPT120018W
2023-09-28 10:17:25,SPT120018W
2023-09-28 10:18:18,SPT120018W
2023-09-28 10:18:26,SPT120018W
2023-09-28 10:19:24,SPT120018W
2023-09-28 10:19:26,SPT120018W
2023-09-28 10:20:28,SPT120018W
2023-09-28 10:20:37,SPT120018W
2023-09-28 10:21:48,SPT120018W
2023-09-28 10:21:50,SPT120018W
2023-09-28 10:22:52,SPT120018W
2023-09-28 10:23:20,SPT120018W
2023-09-28 10:24:07,SPT120018W
2023-09-28 10:24:48,SPT120018W
2023-09-28 10:25:27,SPT120018W
2023-09-28 10:25:50,SPT120018W
2023-09-28 10:27:10,SPT120018W
2023-09-28 10:27:52,SPT120018W
2023-09-28 10:28:16,SPT120018W
2023-09-28 10:29:08,SPT120018W
2023-09-28 10:29:33,SPT120018W
2023-09-28 10:31:24,SPT120018W
2023-09-28 10:47:29,SPT120018W
2023-09-28 10:48:07,SPT120018W
2023-09-28 10:49:15,SPT120018W
2023-09-28 10:50:15,SPT120018W
2023-09-28 10:50:24,SPT120018W
2023-09-28 10:51:31,SPT120018W
2023-09-28 10:52:13,SPT120018W
2023-09-28 10:52:48,SPT120018W
2023-09-28 10:53:32,SPT120018W
2023-09-28 10:54:29,SPT120018W
2023-09-28 10:54:46,SPT120018W
2023-09-28 10:55:39,SPT120018W
2023-09-28 10:55:54,SPT120018W
2023-09-28 10:56:57,SPT120018W
2023-09-28 10:57:48,SPT120018W
2023-09-28 10:58:49,SPT120018W
2023-09-28 10:59:57,SPT120018W
2023-09-28 11:01:11,SPT120018W
2023-09-28 11:01:32,SPT120018W
2023-09-28 11:02:53,SPT120018W
2023-09-28 11:04:19,SPT120018W
2023-09-28 11:06:07,SPT120018W
2023-09-28 11:06:46,SPT120018W
2023-09-28 11:07:07,SPT120018W
2023-09-28 11:08:01,SPT120018W
2023-09-28 11:08:20,SPT120018W
2023-09-28 11:08:55,SPT120018W
2023-09-28 11:09:16,SPT120018W
2023-09-28 11:09:54,SPT120018W
2023-09-28 11:11:09,SPT120018W
2023-09-28 11:11:37,SPT120018W
2023-09-28 11:12:33,SPT120018W
2023-09-28 11:12:35,SPT120018W
2023-09-28 11:13:56,SPT120018W
2023-09-28 11:14:31,SPT120018W
2023-09-28 11:14:44,SPT120018W
2023-09-28 11:15:54,SPT120018W
2023-09-28 11:15:58,SPT120018W
2023-09-28 11:16:52,SPT120018W
2023-09-28 11:17:04,SPT120018W
2023-09-28 11:17:47,SPT120018W
2023-09-28 11:17:52,SPT120018W
2023-09-28 11:18:42,SPT120018W
2023-09-28 11:18:53,SPT120018W
2023-09-28 11:19:58,SPT120018W
2023-09-28 11:20:00,SPT120018W
2023-09-28 11:20:57,SPT120018W
2023-09-28 11:21:48,SPT120018W
2023-09-28 11:21:51,SPT120018W
2023-09-28 11:22:40,SPT120018W
2023-09-28 11:22:45,SPT120018W
2023-09-28 11:23:38,SPT120018W
2023-09-28 11:23:43,SPT120018W
2023-09-28 11:24:33,SPT120018W
2023-09-28 11:25:16,SPT120018W
2023-09-28 11:25:55,SPT120018W
2023-09-28 11:26:35,SPT120018W
2023-09-28 11:27:27,SPT120018W
2023-09-28 11:28:25,SPT120018W
2023-09-28 11:29:07,SPT120018W
2023-09-28 11:29:40,SPT120018W
2023-09-28 11:30:46,SPT120018W
2023-09-28 11:30:56,SPT120018W
2023-09-28 11:32:05,SPT120018W
2023-09-28 11:32:35,SPT120018W
2023-09-28 11:33:38,SPT120018W
2023-09-28 11:33:48,SPT120018W
2023-09-28 11:34:39,SPT120018W
2023-09-28 11:35:26,SPT120018W
2023-09-28 11:36:09,SPT120018W
2023-09-28 11:36:17,SPT120018W
2023-09-28 11:37:30,SPT120018W
2023-09-28 11:38:49,SPT120018W
2023-09-28 11:38:56,SPT120018W
2023-09-28 11:40:11,SPT120018W
2023-09-28 11:40:48,SPT120018W
2023-09-28 11:41:25,SPT120018W
2023-09-28 11:42:43,SPT120018W
2023-09-28 11:43:38,SPT120018W
2023-09-28 11:44:39,SPT120018W
2023-09-28 11:45:08,SPT120018W
2023-09-28 11:45:32,SPT120018W
2023-09-28 11:46:11,SPT120018W
2023-09-28 11:46:38,SPT120018W
2023-09-28 11:47:04,SPT120018W
2023-09-28 11:47:52,SPT120018W
2023-09-28 11:48:06,SPT120018W
2023-09-28 11:48:41,SPT120018W
2023-09-28 11:49:36,SPT120018W
2023-09-28 11:49:49,SPT120018W
2023-09-28 11:51:05,SPT120018W
2023-09-28 11:51:32,SPT120018W
2023-09-28 11:52:33,SPT120018W
2023-09-28 11:52:55,SPT120018W
2023-09-28 11:53:49,SPT120018W
2023-09-28 11:54:52,SPT120018W
2023-09-28 11:55:24,SPT120018W
2023-09-28 11:55:35,SPT120018W
2023-09-28 11:56:21,SPT120018W
2023-09-28 11:56:39,SPT120018W
2023-09-28 11:57:48,SPT120018W
2023-09-28 11:57:59,SPT120018W
2023-09-28 11:59:03,SPT120018W
2023-09-28 11:59:19,SPT120018W
2023-09-28 12:00:20,SPT120018W
2023-09-28 12:00:38,SPT120018W
2023-09-28 12:01:13,SPT120018W
2023-09-28 12:01:51,SPT120018W
2023-09-28 12:03:05,SPT120018W
2023-09-28 12:03:07,SPT120018W
2023-09-28 12:03:57,SPT120018W
2023-09-28 12:04:05,SPT120018W
2023-09-28 12:05:09,SPT120018W
2023-09-28 12:05:32,SPT120018W
2023-09-28 12:06:33,SPT120018W
2023-09-28 12:07:49,SPT120018W
2023-09-28 12:07:59,SPT120018W
2023-09-28 12:09:03,SPT120018W
2023-09-28 12:09:11,SPT120018W
2023-09-28 12:10:03,SPT120018W
2023-09-28 12:10:19,SPT120018W
2023-09-28 12:10:49,SPT120018W
2023-09-28 12:11:26,SPT120018W
2023-09-28 12:11:58,SPT120018W
2023-09-28 12:13:00,SPT120018W
2023-09-28 12:13:31,SPT120018W
2023-09-28 12:14:21,SPT120018W
2023-09-28 12:14:34,SPT120018W
2023-09-28 12:15:20,SPT120018W
2023-09-28 12:15:29,SPT120018W
2023-09-28 12:16:23,SPT120018W
2023-09-28 12:17:08,SPT120018W
2023-09-28 12:17:49,SPT120018W
2023-09-28 12:18:50,SPT120018W
2023-09-28 12:19:20,SPT120018W
2023-09-28 12:19:49,SPT120018W
2023-09-28 12:20:16,SPT120018W
2023-09-28 12:21:11,SPT120018W
2023-09-28 12:21:47,SPT120018W
2023-09-28 12:22:31,SPT120018W
2023-09-28 12:22:59,SPT120018W
2023-09-28 12:23:19,SPT120018W
2023-09-28 12:23:51,SPT120018W
2023-09-28 12:24:06,SPT120018W
2023-09-28 12:24:57,SPT120018W
2023-09-28 12:25:45,SPT120018W
2023-09-28 12:26:04,SPT120018W
2023-09-28 12:27:07,SPT120018W
2023-09-28 12:27:10,SPT120018W
2023-09-28 12:28:19,SPT120018W
2023-09-28 12:29:18,SPT120018W
2023-09-28 12:29:32,SPT120018W
2023-09-28 12:30:32,SPT120018W
2023-09-28 12:30:46,SPT120018W
2023-09-28 12:31:17,SPT120018W
2023-09-28 12:31:51,SPT120018W
2023-09-28 12:32:13,SPT120018W
2023-09-28 12:32:48,SPT120018W
2023-09-28 12:33:24,SPT120018W
2023-09-28 12:33:49,SPT120018W
2023-09-28 12:34:16,SPT120018W
2023-09-28 12:35:25,SPT120018W
2023-09-28 12:35:33,SPT120018W
2023-09-28 12:36:43,SPT120018W
2023-09-28 12:36:46,SPT120018W
2023-09-28 12:37:48,SPT120018W
2023-09-28 12:38:19,SPT120018W
2023-09-28 12:39:09,SPT120018W
2023-09-28 12:40:13,SPT120018W
2023-09-28 12:41:41,SPT120018W
2023-09-28 12:43:01,SPT120018W
2023-09-28 12:43:06,SPT120018W
2023-09-28 12:43:56,SPT120018W
2023-09-28 12:44:35,SPT120018W
2023-09-28 12:44:57,SPT120018W
2023-09-28 12:45:43,SPT120018W
2023-09-28 12:46:21,SPT120018W
2023-09-28 12:46:29,SPT120018W
2023-09-28 12:47:18,SPT120018W
2023-09-28 12:47:23,SPT120018W
2023-09-28 12:48:17,SPT120018W
2023-09-28 12:48:34,SPT120018W
2023-09-28 12:49:55,SPT120018W
2023-09-28 12:49:57,SPT120018W
2023-09-28 12:51:56,SPT120018W
2023-09-28 12:52:02,SPT120018W
2023-09-28 12:52:33,SPT120018W
2023-09-28 12:52:57,SPT120018W
2023-09-28 12:53:18,SPT120018W
2023-09-28 12:54:07,SPT120018W
2023-09-28 12:54:50,SPT120018W
2023-09-28 12:54:55,SPT120018W
2023-09-28 12:55:45,SPT120018W
2023-09-28 12:55:49,SPT120018W
2023-09-28 12:57:19,SPT120018W
2023-09-28 12:57:55,SPT120018W
2023-09-28 12:58:15,SPT120018W
2023-09-28 12:58:38,SPT120018W
2023-09-28 12:59:16,SPT120018W
2023-09-28 14:00:37,SPT120018W
2023-09-28 14:01:34,SPT120018W
2023-09-28 14:01:47,SPT120018W
2023-09-28 14:02:37,SPT120018W
2023-09-28 14:03:05,SPT120018W
2023-09-28 14:03:55,SPT120018W
2023-09-28 14:04:11,SPT120018W
2023-09-28 14:04:54,SPT120018W
2023-09-28 14:05:44,SPT120018W
2023-09-28 14:06:26,SPT120018W
2023-09-28 14:06:38,SPT120018W
2023-09-28 14:08:15,SPT120018W
2023-09-28 14:08:22,SPT120018W
2023-09-28 14:09:08,SPT120018W
2023-09-28 14:09:29,SPT120018W
2023-09-28 14:10:49,SPT120018W
2023-09-28 14:10:51,SPT120018W
2023-09-28 14:11:37,SPT120018W
2023-09-28 14:12:12,SPT120018W
2023-09-28 14:13:05,SPT120018W
2023-09-28 14:13:26,SPT120018W
2023-09-28 14:14:38,SPT120018W
2023-09-28 14:14:49,SPT120018W
2023-09-28 14:15:30,SPT120018W
2023-09-28 14:15:49,SPT120018W
2023-09-28 14:17:14,SPT120018W
2023-09-28 14:18:19,SPT120018W
2023-09-28 14:18:24,SPT120018W
2023-09-28 14:19:15,SPT120018W
2023-09-28 14:19:24,SPT120018W
2023-09-28 14:20:19,SPT120018W
2023-09-28 14:20:38,SPT120018W
2023-09-28 14:22:02,SPT120018W
2023-09-28 14:22:07,SPT120018W
2023-09-28 14:22:55,SPT120018W
2023-09-28 14:23:04,SPT120018W
2023-09-28 14:23:39,SPT120018W
2023-09-28 14:24:02,SPT120018W
2023-09-28 14:24:52,SPT120018W
2023-09-28 14:26:22,SPT120018W
2023-09-28 14:26:28,SPT120018W
2023-09-28 14:27:24,SPT120018W
2023-09-28 14:27:49,SPT120018W
2023-09-28 14:28:45,SPT120018W
2023-09-28 14:30:28,SPT120018W
2023-09-28 14:30:50,SPT120018W
2023-09-28 14:31:53,SPT120018W
2023-09-28 14:32:04,SPT120018W
2023-09-28 14:32:52,SPT120018W
2023-09-28 14:33:49,SPT120018W
2023-09-28 14:33:51,SPT120018W
2023-09-28 14:34:55,SPT120018W
2023-09-28 14:38:01,SPT120018W
2023-09-28 14:38:15,SPT120018W
2023-09-28 14:38:55,SPT120018W
2023-09-28 14:39:01,SPT120018W
2023-09-28 14:39:46,SPT120018W
2023-09-28 14:40:13,SPT120018W
2023-09-28 14:41:35,SPT120018W
2023-09-28 14:41:56,SPT120018W
2023-09-28 14:42:32,SPT120018W
2023-09-28 14:42:55,SPT120018W
2023-09-28 14:43:51,SPT120018W
2023-09-28 14:44:20,SPT120018W
2023-09-28 14:45:15,SPT120018W
2023-09-28 14:45:28,SPT120018W
2023-09-28 14:46:09,SPT120018W
2023-09-28 14:46:23,SPT120018W
2023-09-28 14:47:10,SPT120018W
2023-09-28 14:47:43,SPT120018W
2023-09-28 14:48:36,SPT120018W
2023-09-28 14:49:55,SPT120018W
2023-09-28 14:50:07,SPT120018W
2023-09-28 14:50:48,SPT120018W
2023-09-28 14:52:06,SPT120018W
2023-09-28 14:52:17,SPT120018W
2023-09-28 14:53:06,SPT120018W
2023-09-28 14:53:46,SPT120018W
2023-09-28 14:53:56,SPT120018W
2023-09-28 14:54:59,SPT120018W
2023-09-28 14:55:16,SPT120018W
2023-09-28 14:55:50,SPT120018W
2023-09-28 14:56:32,SPT120018W
2023-09-28 14:56:45,SPT120018W
2023-09-28 14:57:37,SPT120018W
2023-09-28 14:57:40,SPT120018W
2023-09-28 14:59:23,SPT120018W
2023-09-28 14:59:25,SPT120018W
2023-09-28 15:00:13,SPT120018W
2023-09-28 15:01:27,SPT120018W
2023-09-28 15:02:30,SPT120018W
2023-09-28 15:03:26,SPT120018W
2023-09-28 15:04:00,SPT120018W
2023-09-28 15:04:49,SPT120018W
2023-09-28 15:05:51,SPT120018W
2023-09-28 15:07:43,SPT120018W
2023-09-28 15:07:47,SPT120018W
2023-09-28 15:08:39,SPT120018W
2023-09-28 15:09:36,SPT120018W
2023-09-28 15:09:53,SPT120018W
2023-09-28 15:10:47,SPT120018W
2023-09-28 15:10:52,SPT120018W
2023-09-28 15:11:24,SPT120018W
2023-09-28 15:11:47,SPT120018W
2023-09-28 15:12:11,SPT120018W
2023-09-28 15:12:43,SPT120018W
2023-09-28 15:13:14,SPT120018W
2023-09-28 15:13:35,SPT120018W
2023-09-28 15:14:32,SPT120018W
2023-09-28 15:15:10,SPT120018W
2023-09-28 15:16:35,SPT120018W
2023-09-28 15:16:51,SPT120018W
2023-09-28 15:17:43,SPT120018W
2023-09-28 15:17:44,SPT120018W
2023-09-28 15:18:39,SPT120018W
2023-09-28 15:19:06,SPT120018W
2023-09-28 15:19:53,SPT120018W
2023-09-28 15:21:10,SPT120018W
2023-09-28 15:21:24,SPT120018W
2023-09-28 15:22:09,SPT120018W
2023-09-28 15:22:45,SPT120018W
2023-09-28 15:24:10,SPT120018W
2023-09-28 15:24:33,SPT120018W
2023-09-28 15:25:03,SPT120018W
2023-09-28 15:25:31,SPT120018W
2023-09-28 15:26:55,SPT120018W
2023-09-28 15:27:52,SPT120018W
2023-09-28 15:29:26,SPT120018W
2023-09-28 15:29:33,SPT120018W
2023-09-28 15:30:24,SPT120018W
2023-09-28 15:30:44,SPT120018W
2023-09-28 15:31:35,SPT120018W
2023-09-28 15:32:14,SPT120018W
2023-09-28 15:32:37,SPT120018W
2023-09-28 15:33:24,SPT120018W
2023-09-28 15:33:46,SPT120018W
2023-09-28 15:34:38,SPT120018W
2023-09-28 15:35:03,SPT120018W
2023-09-28 15:35:53,SPT120018W
2023-09-28 15:36:32,SPT120018W
2023-09-28 15:36:46,SPT120018W
2023-09-28 15:37:23,SPT120018W
2023-09-28 15:38:10,SPT120018W
2023-09-28 15:38:16,SPT120018W
2023-09-28 15:39:07,SPT120018W
2023-09-28 15:39:37,SPT120018W
2023-09-28 15:40:17,SPT120018W
2023-09-28 15:40:40,SPT120018W
2023-09-28 15:41:26,SPT120018W
2023-09-28 15:43:37,SPT120018W
2023-09-28 15:43:57,SPT120018W
2023-09-28 15:44:36,SPT120018W
2023-09-28 15:44:49,SPT120018W
2023-09-28 15:45:48,SPT120018W
2023-09-28 15:46:47,SPT120018W
2023-09-28 15:46:55,SPT120018W
2023-09-28 15:47:49,SPT120018W
2023-09-28 15:48:03,SPT120018W
2023-09-28 15:48:44,SPT120018W
2023-09-28 15:48:59,SPT120018W
2023-09-28 15:49:38,SPT120018W
2023-09-28 15:50:00,SPT120018W
2023-09-28 15:50:29,SPT120018W
2023-09-28 15:51:14,SPT120018W
2023-09-28 15:51:15,SPT120018W
2023-09-28 15:52:17,SPT120018W
2023-09-28 15:52:43,SPT120018W
2023-09-28 15:53:27,SPT120018W
2023-09-28 15:53:28,SPT120018W
2023-09-28 15:54:27,SPT120018W
2023-09-28 15:55:08,SPT120018W
2023-09-28 15:55:31,SPT120018W
2023-09-28 15:56:28,SPT120018W
2023-09-28 15:56:37,SPT120018W
2023-09-28 15:57:14,SPT120018W
2023-09-28 15:57:33,SPT120018W
2023-09-28 15:58:03,SPT120018W
2023-09-28 15:58:45,SPT120018W
2023-09-28 15:59:32,SPT120018W
2023-09-28 15:59:39,SPT120018W
2023-09-28 16:00:20,SPT120018W
2023-09-28 16:00:35,SPT120018W
2023-09-28 16:01:32,SPT120018W
2023-09-28 16:02:44,SPT120018W
2023-09-28 16:02:47,SPT120018W
2023-09-28 16:03:51,SPT120018W
2023-09-28 16:04:00,SPT120018W
2023-09-28 16:04:52,SPT120018W
2023-09-28 16:05:10,SPT120018W
2023-09-28 16:05:55,SPT120018W
2023-09-28 16:06:21,SPT120018W
2023-09-28 16:06:57,SPT120018W
2023-09-28 16:07:28,SPT120018W
2023-09-28 16:08:09,SPT120018W
2023-09-28 16:08:47,SPT120018W
2023-09-28 16:09:44,SPT120018W
2023-09-28 16:09:58,SPT120018W
2023-09-28 16:11:31,SPT120018W
2023-09-28 16:11:43,SPT120018W
2023-09-28 16:12:39,SPT120018W
2023-09-28 16:12:49,SPT120018W
2023-09-28 16:13:27,SPT120018W
2023-09-28 16:14:08,SPT120018W
2023-09-28 16:14:20,SPT120018W
2023-09-28 16:15:08,SPT120018W
2023-09-28 16:15:13,SPT120018W
2023-09-28 16:16:34,SPT120018W
2023-09-28 16:16:35,SPT120018W
2023-09-28 16:17:34,SPT120018W
2023-09-28 16:17:48,SPT120018W
2023-09-28 16:19:06,SPT120018W
2023-09-28 16:20:22,SPT120018W
2023-09-28 16:20:25,SPT120018W
2023-09-28 16:21:42,SPT120018W
2023-09-28 16:21:43,SPT120018W
2023-09-28 16:22:48,SPT120018W
2023-09-28 16:23:08,SPT120018W
2023-09-28 16:23:43,SPT120018W
2023-09-28 16:24:49,SPT120018W
2023-09-28 16:25:13,SPT120018W
2023-09-28 16:26:36,SPT120018W
2023-09-28 16:26:49,SPT120018W
2023-09-28 16:27:38,SPT120018W
2023-09-28 16:28:56,SPT120018W
2023-09-28 16:29:50,SPT120018W
2023-09-28 16:29:54,SPT120018W
2023-09-28 16:30:34,SPT120018W
2023-09-28 16:47:19,SPT120018W
2023-09-28 16:48:18,SPT120018W
2023-09-28 16:48:55,SPT120018W
2023-09-28 16:49:40,SPT120018W
2023-09-28 16:51:01,SPT120018W
2023-09-28 16:52:07,SPT120018W
2023-09-28 16:52:20,SPT120018W
2023-09-28 16:52:54,SPT120018W
2023-09-28 16:53:49,SPT120018W
2023-09-28 16:54:17,SPT120018W
2023-09-28 16:55:04,SPT120018W
2023-09-28 16:55:42,SPT120018W
2023-09-28 16:56:43,SPT120018W
2023-09-28 16:56:56,SPT120018W
2023-09-28 16:58:20,SPT120018W
2023-09-28 17:00:26,SPT120018W
2023-09-28 17:01:05,SPT120018W
2023-09-28 17:01:27,SPT120018W
2023-09-28 17:02:24,SPT120018W
2023-09-28 17:02:30,SPT120018W
2023-09-28 17:03:53,SPT120018W
2023-09-28 17:05:02,SPT120018W
2023-09-28 17:05:22,SPT120018W
2023-09-28 17:05:38,SPT120018W
2023-09-28 17:06:25,SPT120018W
2023-09-28 17:06:26,SPT120018W
2023-09-28 17:07:20,SPT120018W
2023-09-28 17:07:35,SPT120018W
2023-09-28 17:08:14,SPT120018W
2023-09-28 17:08:52,SPT120018W
2023-09-28 17:09:09,SPT120018W
2023-09-28 17:09:59,SPT120018W
2023-09-28 17:10:27,SPT120018W
2023-09-28 17:11:30,SPT120018W
2023-09-28 17:12:14,SPT120018W
2023-09-28 17:12:37,SPT120018W
2023-09-28 17:13:07,SPT120018W
2023-09-28 17:13:31,SPT120018W
2023-09-28 17:14:28,SPT120018W
2023-09-28 17:14:42,SPT120018W
2023-09-28 17:16:03,SPT120018W
2023-09-28 17:16:07,SPT120018W
2023-09-28 17:17:02,SPT120018W
2023-09-28 17:17:13,SPT120018W
2023-09-28 17:19:11,SPT120018W
2023-09-28 17:20:12,SPT120018W
2023-09-28 17:21:14,SPT120018W
2023-09-28 17:22:31,SPT120018W
2023-09-28 17:23:31,SPT120018W
2023-09-28 17:24:13,SPT120018W
2023-09-28 17:25:33,SPT120018W
2023-09-28 17:25:36,SPT120018W
2023-09-28 17:26:39,SPT120018W
2023-09-28 17:27:21,SPT120018W
2023-09-28 17:27:46,SPT120018W
2023-09-28 17:28:16,SPT120018W
2023-09-28 17:28:44,SPT120018W
2023-09-28 17:29:27,SPT120018W
2023-09-28 17:29:41,SPT120018W
2023-09-28 17:30:20,SPT120018W
2023-09-28 17:30:50,SPT120018W
2023-09-28 17:31:08,SPT120018W
2023-09-28 17:31:46,SPT120018W
2023-09-28 17:31:57,SPT120018W
2023-09-28 17:32:46,SPT120018W
2023-09-28 17:32:55,SPT120018W
2023-09-28 17:33:50,SPT120018W
2023-09-28 17:34:49,SPT120018W
2023-09-28 17:35:07,SPT120018W
2023-09-28 17:36:18,SPT120018W
2023-09-28 17:36:19,SPT120018W
2023-09-28 17:37:22,SPT120018W
2023-09-28 17:37:24,SPT120018W
2023-09-28 17:38:28,SPT120018W
2023-09-28 17:38:35,SPT120018W
2023-09-28 17:39:28,SPT120018W
2023-09-29 09:05:16,SPT120018W
2023-09-29 09:07:03,SPT120018W
2023-09-29 09:08:32,SPT120018W
2023-09-29 09:10:06,SPT120018W
2023-09-29 09:11:15,SPT120018W
2023-09-29 09:12:45,SPT120018W
2023-09-29 09:13:22,SPT120018W
2023-09-29 09:14:44,SPT120018W
2023-09-29 09:15:58,SPT120018W
2023-09-29 09:17:06,SPT120018W
2023-09-29 09:18:11,SPT120018W
2023-09-29 09:19:14,SPT120018W
2023-09-29 09:20:26,SPT120018W
2023-09-29 09:21:28,SPT120018W
2023-09-29 09:23:07,SPT120018W
2023-09-29 09:24:06,SPT120018W
2023-09-29 09:25:43,SPT120018W
2023-09-29 09:26:56,SPT120018W
2023-09-29 09:28:08,SPT120018W
2023-09-29 09:29:24,SPT120018W
2023-09-29 09:30:46,SPT120018W
2023-09-29 09:31:51,SPT120018W
2023-09-29 09:32:57,SPT120018W
2023-09-29 09:34:41,SPT120018W
2023-09-29 09:35:52,SPT120018W
2023-09-29 09:36:55,SPT120018W
2023-09-29 09:40:20,SPT120018W
2023-09-29 09:41:10,SPT120018W
2023-09-29 09:42:16,SPT120018W
2023-09-29 09:43:24,SPT120018W
2023-09-29 09:44:21,SPT120018W
2023-09-29 09:45:21,SPT120018W
2023-09-29 09:46:17,SPT120018W
2023-09-29 09:47:20,SPT120018W
2023-09-29 09:48:19,SPT120018W
2023-09-29 09:49:33,SPT120018W
2023-09-29 09:50:51,SPT120018W
2023-09-29 09:51:59,SPT120018W
2023-09-29 09:53:15,SPT120018W
2023-09-29 09:54:23,SPT120018W
2023-09-29 09:55:29,SPT120018W
2023-09-29 09:56:46,SPT120018W
2023-09-29 09:58:03,SPT120018W
2023-09-29 09:59:57,SPT120018W
2023-09-29 10:01:40,SPT120018W
2023-09-29 10:02:44,SPT120018W
2023-09-29 10:03:40,SPT120018W
2023-09-29 10:04:29,SPT120018W
2023-09-29 10:05:32,SPT120018W
2023-09-29 10:07:13,SPT120018W
2023-09-29 10:08:18,SPT120018W
2023-09-29 10:09:23,SPT120018W
2023-09-29 10:10:23,SPT120018W
2023-09-29 10:11:24,SPT120018W
2023-09-29 10:12:20,SPT120018W
2023-09-29 10:14:03,SPT120018W
2023-09-29 10:15:18,SPT120018W
2023-09-29 10:16:15,SPT120018W
2023-09-29 10:17:24,SPT120018W
2023-09-29 10:19:05,SPT120018W
2023-09-29 10:20:12,SPT120018W
2023-09-29 10:21:22,SPT120018W
2023-09-29 10:22:34,SPT120018W
2023-09-29 10:23:37,SPT120018W
2023-09-29 10:24:23,SPT120018W
2023-09-29 10:25:22,SPT120018W
2023-09-29 10:26:23,SPT120018W
2023-09-29 10:27:23,SPT120018W
2023-09-29 10:28:22,SPT120018W
2023-09-29 10:29:28,SPT120018W
2023-09-29 10:30:31,SPT120018W
2023-09-29 10:48:46,SPT120018W
2023-09-29 10:50:10,SPT120018W
2023-09-29 10:51:24,SPT120018W
2023-09-29 10:52:40,SPT120018W
2023-09-29 10:53:35,SPT120018W
2023-09-29 10:54:38,SPT120018W
2023-09-29 10:55:47,SPT120018W
2023-09-29 10:57:40,SPT120018W
2023-09-29 10:58:42,SPT120018W
2023-09-29 10:59:59,SPT120018W
2023-09-29 11:01:01,SPT120018W
2023-09-29 11:02:04,SPT120018W
2023-09-29 11:03:04,SPT120018W
2023-09-29 11:04:30,SPT120018W
2023-09-29 11:07:29,SPT120018W
2023-09-29 11:08:40,SPT120018W
2023-09-29 11:09:36,SPT120018W
2023-09-29 11:10:34,SPT120018W
2023-09-29 11:11:27,SPT120018W
2023-09-29 11:12:26,SPT120018W
2023-09-29 11:13:17,SPT120018W
2023-09-29 11:14:19,SPT120018W
2023-09-29 11:15:27,SPT120018W
2023-09-29 11:16:24,SPT120018W
2023-09-29 11:17:24,SPT120018W
2023-09-29 11:18:27,SPT120018W
2023-09-29 11:19:26,SPT120018W
2023-09-29 11:20:29,SPT120018W
2023-09-29 11:21:28,SPT120018W
2023-09-29 11:23:40,SPT120018W
2023-09-29 11:24:42,SPT120018W
2023-09-29 11:25:48,SPT120018W
2023-09-29 11:27:10,SPT120018W
2023-09-29 11:28:05,SPT120018W
2023-09-29 11:29:22,SPT120018W
2023-09-29 11:30:59,SPT120018W
2023-09-29 11:32:04,SPT120018W
2023-09-29 11:35:47,SPT120018W
2023-09-29 11:37:05,SPT120018W
2023-09-29 11:38:10,SPT120018W
2023-09-29 11:39:11,SPT120018W
2023-09-29 11:40:18,SPT120018W
2023-09-29 11:41:40,SPT120018W
2023-09-29 11:42:38,SPT120018W
2023-09-29 11:43:33,SPT120018W
2023-09-29 11:44:43,SPT120018W
2023-09-29 11:45:57,SPT120018W
2023-09-29 11:47:25,SPT120018W
2023-09-29 11:51:28,SPT120018W
2023-09-29 11:52:37,SPT120018W
2023-09-29 11:53:39,SPT120018W
2023-09-29 11:54:53,SPT120018W
2023-09-29 11:55:59,SPT120018W
2023-09-29 11:57:15,SPT120018W
2023-09-29 12:00:07,SPT120018W
2023-09-29 12:01:02,SPT120018W
2023-09-29 12:01:57,SPT120018W
2023-09-29 12:02:56,SPT120018W
2023-09-29 12:04:25,SPT120018W
2023-09-29 12:05:19,SPT120018W
2023-09-29 12:06:12,SPT120018W
2023-09-29 12:07:06,SPT120018W
2023-09-29 12:08:03,SPT120018W
2023-09-29 12:09:03,SPT120018W
2023-09-29 12:09:59,SPT120018W
2023-09-29 12:10:53,SPT120018W
2023-09-29 12:12:31,SPT120018W
2023-09-29 12:13:29,SPT120018W
2023-09-29 12:14:25,SPT120018W
2023-09-29 12:15:22,SPT120018W
2023-09-29 12:16:33,SPT120018W
2023-09-29 12:18:06,SPT120018W
2023-09-29 12:19:18,SPT120018W
2023-09-29 12:19:59,SPT120018W
2023-09-29 12:20:59,SPT120018W
2023-09-29 12:22:08,SPT120018W
2023-09-29 12:23:09,SPT120018W
2023-09-29 12:24:12,SPT120018W
2023-09-29 12:25:14,SPT120018W
2023-09-29 12:26:12,SPT120018W
2023-09-29 12:27:16,SPT120018W
2023-09-29 12:29:17,SPT120018W
2023-09-29 12:30:34,SPT120018W
2023-09-29 12:31:39,SPT120018W
2023-09-29 12:32:45,SPT120018W
2023-09-29 12:34:13,SPT120018W
2023-09-29 12:37:34,SPT120018W
2023-09-29 12:38:28,SPT120018W
2023-09-29 12:39:24,SPT120018W
2023-09-29 12:40:16,SPT120018W
2023-09-29 12:41:11,SPT120018W
2023-09-29 12:42:20,SPT120018W
2023-09-29 12:43:23,SPT120018W
2023-09-29 12:44:15,SPT120018W
2023-09-29 12:45:24,SPT120018W
2023-09-29 12:46:20,SPT120018W
2023-09-29 12:49:44,SPT120018W
2023-09-29 12:50:38,SPT120018W
2023-09-29 12:51:41,SPT120018W
2023-09-29 12:52:41,SPT120018W
2023-09-29 12:53:48,SPT120018W
2023-09-29 12:54:53,SPT120018W
2023-09-29 12:55:54,SPT120018W
2023-09-29 12:56:54,SPT120018W
2023-09-29 12:57:55,SPT120018W
2023-09-29 12:59:02,SPT120018W
2023-09-29 14:02:43,SPT120018W
2023-09-29 14:04:09,SPT120018W
2023-09-29 14:05:06,SPT120018W
2023-09-29 14:05:56,SPT120018W
2023-09-29 14:06:49,SPT120018W
2023-09-29 14:07:53,SPT120018W
2023-09-29 14:08:55,SPT120018W
2023-09-29 14:09:59,SPT120018W
2023-09-29 14:10:58,SPT120018W
2023-09-29 14:11:54,SPT120018W
2023-09-29 14:13:01,SPT120018W
2023-09-29 14:14:12,SPT120018W
2023-09-29 14:15:18,SPT120018W
2023-09-29 14:16:16,SPT120018W
2023-09-29 14:18:12,SPT120018W
2023-09-29 14:19:18,SPT120018W
2023-09-29 14:20:02,SPT120018W
2023-09-29 14:20:59,SPT120018W
2023-09-29 14:21:50,SPT120018W
2023-09-29 14:22:42,SPT120018W
2023-09-29 14:23:39,SPT120018W
2023-09-29 14:24:27,SPT120018W
2023-09-29 14:25:20,SPT120018W
2023-09-29 14:26:10,SPT120018W
2023-09-29 14:27:29,SPT120018W
2023-09-29 14:28:21,SPT120018W
2023-09-29 14:29:09,SPT120018W
2023-09-29 14:30:03,SPT120018W
2023-09-29 14:31:36,SPT120018W
2023-09-29 14:32:48,SPT120018W
2023-09-29 14:34:00,SPT120018W
2023-09-29 14:35:39,SPT120018W
2023-09-29 14:36:41,SPT120018W
2023-09-29 14:37:41,SPT120018W
2023-09-29 14:38:39,SPT120018W
2023-09-29 14:40:08,SPT120018W
2023-09-29 14:40:44,SPT120018W
2023-09-29 14:42:07,SPT120018W
2023-09-29 14:42:59,SPT120018W
2023-09-29 14:43:58,SPT120018W
2023-09-29 14:44:42,SPT120018W
2023-09-29 14:45:39,SPT120018W
2023-09-29 14:46:40,SPT120018W
2023-09-29 14:47:40,SPT120018W
2023-09-29 14:48:53,SPT120018W
2023-09-29 14:50:28,SPT120018W
2023-09-29 14:51:12,SPT120018W
2023-09-29 14:52:09,SPT120018W
2023-09-29 14:53:10,SPT120018W
2023-09-29 14:53:58,SPT120018W
2023-09-29 14:54:54,SPT120018W
2023-09-29 14:56:16,SPT120018W
2023-09-29 14:57:25,SPT120018W
2023-09-29 14:58:39,SPT120018W
2023-09-29 14:59:36,SPT120018W
2023-09-29 15:00:45,SPT120018W
2023-09-29 15:01:45,SPT120018W
2023-09-29 15:02:38,SPT120018W
2023-09-29 15:03:39,SPT120018W
2023-09-29 15:04:50,SPT120018W
2023-09-29 15:05:55,SPT120018W
2023-09-29 15:07:06,SPT120018W
2023-09-29 15:08:10,SPT120018W
2023-09-29 15:09:18,SPT120018W
2023-09-29 15:10:25,SPT120018W
2023-09-29 15:11:27,SPT120018W
2023-09-29 15:12:45,SPT120018W
2023-09-29 15:13:43,SPT120018W
2023-09-29 15:14:47,SPT120018W
2023-09-29 15:15:50,SPT120018W
2023-09-29 15:16:45,SPT120018W
2023-09-29 15:17:24,SPT120018W
2023-09-29 15:18:12,SPT120018W
2023-09-29 15:19:20,SPT120018W
2023-09-29 15:20:42,SPT120018W
2023-09-29 15:21:36,SPT120018W
2023-09-29 15:22:41,SPT120018W
2023-09-29 15:23:38,SPT120018W
2023-09-29 15:24:39,SPT120018W
2023-09-29 15:25:53,SPT120018W
2023-09-29 15:27:07,SPT120018W
2023-09-29 15:28:09,SPT120018W
2023-09-29 15:29:29,SPT120018W
2023-09-29 15:32:08,SPT120018W
2023-09-29 15:34:38,SPT120018W
2023-09-29 15:35:43,SPT120018W
2023-09-29 15:36:46,SPT120018W
2023-09-29 15:37:45,SPT120018W
2023-09-29 15:38:37,SPT120018W
2023-09-29 15:39:40,SPT120018W
2023-09-29 15:40:53,SPT120018W
2023-09-29 15:42:10,SPT120018W
2023-09-29 15:43:22,SPT120018W
2023-09-29 15:44:15,SPT120018W
2023-09-29 15:46:17,SPT120018W
2023-09-29 15:47:16,SPT120018W
2023-09-29 15:48:16,SPT120018W
2023-09-29 15:49:32,SPT120018W
2023-09-29 15:50:32,SPT120018W
2023-09-29 15:51:28,SPT120018W
2023-09-29 15:53:08,SPT120018W
2023-09-29 15:54:03,SPT120018W
2023-09-29 15:55:01,SPT120018W
2023-09-29 15:56:06,SPT120018W
2023-09-29 15:57:04,SPT120018W
2023-09-29 15:58:16,SPT120018W
2023-09-29 16:00:33,SPT120018W
2023-09-29 16:02:16,SPT120018W
2023-09-29 16:03:11,SPT120018W
2023-09-29 16:04:15,SPT120018W
2023-09-29 16:08:00,SPT120018W
2023-09-29 16:08:56,SPT120018W
2023-09-29 16:09:56,SPT120018W
2023-09-29 16:10:51,SPT120018W
2023-09-29 16:11:51,SPT120018W
2023-09-29 16:12:56,SPT120018W
2023-09-29 16:13:55,SPT120018W
2023-09-29 16:14:49,SPT120018W
2023-09-29 16:17:10,SPT120018W
2023-09-29 16:18:17,SPT120018W
2023-09-29 16:19:09,SPT120018W
2023-09-29 16:20:13,SPT120018W
2023-09-29 16:20:54,SPT120018W
2023-09-29 16:21:49,SPT120018W
2023-09-29 16:24:40,SPT120018W
2023-09-29 16:25:35,SPT120018W
2023-09-29 16:26:42,SPT120018W
2023-09-29 16:27:38,SPT120018W
2023-09-29 16:28:31,SPT120018W
2023-09-29 16:29:27,SPT120018W
2023-09-29 16:30:31,SPT120018W
2023-09-29 16:49:57,SPT120018W
2023-09-29 16:53:07,SPT120018W
2023-09-29 16:54:01,SPT120018W
2023-09-29 16:54:53,SPT120018W
2023-09-29 16:56:23,SPT120018W
2023-09-29 16:57:19,SPT120018W
2023-09-29 16:58:17,SPT120018W
2023-09-29 16:59:45,SPT120018W
2023-09-29 17:01:20,SPT120018W
2023-09-29 17:03:58,SPT120018W
2023-09-29 17:08:16,SPT120018W
2023-09-29 17:09:09,SPT120018W
2023-09-29 17:10:04,SPT120018W
2023-09-29 17:11:01,SPT120018W
2023-09-29 17:11:56,SPT120018W
2023-09-29 17:15:11,SPT120018W
2023-09-29 17:16:10,SPT120018W
2023-09-29 17:17:09,SPT120018W
2023-09-29 17:18:15,SPT120018W
2023-09-29 17:19:10,SPT120018W
2023-09-29 17:20:22,SPT120018W
2023-09-29 17:21:25,SPT120018W
2023-09-29 17:23:44,SPT120018W
2023-09-29 17:25:08,SPT120018W
2023-09-29 17:26:11,SPT120018W
2023-09-29 17:27:17,SPT120018W
2023-09-29 17:28:22,SPT120018W
2023-09-29 17:29:16,SPT120018W
2023-09-29 17:30:14,SPT120018W
2023-09-29 17:30:53,SPT120018W
2023-09-29 17:31:59,SPT120018W
2023-09-29 17:32:56,SPT120018W
2023-09-29 17:33:48,SPT120018W
2023-09-29 17:34:45,SPT120018W
2023-09-29 17:35:56,SPT120018W
2023-09-29 17:36:54,SPT120018W
2023-09-29 17:37:49,SPT120018W
2023-09-29 17:38:44,SPT120018W
2023-09-29 17:39:47,SPT120018W
2023-09-29 17:40:46,SPT120018W
2023-09-29 17:41:48,SPT120018W
2023-09-29 17:43:00,SPT120018W
2023-09-29 17:44:13,SPT120018W
2023-09-29 17:45:59,SPT120018W
2023-09-29 17:46:58,SPT120018W
2023-09-29 17:48:18,SPT120018W
2023-09-29 17:49:33,SPT120018W
2023-09-29 17:50:27,SPT120018W
2023-09-29 17:51:34,SPT120018W
2023-09-29 17:52:40,SPT120018W
2023-09-29 17:54:25,SPT120018W
2023-09-29 17:55:24,SPT120018W
2023-10-02 09:02:55,SPT120018W
2023-10-02 09:06:18,SPT120018W
2023-10-02 09:06:24,SPT120018W
2023-10-02 09:07:21,SPT120018W
2023-10-02 09:07:30,SPT120018W
2023-10-02 09:08:35,SPT120018W
2023-10-02 09:11:07,SPT120018W
2023-10-02 09:12:27,SPT120018W
2023-10-02 09:17:16,SPT120018W
2023-10-02 09:18:36,SPT120018W
2023-10-02 09:18:41,SPT120018W
2023-10-02 09:20:01,SPT120018W
2023-10-02 09:21:11,SPT120018W
2023-10-02 09:21:36,SPT120018W
2023-10-02 09:22:24,SPT120018W
2023-10-02 09:23:37,SPT120018W
2023-10-02 09:25:58,SPT120018W
2023-10-02 09:26:54,SPT120018W
2023-10-02 09:27:56,SPT120018W
2023-10-02 09:28:54,SPT120018W
2023-10-02 09:29:49,SPT120018W
2023-10-02 09:30:45,SPT120018W
2023-10-02 09:30:58,SPT120018W
2023-10-02 09:32:00,SPT120018W
2023-10-02 09:32:02,SPT120018W
2023-10-02 09:33:12,SPT120018W
2023-10-02 09:33:16,SPT120018W
2023-10-02 09:34:23,SPT120018W
2023-10-02 09:34:29,SPT120018W
2023-10-02 09:35:24,SPT120018W
2023-10-02 09:36:04,SPT120018W
2023-10-02 09:36:23,SPT120018W
2023-10-02 09:37:12,SPT120018W
2023-10-02 09:37:40,SPT120018W
2023-10-02 09:38:38,SPT120018W
2023-10-02 09:38:58,SPT120018W
2023-10-02 09:40:17,SPT120018W
2023-10-02 09:40:31,SPT120018W
2023-10-02 09:41:15,SPT120018W
2023-10-02 09:41:25,SPT120018W
2023-10-02 09:42:15,SPT120018W
2023-10-02 09:43:08,SPT120018W
2023-10-02 09:43:18,SPT120018W
2023-10-02 09:44:00,SPT120018W
2023-10-02 09:44:55,SPT120018W
2023-10-02 09:45:37,SPT120018W
2023-10-02 09:45:50,SPT120018W
2023-10-02 09:47:10,SPT120018W
2023-10-02 09:47:16,SPT120018W
2023-10-02 09:48:14,SPT120018W
2023-10-02 09:48:39,SPT120018W
2023-10-02 09:50:04,SPT120018W
2023-10-02 09:50:28,SPT120018W
2023-10-02 09:51:22,SPT120018W
2023-10-02 09:51:42,SPT120018W
2023-10-02 09:52:18,SPT120018W
2023-10-02 09:52:53,SPT120018W
2023-10-02 09:54:00,SPT120018W
2023-10-02 09:54:27,SPT120018W
2023-10-02 09:55:15,SPT120018W
2023-10-02 09:55:33,SPT120018W
2023-10-02 09:56:27,SPT120018W
2023-10-02 09:56:59,SPT120018W
2023-10-02 09:57:24,SPT120018W
2023-10-02 09:58:29,SPT120018W
2023-10-02 09:58:57,SPT120018W
2023-10-02 09:59:34,SPT120018W
2023-10-02 10:00:03,SPT120018W
2023-10-02 10:00:36,SPT120018W
2023-10-02 10:00:59,SPT120018W
2023-10-02 10:02:28,SPT120018W
2023-10-02 10:02:33,SPT120018W
2023-10-02 10:03:24,SPT120018W
2023-10-02 10:03:29,SPT120018W
2023-10-02 10:04:23,SPT120018W
2023-10-02 10:05:26,SPT120018W
2023-10-02 10:05:52,SPT120018W
2023-10-02 10:07:16,SPT120018W
2023-10-02 10:07:36,SPT120018W
2023-10-02 10:09:34,SPT120018W
2023-10-02 10:09:37,SPT120018W
2023-10-02 10:10:26,SPT120018W
2023-10-02 10:10:35,SPT120018W
2023-10-02 10:12:03,SPT120018W
2023-10-02 10:12:19,SPT120018W
2023-10-02 10:12:52,SPT120018W
2023-10-02 10:13:18,SPT120018W
2023-10-02 10:13:58,SPT120018W
2023-10-02 10:14:12,SPT120018W
2023-10-02 10:15:09,SPT120018W
2023-10-02 10:16:33,SPT120018W
2023-10-02 10:16:40,SPT120018W
2023-10-02 10:17:18,SPT120018W
2023-10-02 10:17:31,SPT120018W
2023-10-02 10:18:19,SPT120018W
2023-10-02 10:18:24,SPT120018W
2023-10-02 10:19:13,SPT120018W
2023-10-02 10:19:30,SPT120018W
2023-10-02 10:19:56,SPT120018W
2023-10-02 10:20:48,SPT120018W
2023-10-02 10:21:24,SPT120018W
2023-10-02 10:21:57,SPT120018W
2023-10-02 10:22:34,SPT120018W
2023-10-02 10:23:23,SPT120018W
2023-10-02 10:23:34,SPT120018W
2023-10-02 10:24:48,SPT120018W
2023-10-02 10:25:44,SPT120018W
2023-10-02 10:26:42,SPT120018W
2023-10-02 10:28:00,SPT120018W
2023-10-02 10:28:06,SPT120018W
2023-10-02 10:28:53,SPT120018W
2023-10-02 10:30:33,SPT120018W
2023-10-02 10:30:49,SPT120018W
2023-10-02 10:47:01,SPT120018W
2023-10-02 10:48:04,SPT120018W
2023-10-02 10:49:43,SPT120018W
2023-10-02 10:49:45,SPT120018W
2023-10-02 10:50:34,SPT120018W
2023-10-02 10:50:41,SPT120018W
2023-10-02 10:51:33,SPT120018W
2023-10-02 10:51:36,SPT120018W
2023-10-02 10:52:31,SPT120018W
2023-10-02 10:52:56,SPT120018W
2023-10-02 10:54:03,SPT120018W
2023-10-02 10:54:25,SPT120018W
2023-10-02 10:55:09,SPT120018W
2023-10-02 10:56:25,SPT120018W
2023-10-02 10:58:28,SPT120018W
2023-10-02 10:58:33,SPT120018W
2023-10-02 10:59:22,SPT120018W
2023-10-02 10:59:32,SPT120018W
2023-10-02 11:00:18,SPT120018W
2023-10-02 11:00:38,SPT120018W
2023-10-02 11:01:13,SPT120018W
2023-10-02 11:01:37,SPT120018W
2023-10-02 11:02:06,SPT120018W
2023-10-02 11:03:40,SPT120018W
2023-10-02 11:03:52,SPT120018W
2023-10-02 11:04:56,SPT120018W
2023-10-02 11:06:02,SPT120018W
2023-10-02 11:06:05,SPT120018W
2023-10-02 11:07:02,SPT120018W
2023-10-02 11:07:23,SPT120018W
2023-10-02 11:07:56,SPT120018W
2023-10-02 11:09:16,SPT120018W
2023-10-02 11:09:27,SPT120018W
2023-10-02 11:10:40,SPT120018W
2023-10-02 11:10:43,SPT120018W
2023-10-02 11:11:38,SPT120018W
2023-10-02 11:12:43,SPT120018W
2023-10-02 11:13:44,SPT120018W
2023-10-02 11:14:18,SPT120018W
2023-10-02 11:14:37,SPT120018W
2023-10-02 11:16:11,SPT120018W
2023-10-02 11:16:28,SPT120018W
2023-10-02 11:17:08,SPT120018W
2023-10-02 11:18:02,SPT120018W
2023-10-02 11:20:22,SPT120018W
2023-10-02 11:21:20,SPT120018W
2023-10-02 11:21:59,SPT120018W
2023-10-02 11:22:03,SPT120018W
2023-10-02 11:23:06,SPT120018W
2023-10-02 11:23:49,SPT120018W
2023-10-02 11:24:50,SPT120018W
2023-10-02 11:25:18,SPT120018W
2023-10-02 11:25:47,SPT120018W
2023-10-02 11:26:44,SPT120018W
2023-10-02 11:27:33,SPT120018W
2023-10-02 11:28:58,SPT120018W
2023-10-02 11:28:59,SPT120018W
2023-10-02 11:30:13,SPT120018W
2023-10-02 11:30:19,SPT120018W
2023-10-02 11:30:56,SPT120018W
2023-10-02 11:31:13,SPT120018W
2023-10-02 11:31:47,SPT120018W
2023-10-02 11:32:23,SPT120018W
2023-10-02 11:32:40,SPT120018W
2023-10-02 11:34:00,SPT120018W
2023-10-02 11:34:10,SPT120018W
2023-10-02 11:35:28,SPT120018W
2023-10-02 11:36:07,SPT120018W
2023-10-02 11:37:06,SPT120018W
2023-10-02 11:37:42,SPT120018W
2023-10-02 11:38:04,SPT120018W
2023-10-02 11:38:22,SPT120018W
2023-10-02 11:39:19,SPT120018W
2023-10-02 11:39:51,SPT120018W
2023-10-02 11:41:24,SPT120018W
2023-10-02 11:42:22,SPT120018W
2023-10-02 11:43:17,SPT120018W
2023-10-02 11:43:38,SPT120018W
2023-10-02 11:44:34,SPT120018W
2023-10-02 11:44:48,SPT120018W
2023-10-02 11:45:43,SPT120018W
2023-10-02 11:46:06,SPT120018W
2023-10-02 11:46:37,SPT120018W
2023-10-02 11:47:02,SPT120018W
2023-10-02 11:47:48,SPT120018W
2023-10-02 11:48:47,SPT120018W
2023-10-02 11:49:07,SPT120018W
2023-10-02 11:49:39,SPT120018W
2023-10-02 11:51:07,SPT120018W
2023-10-02 11:52:02,SPT120018W
2023-10-02 11:52:06,SPT120018W
2023-10-02 11:53:16,SPT120018W
2023-10-02 11:53:25,SPT120018W
2023-10-02 11:54:16,SPT120018W
2023-10-02 11:54:22,SPT120018W
2023-10-02 11:55:13,SPT120018W
2023-10-02 11:56:27,SPT120018W
2023-10-02 11:57:05,SPT120018W
2023-10-02 11:57:25,SPT120018W
2023-10-02 11:58:15,SPT120018W
2023-10-02 11:58:19,SPT120018W
2023-10-02 11:59:09,SPT120018W
2023-10-02 11:59:19,SPT120018W
2023-10-02 12:00:57,SPT120018W
2023-10-02 12:01:46,SPT120018W
2023-10-02 12:02:24,SPT120018W
2023-10-02 12:02:37,SPT120018W
2023-10-02 12:03:34,SPT120018W
2023-10-02 12:03:35,SPT120018W
2023-10-02 12:04:32,SPT120018W
2023-10-02 12:04:47,SPT120018W
2023-10-02 12:05:29,SPT120018W
2023-10-02 12:06:07,SPT120018W
2023-10-02 12:07:03,SPT120018W
2023-10-02 12:07:12,SPT120018W
2023-10-02 12:07:58,SPT120018W
2023-10-02 12:09:02,SPT120018W
2023-10-02 12:09:37,SPT120018W
2023-10-02 12:10:40,SPT120018W
2023-10-02 12:11:05,SPT120018W
2023-10-02 12:11:51,SPT120018W
2023-10-02 12:11:59,SPT120018W
2023-10-02 12:12:58,SPT120018W
2023-10-02 12:13:31,SPT120018W
2023-10-02 12:14:58,SPT120018W
2023-10-02 12:15:25,SPT120018W
2023-10-02 12:16:25,SPT120018W
2023-10-02 12:16:57,SPT120018W
2023-10-02 12:17:15,SPT120018W
2023-10-02 12:17:54,SPT120018W
2023-10-02 12:18:53,SPT120018W
2023-10-02 12:19:48,SPT120018W
2023-10-02 12:20:00,SPT120018W
2023-10-02 12:20:53,SPT120018W
2023-10-02 12:22:21,SPT120018W
2023-10-02 12:22:37,SPT120018W
2023-10-02 12:23:33,SPT120018W
2023-10-02 12:23:41,SPT120018W
2023-10-02 12:24:32,SPT120018W
2023-10-02 12:24:37,SPT120018W
2023-10-02 12:25:31,SPT120018W
2023-10-02 12:27:28,SPT120018W
2023-10-02 12:27:58,SPT120018W
2023-10-02 12:28:40,SPT120018W
2023-10-02 12:28:52,SPT120018W
2023-10-02 12:29:44,SPT120018W
2023-10-02 12:29:49,SPT120018W
2023-10-02 12:30:36,SPT120018W
2023-10-02 12:31:11,SPT120018W
2023-10-02 12:31:29,SPT120018W
2023-10-02 12:32:11,SPT120018W
2023-10-02 12:33:50,SPT120018W
2023-10-02 12:34:30,SPT120018W
2023-10-02 12:34:55,SPT120018W
2023-10-02 12:35:29,SPT120018W
2023-10-02 12:36:24,SPT120018W
2023-10-02 12:36:50,SPT120018W
2023-10-02 12:37:18,SPT120018W
2023-10-02 12:37:59,SPT120018W
2023-10-02 12:38:40,SPT120018W
2023-10-02 12:39:45,SPT120018W
2023-10-02 12:39:45,SPT120018W
2023-10-02 12:41:04,SPT120018W
2023-10-02 12:41:12,SPT120018W
2023-10-02 12:43:24,SPT120018W
2023-10-02 12:43:26,SPT120018W
2023-10-02 12:44:17,SPT120018W
2023-10-02 12:44:32,SPT120018W
2023-10-02 12:45:16,SPT120018W
2023-10-02 12:45:21,SPT120018W
2023-10-02 12:46:12,SPT120018W
2023-10-02 12:47:28,SPT120018W
2023-10-02 12:47:35,SPT120018W
2023-10-02 12:48:51,SPT120018W
2023-10-02 12:48:56,SPT120018W
2023-10-02 12:49:53,SPT120018W
2023-10-02 12:50:27,SPT120018W
2023-10-02 12:51:25,SPT120018W
2023-10-02 12:51:32,SPT120018W
2023-10-02 12:52:26,SPT120018W
2023-10-02 12:52:38,SPT120018W
2023-10-02 12:53:30,SPT120018W
2023-10-02 12:53:33,SPT120018W
2023-10-02 12:54:44,SPT120018W
2023-10-02 12:55:24,SPT120018W
2023-10-02 12:55:58,SPT120018W
2023-10-02 12:56:54,SPT120018W
2023-10-02 12:57:31,SPT120018W
2023-10-02 12:58:31,SPT120018W
2023-10-02 12:58:56,SPT120018W
2023-10-02 14:00:26,SPT120018W
2023-10-02 14:01:34,SPT120018W
2023-10-02 14:01:43,SPT120018W
2023-10-02 14:02:47,SPT120018W
2023-10-02 14:02:55,SPT120018W
2023-10-02 14:04:21,SPT120018W
2023-10-02 14:04:34,SPT120018W
2023-10-02 14:05:16,SPT120018W
2023-10-02 14:06:09,SPT120018W
2023-10-02 14:06:10,SPT120018W
2023-10-02 14:07:03,SPT120018W
2023-10-02 14:07:21,SPT120018W
2023-10-02 14:09:48,SPT120018W
2023-10-02 14:10:27,SPT120018W
2023-10-02 14:11:20,SPT120018W
2023-10-02 14:11:45,SPT120018W
2023-10-02 14:13:30,SPT120018W
2023-10-02 14:13:48,SPT120018W
2023-10-02 14:14:28,SPT120018W
2023-10-02 14:15:01,SPT120018W
2023-10-02 14:15:42,SPT120018W
2023-10-02 14:15:57,SPT120018W
2023-10-02 14:17:09,SPT120018W
2023-10-02 14:17:21,SPT120018W
2023-10-02 14:18:40,SPT120018W
2023-10-02 14:19:03,SPT120018W
2023-10-02 14:20:09,SPT120018W
2023-10-02 14:21:09,SPT120018W
2023-10-02 14:21:17,SPT120018W
2023-10-02 14:22:20,SPT120018W
2023-10-02 14:23:17,SPT120018W
2023-10-02 14:23:44,SPT120018W
2023-10-02 14:24:35,SPT120018W
2023-10-02 14:24:59,SPT120018W
2023-10-02 14:26:10,SPT120018W
2023-10-02 14:26:11,SPT120018W
2023-10-02 14:27:05,SPT120018W
2023-10-02 14:27:08,SPT120018W
2023-10-02 14:28:15,SPT120018W
2023-10-02 14:28:34,SPT120018W
2023-10-02 14:29:31,SPT120018W
2023-10-02 14:29:55,SPT120018W
2023-10-02 14:30:24,SPT120018W
2023-10-02 14:31:01,SPT120018W
2023-10-02 14:31:16,SPT120018W
2023-10-02 14:31:53,SPT120018W
2023-10-02 14:32:21,SPT120018W
2023-10-02 14:33:29,SPT120018W
2023-10-02 14:33:34,SPT120018W
2023-10-02 14:34:30,SPT120018W
2023-10-02 14:35:04,SPT120018W
2023-10-02 14:35:39,SPT120018W
2023-10-02 14:36:11,SPT120018W
2023-10-02 14:36:19,SPT120018W
2023-10-02 14:37:26,SPT120018W
2023-10-02 14:37:52,SPT120018W
2023-10-02 14:38:14,SPT120018W
2023-10-02 14:39:54,SPT120018W
2023-10-02 14:40:53,SPT120018W
2023-10-02 14:41:07,SPT120018W
2023-10-02 14:42:08,SPT120018W
2023-10-02 14:42:27,SPT120018W
2023-10-02 14:43:31,SPT120018W
2023-10-02 14:43:42,SPT120018W
2023-10-02 14:45:02,SPT120018W
2023-10-02 14:45:47,SPT120018W
2023-10-02 14:46:05,SPT120018W
2023-10-02 14:47:08,SPT120018W
2023-10-02 14:47:15,SPT120018W
2023-10-02 14:48:04,SPT120018W
2023-10-02 14:48:48,SPT120018W
2023-10-02 14:49:01,SPT120018W
2023-10-02 14:49:55,SPT120018W
2023-10-02 14:50:42,SPT120018W
2023-10-02 14:51:41,SPT120018W
2023-10-02 14:52:21,SPT120018W
2023-10-02 14:53:45,SPT120018W
2023-10-02 14:54:41,SPT120018W
2023-10-02 14:55:10,SPT120018W
2023-10-02 14:56:14,SPT120018W
2023-10-02 14:56:19,SPT120018W
2023-10-02 14:57:09,SPT120018W
2023-10-02 14:57:21,SPT120018W
2023-10-02 14:58:15,SPT120018W
2023-10-02 14:58:29,SPT120018W
2023-10-02 15:00:17,SPT120018W
2023-10-02 15:00:33,SPT120018W
2023-10-02 15:01:27,SPT120018W
2023-10-02 15:02:19,SPT120018W
2023-10-02 15:02:38,SPT120018W
2023-10-02 15:03:37,SPT120018W
2023-10-02 15:03:39,SPT120018W
2023-10-02 15:04:31,SPT120018W
2023-10-02 15:05:02,SPT120018W
2023-10-02 15:05:25,SPT120018W
2023-10-02 15:05:53,SPT120018W
2023-10-02 15:06:56,SPT120018W
2023-10-02 15:07:26,SPT120018W
2023-10-02 15:08:36,SPT120018W
2023-10-02 15:08:50,SPT120018W
2023-10-02 15:10:33,SPT120018W
2023-10-02 15:10:41,SPT120018W
2023-10-02 15:11:37,SPT120018W
2023-10-02 15:12:03,SPT120018W
2023-10-02 15:12:55,SPT120018W
2023-10-02 15:12:55,SPT120018W
2023-10-02 15:13:47,SPT120018W
2023-10-02 15:15:02,SPT120018W
2023-10-02 15:15:37,SPT120018W
2023-10-02 15:16:03,SPT120018W
2023-10-02 15:16:27,SPT120018W
2023-10-02 15:17:20,SPT120018W
2023-10-02 15:18:09,SPT120018W
2023-10-02 15:18:25,SPT120018W
2023-10-02 15:19:23,SPT120018W
2023-10-02 15:19:59,SPT120018W
2023-10-02 15:20:35,SPT120018W
2023-10-02 15:21:10,SPT120018W
2023-10-02 15:21:33,SPT120018W
2023-10-02 15:22:27,SPT120018W
2023-10-02 15:22:35,SPT120018W
2023-10-02 15:23:54,SPT120018W
2023-10-02 15:25:00,SPT120018W
2023-10-02 15:26:09,SPT120018W
2023-10-02 15:26:31,SPT120018W
2023-10-02 15:27:28,SPT120018W
2023-10-02 15:27:35,SPT120018W
2023-10-02 15:28:22,SPT120018W
2023-10-02 15:29:24,SPT120018W
2023-10-02 15:29:25,SPT120018W
2023-10-02 15:30:19,SPT120018W
2023-10-02 15:30:21,SPT120018W
2023-10-02 15:31:15,SPT120018W
2023-10-02 15:31:29,SPT120018W
2023-10-02 15:32:31,SPT120018W
2023-10-02 15:34:25,SPT120018W
2023-10-02 15:37:14,SPT120018W
2023-10-02 15:37:36,SPT120018W
2023-10-02 15:38:06,SPT120018W
2023-10-02 15:38:33,SPT120018W
2023-10-02 15:39:32,SPT120018W
2023-10-02 15:41:05,SPT120018W
2023-10-02 15:41:08,SPT120018W
2023-10-02 15:42:02,SPT120018W
2023-10-02 15:42:41,SPT120018W
2023-10-02 15:44:52,SPT120018W
2023-10-02 15:45:25,SPT120018W
2023-10-02 15:45:46,SPT120018W
2023-10-02 15:46:26,SPT120018W
2023-10-02 15:47:36,SPT120018W
2023-10-02 15:48:19,SPT120018W
2023-10-02 15:49:22,SPT120018W
2023-10-02 15:49:36,SPT120018W
2023-10-02 15:50:50,SPT120018W
2023-10-02 15:51:47,SPT120018W
2023-10-02 15:52:00,SPT120018W
2023-10-02 15:53:13,SPT120018W
2023-10-02 15:53:38,SPT120018W
2023-10-02 15:54:52,SPT120018W
2023-10-02 15:55:53,SPT120018W
2023-10-02 15:56:24,SPT120018W
